date,strategyVersion,gapDownCandidates,rsiPassed,signals,action,decisionReason
2018-01-02,opening_gapdown_v1,0,0,0,no_signal,no_gapdown_candidates
2018-01-03,opening_gapdown_v1,0,0,0,no_signal,no_gapdown_candidates
2018-01-04,opening_gapdown_v1,0,0,0,no_signal,no_gapdown_candidates
2018-01-05,opening_gapdown_v1,0,0,0,no_signal,no_gapdown_candidates
2018-01-08,opening_gapdown_v1,0,0,0,no_signal,no_gapdown_candidates
2018-01-09,opening_gapdown_v1,0,0,0,no_signal,no_gapdown_candidates
2018-01-10,opening_gapdown_v1,0,0,0,no_signal,no_gapdown_candidates
2018-01-11,opening_gapdown_v1,0,0,0,no_signal,no_gapdown_candidates
2018-01-12,opening_gapdown_v1,0,0,0,no_signal,no_gapdown_candidates
2018-01-15,opening_gapdown_v1,0,0,0,no_signal,no_gapdown_candidates
2018-01-16,opening_gapdown_v1,0,0,0,no_signal,no_gapdown_candidates
2018-01-17,opening_gapdown_v1,0,0,0,no_signal,no_gapdown_candidates
2018-01-18,opening_gapdown_v1,0,0,0,no_signal,no_gapdown_candidates
2018-01-19,opening_gapdown_v1,0,0,0,no_signal,no_gapdown_candidates
2018-01-22,opening_gapdown_v1,0,0,0,no_signal,no_gapdown_candidates
2018-01-23,opening_gapdown_v1,0,0,0,no_signal,no_gapdown_candidates
2018-01-24,opening_gapdown_v1,0,0,0,no_signal,no_gapdown_candidates
2018-01-25,opening_gapdown_v1,0,0,0,no_signal,no_gapdown_candidates
2018-01-26,opening_gapdown_v1,0,0,0,no_signal,no_gapdown_candidates
2018-01-29,opening_gapdown_v1,0,0,0,no_signal,no_gapdown_candidates
2018-01-30,opening_gapdown_v1,0,0,0,no_signal,no_gapdown_candidates
2018-01-31,opening_gapdown_v1,0,0,0,no_signal,no_gapdown_candidates
2018-02-01,opening_gapdown_v1,0,0,0,no_signal,no_gapdown_candidates
2018-02-02,opening_gapdown_v1,0,0,0,no_signal,no_gapdown_candidates
2018-02-05,opening_gapdown_v1,0,0,0,no_signal,no_gapdown_candidates
2018-02-06,opening_gapdown_v1,0,0,0,no_signal,no_gapdown_candidates
2018-02-07,opening_gapdown_v1,0,0,0,no_signal,no_gapdown_candidates
2018-02-08,opening_gapdown_v1,0,0,0,no_signal,no_gapdown_candidates
2018-02-09,opening_gapdown_v1,0,0,0,no_signal,no_gapdown_candidates
2018-02-12,opening_gapdown_v1,0,0,0,no_signal,no_gapdown_candidates
2018-02-13,opening_gapdown_v1,0,0,0,no_signal,no_gapdown_candidates
2018-02-14,opening_gapdown_v1,0,0,0,no_signal,no_gapdown_candidates
2018-02-19,opening_gapdown_v1,0,0,0,no_signal,no_gapdown_candidates
2018-02-20,opening_gapdown_v1,0,0,0,no_signal,no_gapdown_candidates
2018-02-21,opening_gapdown_v1,0,0,0,no_signal,no_gapdown_candidates
2018-02-22,opening_gapdown_v1,0,0,0,no_signal,no_gapdown_candidates
2018-02-23,opening_gapdown_v1,0,0,0,no_signal,no_gapdown_candidates
2018-02-26,opening_gapdown_v1,0,0,0,no_signal,no_gapdown_candidates
2018-02-27,opening_gapdown_v1,0,0,0,no_signal,no_gapdown_candidates
2018-02-28,opening_gapdown_v1,0,0,0,no_signal,no_gapdown_candidates
2018-03-02,opening_gapdown_v1,0,0,0,no_signal,no_gapdown_candidates
2018-03-05,opening_gapdown_v1,0,0,0,no_signal,no_gapdown_candidates
2018-03-06,opening_gapdown_v1,0,0,0,no_signal,no_gapdown_candidates
2018-03-07,opening_gapdown_v1,0,0,0,no_signal,no_gapdown_candidates
2018-03-08,opening_gapdown_v1,0,0,0,no_signal,no_gapdown_candidates
2018-03-09,opening_gapdown_v1,0,0,0,no_signal,no_gapdown_candidates
2018-03-12,opening_gapdown_v1,0,0,0,no_signal,no_gapdown_candidates
2018-03-13,opening_gapdown_v1,0,0,0,no_signal,no_gapdown_candidates
2018-03-14,opening_gapdown_v1,0,0,0,no_signal,no_gapdown_candidates
2018-03-15,opening_gapdown_v1,0,0,0,no_signal,no_gapdown_candidates
2018-03-16,opening_gapdown_v1,0,0,0,no_signal,no_gapdown_candidates
2018-03-19,opening_gapdown_v1,0,0,0,no_signal,no_gapdown_candidates
2018-03-20,opening_gapdown_v1,0,0,0,no_signal,no_gapdown_candidates
2018-03-21,opening_gapdown_v1,0,0,0,no_signal,no_gapdown_candidates
2018-03-22,opening_gapdown_v1,0,0,0,no_signal,no_gapdown_candidates
2018-03-23,opening_gapdown_v1,0,0,0,no_signal,no_gapdown_candidates
2018-03-26,opening_gapdown_v1,0,0,0,no_signal,no_gapdown_candidates
2018-03-27,opening_gapdown_v1,0,0,0,no_signal,no_gapdown_candidates
2018-03-28,opening_gapdown_v1,0,0,0,no_signal,no_gapdown_candidates
2018-03-29,opening_gapdown_v1,0,0,0,no_signal,no_gapdown_candidates
2018-03-30,opening_gapdown_v1,7,1,1,signal,
2018-04-02,opening_gapdown_v1,6,0,0,no_signal,no_candidate_with_rsi14_prev<30
2018-04-03,opening_gapdown_v1,99,1,1,signal,
2018-04-04,opening_gapdown_v1,10,1,1,signal,
2018-04-05,opening_gapdown_v1,8,1,1,signal,
2018-04-06,opening_gapdown_v1,19,0,0,no_signal,no_candidate_with_rsi14_prev<30
2018-04-09,opening_gapdown_v1,13,1,1,signal,
2018-04-10,opening_gapdown_v1,13,0,0,no_signal,no_candidate_with_rsi14_prev<30
2018-04-11,opening_gapdown_v1,6,0,0,no_signal,no_candidate_with_rsi14_prev<30
2018-04-12,opening_gapdown_v1,8,0,0,no_signal,no_candidate_with_rsi14_prev<30
2018-04-13,opening_gapdown_v1,18,1,1,signal,
2018-04-16,opening_gapdown_v1,10,0,0,no_signal,no_candidate_with_rsi14_prev<30
2018-04-17,opening_gapdown_v1,8,0,0,no_signal,no_candidate_with_rsi14_prev<30
2018-04-18,opening_gapdown_v1,6,0,0,no_signal,no_candidate_with_rsi14_prev<30
2018-04-19,opening_gapdown_v1,35,0,0,no_signal,no_candidate_with_rsi14_prev<30
2018-04-20,opening_gapdown_v1,30,0,0,no_signal,no_candidate_with_rsi14_prev<30
2018-04-23,opening_gapdown_v1,33,0,0,no_signal,no_candidate_with_rsi14_prev<30
2018-04-24,opening_gapdown_v1,19,0,0,no_signal,no_candidate_with_rsi14_prev<30
2018-04-25,opening_gapdown_v1,74,0,0,no_signal,no_candidate_with_rsi14_prev<30
2018-04-26,opening_gapdown_v1,21,0,0,no_signal,no_candidate_with_rsi14_prev<30
2018-04-27,opening_gapdown_v1,14,1,1,signal,
2018-04-30,opening_gapdown_v1,29,0,0,no_signal,no_candidate_with_rsi14_prev<30
2018-05-02,opening_gapdown_v1,137,0,0,no_signal,no_candidate_with_rsi14_prev<30
2018-05-03,opening_gapdown_v1,66,0,0,no_signal,no_candidate_with_rsi14_prev<30
2018-05-04,opening_gapdown_v1,51,1,1,signal,
2018-05-08,opening_gapdown_v1,109,1,1,signal,
2018-05-09,opening_gapdown_v1,20,2,2,signal,
2018-05-10,opening_gapdown_v1,9,1,1,signal,
2018-05-11,opening_gapdown_v1,32,0,0,no_signal,no_candidate_with_rsi14_prev<30
2018-05-14,opening_gapdown_v1,19,0,0,no_signal,no_candidate_with_rsi14_prev<30
2018-05-15,opening_gapdown_v1,18,0,0,no_signal,no_candidate_with_rsi14_prev<30
2018-05-16,opening_gapdown_v1,318,0,0,no_signal,no_candidate_with_rsi14_prev<30
2018-05-17,opening_gapdown_v1,12,1,1,signal,
2018-05-18,opening_gapdown_v1,10,0,0,no_signal,no_candidate_with_rsi14_prev<30
2018-05-21,opening_gapdown_v1,19,0,0,no_signal,no_candidate_with_rsi14_prev<30
2018-05-23,opening_gapdown_v1,82,0,0,no_signal,no_candidate_with_rsi14_prev<30
2018-05-24,opening_gapdown_v1,7,0,0,no_signal,no_candidate_with_rsi14_prev<30
2018-05-25,opening_gapdown_v1,244,0,0,no_signal,no_candidate_with_rsi14_prev<30
2018-05-28,opening_gapdown_v1,69,0,0,no_signal,no_candidate_with_rsi14_prev<30
2018-05-29,opening_gapdown_v1,24,0,0,no_signal,no_candidate_with_rsi14_prev<30
2018-05-30,opening_gapdown_v1,11,0,0,no_signal,no_candidate_with_rsi14_prev<30
2018-05-31,opening_gapdown_v1,18,0,0,no_signal,no_candidate_with_rsi14_prev<30
2018-06-01,opening_gapdown_v1,19,1,1,signal,
2018-06-04,opening_gapdown_v1,19,0,0,no_signal,no_candidate_with_rsi14_prev<30
2018-06-05,opening_gapdown_v1,55,0,0,no_signal,no_candidate_with_rsi14_prev<30
2018-06-07,opening_gapdown_v1,10,0,0,no_signal,no_candidate_with_rsi14_prev<30
2018-06-08,opening_gapdown_v1,19,0,0,no_signal,no_candidate_with_rsi14_prev<30
2018-06-11,opening_gapdown_v1,22,0,0,no_signal,no_candidate_with_rsi14_prev<30
2018-06-12,opening_gapdown_v1,8,0,0,no_signal,no_candidate_with_rsi14_prev<30
2018-06-14,opening_gapdown_v1,133,2,2,signal,
2018-06-15,opening_gapdown_v1,25,0,0,no_signal,no_candidate_with_rsi14_prev<30
2018-06-18,opening_gapdown_v1,29,2,2,signal,
2018-06-19,opening_gapdown_v1,28,2,2,signal,
2018-06-20,opening_gapdown_v1,48,4,3,signal,
2018-06-21,opening_gapdown_v1,10,0,0,no_signal,no_candidate_with_rsi14_prev<30
2018-06-22,opening_gapdown_v1,26,3,3,signal,
2018-06-25,opening_gapdown_v1,46,0,0,no_signal,no_candidate_with_rsi14_prev<30
2018-06-26,opening_gapdown_v1,137,4,3,signal,
2018-06-27,opening_gapdown_v1,12,0,0,no_signal,no_candidate_with_rsi14_prev<30
2018-06-28,opening_gapdown_v1,49,1,1,signal,
2018-06-29,opening_gapdown_v1,15,0,0,no_signal,no_candidate_with_rsi14_prev<30
2018-07-02,opening_gapdown_v1,15,1,1,signal,
2018-07-03,opening_gapdown_v1,11,0,0,no_signal,no_candidate_with_rsi14_prev<30
2018-07-04,opening_gapdown_v1,30,1,1,signal,
2018-07-05,opening_gapdown_v1,7,0,0,no_signal,no_candidate_with_rsi14_prev<30
2018-07-06,opening_gapdown_v1,9,0,0,no_signal,no_candidate_with_rsi14_prev<30
2018-07-09,opening_gapdown_v1,67,0,0,no_signal,no_candidate_with_rsi14_prev<30
2018-07-10,opening_gapdown_v1,11,0,0,no_signal,no_candidate_with_rsi14_prev<30
2018-07-11,opening_gapdown_v1,37,0,0,no_signal,no_candidate_with_rsi14_prev<30
2018-07-12,opening_gapdown_v1,8,0,0,no_signal,no_candidate_with_rsi14_prev<30
2018-07-13,opening_gapdown_v1,13,0,0,no_signal,no_candidate_with_rsi14_prev<30
2018-07-16,opening_gapdown_v1,10,1,1,signal,
2018-07-17,opening_gapdown_v1,9,0,0,no_signal,no_candidate_with_rsi14_prev<30
2018-07-18,opening_gapdown_v1,10,1,1,signal,
2018-07-19,opening_gapdown_v1,6,3,3,signal,
2018-07-20,opening_gapdown_v1,19,2,2,signal,
2018-07-23,opening_gapdown_v1,31,4,3,signal,
2018-07-24,opening_gapdown_v1,15,3,3,signal,
2018-07-25,opening_gapdown_v1,9,1,1,signal,
2018-07-26,opening_gapdown_v1,14,0,0,no_signal,no_candidate_with_rsi14_prev<30
2018-07-27,opening_gapdown_v1,13,2,2,signal,
2018-07-30,opening_gapdown_v1,7,1,1,signal,
2018-07-31,opening_gapdown_v1,9,0,0,no_signal,no_candidate_with_rsi14_prev<30
2018-08-01,opening_gapdown_v1,9,0,0,no_signal,no_candidate_with_rsi14_prev<30
2018-08-02,opening_gapdown_v1,8,0,0,no_signal,no_candidate_with_rsi14_prev<30
2018-08-03,opening_gapdown_v1,3,0,0,no_signal,no_candidate_with_rsi14_prev<30
2018-08-06,opening_gapdown_v1,26,0,0,no_signal,no_candidate_with_rsi14_prev<30
2018-08-07,opening_gapdown_v1,6,0,0,no_signal,no_candidate_with_rsi14_prev<30
2018-08-08,opening_gapdown_v1,5,0,0,no_signal,no_candidate_with_rsi14_prev<30
2018-08-09,opening_gapdown_v1,6,0,0,no_signal,no_candidate_with_rsi14_prev<30
2018-08-10,opening_gapdown_v1,19,0,0,no_signal,no_candidate_with_rsi14_prev<30
2018-08-13,opening_gapdown_v1,20,0,0,no_signal,no_candidate_with_rsi14_prev<30
2018-08-14,opening_gapdown_v1,6,0,0,no_signal,no_candidate_with_rsi14_prev<30
2018-08-16,opening_gapdown_v1,108,8,3,signal,
2018-08-17,opening_gapdown_v1,8,2,2,signal,
2018-08-20,opening_gapdown_v1,7,1,1,signal,
2018-08-21,opening_gapdown_v1,1,0,0,no_signal,no_candidate_with_rsi14_prev<30
2018-08-22,opening_gapdown_v1,6,0,0,no_signal,no_candidate_with_rsi14_prev<30
2018-08-23,opening_gapdown_v1,8,0,0,no_signal,no_candidate_with_rsi14_prev<30
2018-08-24,opening_gapdown_v1,7,0,0,no_signal,no_candidate_with_rsi14_prev<30
2018-08-27,opening_gapdown_v1,65,0,0,no_signal,no_candidate_with_rsi14_prev<30
2018-08-28,opening_gapdown_v1,4,0,0,no_signal,no_candidate_with_rsi14_prev<30
2018-08-29,opening_gapdown_v1,16,0,0,no_signal,no_candidate_with_rsi14_prev<30
2018-08-30,opening_gapdown_v1,9,0,0,no_signal,no_candidate_with_rsi14_prev<30
2018-08-31,opening_gapdown_v1,18,0,0,no_signal,no_candidate_with_rsi14_prev<30
2018-09-03,opening_gapdown_v1,4,0,0,no_signal,no_candidate_with_rsi14_prev<30
2018-09-04,opening_gapdown_v1,3,1,1,signal,
2018-09-05,opening_gapdown_v1,3,0,0,no_signal,no_candidate_with_rsi14_prev<30
2018-09-06,opening_gapdown_v1,6,0,0,no_signal,no_candidate_with_rsi14_prev<30
2018-09-07,opening_gapdown_v1,17,0,0,no_signal,no_candidate_with_rsi14_prev<30
2018-09-10,opening_gapdown_v1,19,1,1,signal,
2018-09-11,opening_gapdown_v1,16,0,0,no_signal,no_candidate_with_rsi14_prev<30
2018-09-12,opening_gapdown_v1,3,1,1,signal,
2018-09-13,opening_gapdown_v1,14,0,0,no_signal,no_candidate_with_rsi14_prev<30
2018-09-14,opening_gapdown_v1,11,0,0,no_signal,no_candidate_with_rsi14_prev<30
2018-09-17,opening_gapdown_v1,10,0,0,no_signal,no_candidate_with_rsi14_prev<30
2018-09-18,opening_gapdown_v1,14,2,2,signal,
2018-09-19,opening_gapdown_v1,10,0,0,no_signal,no_candidate_with_rsi14_prev<30
2018-09-20,opening_gapdown_v1,8,0,0,no_signal,no_candidate_with_rsi14_prev<30
2018-09-21,opening_gapdown_v1,19,0,0,no_signal,no_candidate_with_rsi14_prev<30
2018-09-27,opening_gapdown_v1,21,2,2,signal,
2018-09-28,opening_gapdown_v1,14,0,0,no_signal,no_candidate_with_rsi14_prev<30
2018-10-01,opening_gapdown_v1,13,0,0,no_signal,no_candidate_with_rsi14_prev<30
2018-10-02,opening_gapdown_v1,17,0,0,no_signal,no_candidate_with_rsi14_prev<30
2018-10-04,opening_gapdown_v1,4,0,0,no_signal,no_candidate_with_rsi14_prev<30
2018-10-05,opening_gapdown_v1,50,5,3,signal,
2018-10-08,opening_gapdown_v1,32,3,3,signal,
2018-10-10,opening_gapdown_v1,34,2,2,signal,
2018-10-11,opening_gapdown_v1,495,128,3,signal,
2018-10-12,opening_gapdown_v1,156,91,3,signal,
2018-10-15,opening_gapdown_v1,9,2,2,signal,
2018-10-16,opening_gapdown_v1,6,1,1,signal,
2018-10-17,opening_gapdown_v1,1,0,0,no_signal,no_candidate_with_rsi14_prev<30
2018-10-18,opening_gapdown_v1,11,0,0,no_signal,no_candidate_with_rsi14_prev<30
2018-10-19,opening_gapdown_v1,50,2,2,signal,
2018-10-22,opening_gapdown_v1,45,0,0,no_signal,no_candidate_with_rsi14_prev<30
2018-10-23,opening_gapdown_v1,17,0,0,no_signal,no_candidate_with_rsi14_prev<30
2018-10-24,opening_gapdown_v1,2,0,0,no_signal,no_candidate_with_rsi14_prev<30
2018-10-25,opening_gapdown_v1,381,80,3,signal,
2018-10-26,opening_gapdown_v1,7,2,2,signal,
2018-10-29,opening_gapdown_v1,79,27,3,signal,
2018-10-30,opening_gapdown_v1,282,182,3,signal,
2018-10-31,opening_gapdown_v1,11,2,2,signal,
2018-11-01,opening_gapdown_v1,6,1,1,signal,
2018-11-02,opening_gapdown_v1,5,1,1,signal,
2018-11-05,opening_gapdown_v1,38,0,0,no_signal,no_candidate_with_rsi14_prev<30
2018-11-06,opening_gapdown_v1,7,0,0,no_signal,no_candidate_with_rsi14_prev<30
2018-11-07,opening_gapdown_v1,2,0,0,no_signal,no_candidate_with_rsi14_prev<30
2018-11-08,opening_gapdown_v1,2,0,0,no_signal,no_candidate_with_rsi14_prev<30
2018-11-09,opening_gapdown_v1,4,0,0,no_signal,no_candidate_with_rsi14_prev<30
2018-11-12,opening_gapdown_v1,85,1,1,signal,
2018-11-13,opening_gapdown_v1,200,7,3,signal,
2018-11-14,opening_gapdown_v1,12,0,0,no_signal,no_candidate_with_rsi14_prev<30
2018-11-15,opening_gapdown_v1,34,1,1,signal,
2018-11-16,opening_gapdown_v1,2,0,0,no_signal,no_candidate_with_rsi14_prev<30
2018-11-19,opening_gapdown_v1,6,0,0,no_signal,no_candidate_with_rsi14_prev<30
2018-11-20,opening_gapdown_v1,160,2,2,signal,
2018-11-21,opening_gapdown_v1,75,3,3,signal,
2018-11-22,opening_gapdown_v1,2,0,0,no_signal,no_candidate_with_rsi14_prev<30
2018-11-23,opening_gapdown_v1,7,0,0,no_signal,no_candidate_with_rsi14_prev<30
2018-11-26,opening_gapdown_v1,10,0,0,no_signal,no_candidate_with_rsi14_prev<30
2018-11-27,opening_gapdown_v1,10,0,0,no_signal,no_candidate_with_rsi14_prev<30
2018-11-28,opening_gapdown_v1,1,0,0,no_signal,no_candidate_with_rsi14_prev<30
2018-11-29,opening_gapdown_v1,4,0,0,no_signal,no_candidate_with_rsi14_prev<30
2018-11-30,opening_gapdown_v1,8,1,1,signal,
2018-12-03,opening_gapdown_v1,2,0,0,no_signal,no_candidate_with_rsi14_prev<30
2018-12-04,opening_gapdown_v1,4,0,0,no_signal,no_candidate_with_rsi14_prev<30
2018-12-05,opening_gapdown_v1,212,0,0,no_signal,no_candidate_with_rsi14_prev<30
2018-12-06,opening_gapdown_v1,12,2,2,signal,
2018-12-07,opening_gapdown_v1,7,1,1,signal,
2018-12-10,opening_gapdown_v1,161,1,1,signal,
2018-12-11,opening_gapdown_v1,8,0,0,no_signal,no_candidate_with_rsi14_prev<30
2018-12-12,opening_gapdown_v1,7,1,1,signal,
2018-12-13,opening_gapdown_v1,5,0,0,no_signal,no_candidate_with_rsi14_prev<30
2018-12-14,opening_gapdown_v1,5,0,0,no_signal,no_candidate_with_rsi14_prev<30
2018-12-17,opening_gapdown_v1,18,0,0,no_signal,no_candidate_with_rsi14_prev<30
2018-12-18,opening_gapdown_v1,113,8,3,signal,
2018-12-19,opening_gapdown_v1,12,0,0,no_signal,no_candidate_with_rsi14_prev<30
2018-12-20,opening_gapdown_v1,26,2,2,signal,
2018-12-21,opening_gapdown_v1,17,1,1,signal,
2018-12-24,opening_gapdown_v1,19,1,1,signal,
2018-12-26,opening_gapdown_v1,195,10,3,signal,
2018-12-27,opening_gapdown_v1,29,0,0,no_signal,no_candidate_with_rsi14_prev<30
2018-12-28,opening_gapdown_v1,11,0,0,no_signal,no_candidate_with_rsi14_prev<30
2019-01-02,opening_gapdown_v1,0,0,0,no_signal,no_gapdown_candidates
2019-01-03,opening_gapdown_v1,4,1,1,signal,
2019-01-04,opening_gapdown_v1,26,0,0,no_signal,no_candidate_with_rsi14_prev<30
2019-01-07,opening_gapdown_v1,13,0,0,no_signal,no_candidate_with_rsi14_prev<30
2019-01-08,opening_gapdown_v1,5,1,1,signal,
2019-01-09,opening_gapdown_v1,5,1,1,signal,
2019-01-10,opening_gapdown_v1,3,0,0,no_signal,no_candidate_with_rsi14_prev<30
2019-01-11,opening_gapdown_v1,10,0,0,no_signal,no_candidate_with_rsi14_prev<30
2019-01-14,opening_gapdown_v1,9,0,0,no_signal,no_candidate_with_rsi14_prev<30
2019-01-15,opening_gapdown_v1,11,1,1,signal,
2019-01-16,opening_gapdown_v1,4,0,0,no_signal,no_candidate_with_rsi14_prev<30
2019-01-17,opening_gapdown_v1,9,0,0,no_signal,no_candidate_with_rsi14_prev<30
2019-01-18,opening_gapdown_v1,13,1,1,signal,
2019-01-21,opening_gapdown_v1,8,0,0,no_signal,no_candidate_with_rsi14_prev<30
2019-01-22,opening_gapdown_v1,11,0,0,no_signal,no_candidate_with_rsi14_prev<30
2019-01-23,opening_gapdown_v1,23,0,0,no_signal,no_candidate_with_rsi14_prev<30
2019-01-24,opening_gapdown_v1,8,0,0,no_signal,no_candidate_with_rsi14_prev<30
2019-01-25,opening_gapdown_v1,14,0,0,no_signal,no_candidate_with_rsi14_prev<30
2019-01-28,opening_gapdown_v1,8,0,0,no_signal,no_candidate_with_rsi14_prev<30
2019-01-29,opening_gapdown_v1,15,0,0,no_signal,no_candidate_with_rsi14_prev<30
2019-01-30,opening_gapdown_v1,7,0,0,no_signal,no_candidate_with_rsi14_prev<30
2019-01-31,opening_gapdown_v1,12,0,0,no_signal,no_candidate_with_rsi14_prev<30
2019-02-01,opening_gapdown_v1,16,0,0,no_signal,no_candidate_with_rsi14_prev<30
2019-02-07,opening_gapdown_v1,12,1,1,signal,
2019-02-08,opening_gapdown_v1,27,1,1,signal,
2019-02-11,opening_gapdown_v1,6,0,0,no_signal,no_candidate_with_rsi14_prev<30
2019-02-12,opening_gapdown_v1,16,1,1,signal,
2019-02-13,opening_gapdown_v1,10,2,2,signal,
2019-02-14,opening_gapdown_v1,15,0,0,no_signal,no_candidate_with_rsi14_prev<30
2019-02-15,opening_gapdown_v1,27,0,0,no_signal,no_candidate_with_rsi14_prev<30
2019-02-18,opening_gapdown_v1,5,2,2,signal,
2019-02-19,opening_gapdown_v1,9,0,0,no_signal,no_candidate_with_rsi14_prev<30
2019-02-20,opening_gapdown_v1,11,0,0,no_signal,no_candidate_with_rsi14_prev<30
2019-02-21,opening_gapdown_v1,7,0,0,no_signal,no_candidate_with_rsi14_prev<30
2019-02-22,opening_gapdown_v1,10,1,1,signal,
2019-02-25,opening_gapdown_v1,14,0,0,no_signal,no_candidate_with_rsi14_prev<30
2019-02-26,opening_gapdown_v1,10,0,0,no_signal,no_candidate_with_rsi14_prev<30
2019-02-27,opening_gapdown_v1,4,0,0,no_signal,no_candidate_with_rsi14_prev<30
2019-02-28,opening_gapdown_v1,10,0,0,no_signal,no_candidate_with_rsi14_prev<30
2019-03-04,opening_gapdown_v1,112,17,3,signal,
2019-03-05,opening_gapdown_v1,11,0,0,no_signal,no_candidate_with_rsi14_prev<30
2019-03-06,opening_gapdown_v1,5,0,0,no_signal,no_candidate_with_rsi14_prev<30
2019-03-07,opening_gapdown_v1,21,3,3,signal,
2019-03-08,opening_gapdown_v1,35,5,3,signal,
2019-03-11,opening_gapdown_v1,11,0,0,no_signal,no_candidate_with_rsi14_prev<30
2019-03-12,opening_gapdown_v1,2,0,0,no_signal,no_candidate_with_rsi14_prev<30
2019-03-13,opening_gapdown_v1,11,1,1,signal,
2019-03-14,opening_gapdown_v1,8,0,0,no_signal,no_candidate_with_rsi14_prev<30
2019-03-15,opening_gapdown_v1,12,0,0,no_signal,no_candidate_with_rsi14_prev<30
2019-03-18,opening_gapdown_v1,18,3,3,signal,
2019-03-19,opening_gapdown_v1,7,0,0,no_signal,no_candidate_with_rsi14_prev<30
2019-03-20,opening_gapdown_v1,18,2,2,signal,
2019-03-21,opening_gapdown_v1,13,0,0,no_signal,no_candidate_with_rsi14_prev<30
2019-03-22,opening_gapdown_v1,15,1,1,signal,
2019-03-25,opening_gapdown_v1,208,5,3,signal,
2019-03-26,opening_gapdown_v1,2,0,0,no_signal,no_candidate_with_rsi14_prev<30
2019-03-27,opening_gapdown_v1,5,0,0,no_signal,no_candidate_with_rsi14_prev<30
2019-03-28,opening_gapdown_v1,15,1,1,signal,
2019-03-29,opening_gapdown_v1,10,2,2,signal,
2019-04-01,opening_gapdown_v1,6,0,0,no_signal,no_candidate_with_rsi14_prev<30
2019-04-02,opening_gapdown_v1,5,2,2,signal,
2019-04-03,opening_gapdown_v1,7,0,0,no_signal,no_candidate_with_rsi14_prev<30
2019-04-04,opening_gapdown_v1,4,2,2,signal,
2019-04-05,opening_gapdown_v1,12,0,0,no_signal,no_candidate_with_rsi14_prev<30
2019-04-08,opening_gapdown_v1,5,0,0,no_signal,no_candidate_with_rsi14_prev<30
2019-04-09,opening_gapdown_v1,6,1,1,signal,
2019-04-10,opening_gapdown_v1,6,1,1,signal,
2019-04-11,opening_gapdown_v1,3,0,0,no_signal,no_candidate_with_rsi14_prev<30
2019-04-12,opening_gapdown_v1,31,0,0,no_signal,no_candidate_with_rsi14_prev<30
2019-04-15,opening_gapdown_v1,8,1,1,signal,
2019-04-16,opening_gapdown_v1,18,2,2,signal,
2019-04-17,opening_gapdown_v1,18,2,2,signal,
2019-04-18,opening_gapdown_v1,11,0,0,no_signal,no_candidate_with_rsi14_prev<30
2019-04-19,opening_gapdown_v1,6,0,0,no_signal,no_candidate_with_rsi14_prev<30
2019-04-22,opening_gapdown_v1,8,0,0,no_signal,no_candidate_with_rsi14_prev<30
2019-04-23,opening_gapdown_v1,16,0,0,no_signal,no_candidate_with_rsi14_prev<30
2019-04-24,opening_gapdown_v1,3,0,0,no_signal,no_candidate_with_rsi14_prev<30
2019-04-25,opening_gapdown_v1,17,0,0,no_signal,no_candidate_with_rsi14_prev<30
2019-04-26,opening_gapdown_v1,14,1,1,signal,
2019-04-29,opening_gapdown_v1,33,0,0,no_signal,no_candidate_with_rsi14_prev<30
2019-04-30,opening_gapdown_v1,6,0,0,no_signal,no_candidate_with_rsi14_prev<30
2019-05-02,opening_gapdown_v1,17,1,1,signal,
2019-05-03,opening_gapdown_v1,10,0,0,no_signal,no_candidate_with_rsi14_prev<30
2019-05-07,opening_gapdown_v1,195,6,3,signal,
2019-05-08,opening_gapdown_v1,75,2,2,signal,
2019-05-09,opening_gapdown_v1,11,0,0,no_signal,no_candidate_with_rsi14_prev<30
2019-05-10,opening_gapdown_v1,29,4,3,signal,
2019-05-13,opening_gapdown_v1,40,5,3,signal,
2019-05-14,opening_gapdown_v1,206,41,3,signal,
2019-05-15,opening_gapdown_v1,7,3,3,signal,
2019-05-16,opening_gapdown_v1,34,2,2,signal,
2019-05-17,opening_gapdown_v1,21,0,0,no_signal,no_candidate_with_rsi14_prev<30
2019-05-20,opening_gapdown_v1,14,1,1,signal,
2019-05-21,opening_gapdown_v1,32,7,3,signal,
2019-05-22,opening_gapdown_v1,10,0,0,no_signal,no_candidate_with_rsi14_prev<30
2019-05-23,opening_gapdown_v1,19,1,1,signal,
2019-05-24,opening_gapdown_v1,46,3,3,signal,
2019-05-27,opening_gapdown_v1,33,3,3,signal,
2019-05-28,opening_gapdown_v1,15,0,0,no_signal,no_candidate_with_rsi14_prev<30
2019-05-29,opening_gapdown_v1,21,2,2,signal,
2019-05-30,opening_gapdown_v1,7,1,1,signal,
2019-05-31,opening_gapdown_v1,21,1,1,signal,
2019-06-03,opening_gapdown_v1,35,0,0,no_signal,no_candidate_with_rsi14_prev<30
2019-06-04,opening_gapdown_v1,10,1,1,signal,
2019-06-05,opening_gapdown_v1,8,0,0,no_signal,no_candidate_with_rsi14_prev<30
2019-06-07,opening_gapdown_v1,3,0,0,no_signal,no_candidate_with_rsi14_prev<30
2019-06-10,opening_gapdown_v1,11,0,0,no_signal,no_candidate_with_rsi14_prev<30
2019-06-11,opening_gapdown_v1,2,0,0,no_signal,no_candidate_with_rsi14_prev<30
2019-06-12,opening_gapdown_v1,9,0,0,no_signal,no_candidate_with_rsi14_prev<30
2019-06-13,opening_gapdown_v1,6,0,0,no_signal,no_candidate_with_rsi14_prev<30
2019-06-14,opening_gapdown_v1,13,0,0,no_signal,no_candidate_with_rsi14_prev<30
2019-06-17,opening_gapdown_v1,19,0,0,no_signal,no_candidate_with_rsi14_prev<30
2019-06-18,opening_gapdown_v1,13,0,0,no_signal,no_candidate_with_rsi14_prev<30
2019-06-19,opening_gapdown_v1,13,0,0,no_signal,no_candidate_with_rsi14_prev<30
2019-06-20,opening_gapdown_v1,7,0,0,no_signal,no_candidate_with_rsi14_prev<30
2019-06-21,opening_gapdown_v1,7,0,0,no_signal,no_candidate_with_rsi14_prev<30
2019-06-24,opening_gapdown_v1,15,0,0,no_signal,no_candidate_with_rsi14_prev<30
2019-06-25,opening_gapdown_v1,8,0,0,no_signal,no_candidate_with_rsi14_prev<30
2019-06-26,opening_gapdown_v1,8,3,3,signal,
2019-06-27,opening_gapdown_v1,10,0,0,no_signal,no_candidate_with_rsi14_prev<30
2019-06-28,opening_gapdown_v1,17,2,2,signal,
2019-07-01,opening_gapdown_v1,29,1,1,signal,
2019-07-02,opening_gapdown_v1,13,0,0,no_signal,no_candidate_with_rsi14_prev<30
2019-07-03,opening_gapdown_v1,10,0,0,no_signal,no_candidate_with_rsi14_prev<30
2019-07-04,opening_gapdown_v1,12,3,3,signal,
2019-07-05,opening_gapdown_v1,17,1,1,signal,
2019-07-08,opening_gapdown_v1,27,0,0,no_signal,no_candidate_with_rsi14_prev<30
2019-07-09,opening_gapdown_v1,25,3,3,signal,
2019-07-10,opening_gapdown_v1,17,3,3,signal,
2019-07-11,opening_gapdown_v1,10,1,1,signal,
2019-07-12,opening_gapdown_v1,21,1,1,signal,
2019-07-15,opening_gapdown_v1,5,0,0,no_signal,no_candidate_with_rsi14_prev<30
2019-07-16,opening_gapdown_v1,13,1,1,signal,
2019-07-17,opening_gapdown_v1,28,0,0,no_signal,no_candidate_with_rsi14_prev<30
2019-07-18,opening_gapdown_v1,22,0,0,no_signal,no_candidate_with_rsi14_prev<30
2019-07-19,opening_gapdown_v1,13,1,1,signal,
2019-07-22,opening_gapdown_v1,9,0,0,no_signal,no_candidate_with_rsi14_prev<30
2019-07-23,opening_gapdown_v1,7,0,0,no_signal,no_candidate_with_rsi14_prev<30
2019-07-24,opening_gapdown_v1,16,0,0,no_signal,no_candidate_with_rsi14_prev<30
2019-07-25,opening_gapdown_v1,33,1,1,signal,
2019-07-26,opening_gapdown_v1,30,0,0,no_signal,no_candidate_with_rsi14_prev<30
2019-07-29,opening_gapdown_v1,21,5,3,signal,
2019-07-30,opening_gapdown_v1,52,17,3,signal,
2019-07-31,opening_gapdown_v1,21,3,3,signal,
2019-08-01,opening_gapdown_v1,42,3,3,signal,
2019-08-02,opening_gapdown_v1,172,17,3,signal,
2019-08-05,opening_gapdown_v1,31,11,3,signal,
2019-08-06,opening_gapdown_v1,474,208,3,signal,
2019-08-07,opening_gapdown_v1,35,14,3,signal,
2019-08-08,opening_gapdown_v1,15,0,0,no_signal,no_candidate_with_rsi14_prev<30
2019-08-09,opening_gapdown_v1,7,0,0,no_signal,no_candidate_with_rsi14_prev<30
2019-08-12,opening_gapdown_v1,23,1,1,signal,
2019-08-13,opening_gapdown_v1,30,0,0,no_signal,no_candidate_with_rsi14_prev<30
2019-08-14,opening_gapdown_v1,19,0,0,no_signal,no_candidate_with_rsi14_prev<30
2019-08-16,opening_gapdown_v1,119,8,3,signal,
2019-08-19,opening_gapdown_v1,8,0,0,no_signal,no_candidate_with_rsi14_prev<30
2019-08-20,opening_gapdown_v1,4,0,0,no_signal,no_candidate_with_rsi14_prev<30
2019-08-21,opening_gapdown_v1,6,0,0,no_signal,no_candidate_with_rsi14_prev<30
2019-08-22,opening_gapdown_v1,10,0,0,no_signal,no_candidate_with_rsi14_prev<30
2019-08-23,opening_gapdown_v1,52,1,1,signal,
2019-08-26,opening_gapdown_v1,326,5,3,signal,
2019-08-27,opening_gapdown_v1,9,0,0,no_signal,no_candidate_with_rsi14_prev<30
2019-08-28,opening_gapdown_v1,8,0,0,no_signal,no_candidate_with_rsi14_prev<30
2019-08-29,opening_gapdown_v1,8,1,1,signal,
2019-08-30,opening_gapdown_v1,10,0,0,no_signal,no_candidate_with_rsi14_prev<30
2019-09-02,opening_gapdown_v1,26,0,0,no_signal,no_candidate_with_rsi14_prev<30
2019-09-03,opening_gapdown_v1,7,0,0,no_signal,no_candidate_with_rsi14_prev<30
2019-09-04,opening_gapdown_v1,14,0,0,no_signal,no_candidate_with_rsi14_prev<30
2019-09-05,opening_gapdown_v1,12,0,0,no_signal,no_candidate_with_rsi14_prev<30
2019-09-06,opening_gapdown_v1,6,0,0,no_signal,no_candidate_with_rsi14_prev<30
2019-09-09,opening_gapdown_v1,10,0,0,no_signal,no_candidate_with_rsi14_prev<30
2019-09-10,opening_gapdown_v1,6,0,0,no_signal,no_candidate_with_rsi14_prev<30
2019-09-11,opening_gapdown_v1,8,0,0,no_signal,no_candidate_with_rsi14_prev<30
2019-09-16,opening_gapdown_v1,8,0,0,no_signal,no_candidate_with_rsi14_prev<30
2019-09-17,opening_gapdown_v1,56,1,1,signal,
2019-09-18,opening_gapdown_v1,17,1,1,signal,
2019-09-19,opening_gapdown_v1,22,1,1,signal,
2019-09-20,opening_gapdown_v1,14,0,0,no_signal,no_candidate_with_rsi14_prev<30
2019-09-23,opening_gapdown_v1,38,2,2,signal,
2019-09-24,opening_gapdown_v1,51,0,0,no_signal,no_candidate_with_rsi14_prev<30
2019-09-25,opening_gapdown_v1,22,0,0,no_signal,no_candidate_with_rsi14_prev<30
2019-09-26,opening_gapdown_v1,16,2,2,signal,
2019-09-27,opening_gapdown_v1,33,0,0,no_signal,no_candidate_with_rsi14_prev<30
2019-09-30,opening_gapdown_v1,52,2,2,signal,
2019-10-01,opening_gapdown_v1,37,3,3,signal,
2019-10-02,opening_gapdown_v1,56,4,3,signal,
2019-10-04,opening_gapdown_v1,11,0,0,no_signal,no_candidate_with_rsi14_prev<30
2019-10-07,opening_gapdown_v1,57,0,0,no_signal,no_candidate_with_rsi14_prev<30
2019-10-08,opening_gapdown_v1,9,0,0,no_signal,no_candidate_with_rsi14_prev<30
2019-10-10,opening_gapdown_v1,19,0,0,no_signal,no_candidate_with_rsi14_prev<30
2019-10-11,opening_gapdown_v1,9,0,0,no_signal,no_candidate_with_rsi14_prev<30
2019-10-14,opening_gapdown_v1,6,0,0,no_signal,no_candidate_with_rsi14_prev<30
2019-10-15,opening_gapdown_v1,8,0,0,no_signal,no_candidate_with_rsi14_prev<30
2019-10-16,opening_gapdown_v1,5,0,0,no_signal,no_candidate_with_rsi14_prev<30
2019-10-17,opening_gapdown_v1,12,0,0,no_signal,no_candidate_with_rsi14_prev<30
2019-10-18,opening_gapdown_v1,9,0,0,no_signal,no_candidate_with_rsi14_prev<30
2019-10-21,opening_gapdown_v1,12,1,1,signal,
2019-10-22,opening_gapdown_v1,10,0,0,no_signal,no_candidate_with_rsi14_prev<30
2019-10-23,opening_gapdown_v1,26,1,1,signal,
2019-10-24,opening_gapdown_v1,12,0,0,no_signal,no_candidate_with_rsi14_prev<30
2019-10-25,opening_gapdown_v1,15,0,0,no_signal,no_candidate_with_rsi14_prev<30
2019-10-28,opening_gapdown_v1,21,1,1,signal,
2019-10-29,opening_gapdown_v1,11,0,0,no_signal,no_candidate_with_rsi14_prev<30
2019-10-30,opening_gapdown_v1,18,0,0,no_signal,no_candidate_with_rsi14_prev<30
2019-10-31,opening_gapdown_v1,9,0,0,no_signal,no_candidate_with_rsi14_prev<30
2019-11-01,opening_gapdown_v1,17,0,0,no_signal,no_candidate_with_rsi14_prev<30
2019-11-04,opening_gapdown_v1,4,0,0,no_signal,no_candidate_with_rsi14_prev<30
2019-11-05,opening_gapdown_v1,16,0,0,no_signal,no_candidate_with_rsi14_prev<30
2019-11-06,opening_gapdown_v1,12,0,0,no_signal,no_candidate_with_rsi14_prev<30
2019-11-07,opening_gapdown_v1,20,0,0,no_signal,no_candidate_with_rsi14_prev<30
2019-11-08,opening_gapdown_v1,8,0,0,no_signal,no_candidate_with_rsi14_prev<30
2019-11-11,opening_gapdown_v1,11,1,1,signal,
2019-11-12,opening_gapdown_v1,10,0,0,no_signal,no_candidate_with_rsi14_prev<30
2019-11-13,opening_gapdown_v1,11,0,0,no_signal,no_candidate_with_rsi14_prev<30
2019-11-14,opening_gapdown_v1,11,0,0,no_signal,no_candidate_with_rsi14_prev<30
2019-11-15,opening_gapdown_v1,20,0,0,no_signal,no_candidate_with_rsi14_prev<30
2019-11-18,opening_gapdown_v1,8,0,0,no_signal,no_candidate_with_rsi14_prev<30
2019-11-19,opening_gapdown_v1,19,0,0,no_signal,no_candidate_with_rsi14_prev<30
2019-11-20,opening_gapdown_v1,13,0,0,no_signal,no_candidate_with_rsi14_prev<30
2019-11-21,opening_gapdown_v1,19,1,1,signal,
2019-11-22,opening_gapdown_v1,17,0,0,no_signal,no_candidate_with_rsi14_prev<30
2019-11-25,opening_gapdown_v1,14,0,0,no_signal,no_candidate_with_rsi14_prev<30
2019-11-26,opening_gapdown_v1,5,0,0,no_signal,no_candidate_with_rsi14_prev<30
2019-11-27,opening_gapdown_v1,6,0,0,no_signal,no_candidate_with_rsi14_prev<30
2019-11-28,opening_gapdown_v1,14,0,0,no_signal,no_candidate_with_rsi14_prev<30
2019-11-29,opening_gapdown_v1,10,0,0,no_signal,no_candidate_with_rsi14_prev<30
2019-12-02,opening_gapdown_v1,12,0,0,no_signal,no_candidate_with_rsi14_prev<30
2019-12-03,opening_gapdown_v1,40,3,3,signal,
2019-12-04,opening_gapdown_v1,40,3,3,signal,
2019-12-05,opening_gapdown_v1,7,1,1,signal,
2019-12-06,opening_gapdown_v1,14,1,1,signal,
2019-12-09,opening_gapdown_v1,13,1,1,signal,
2019-12-10,opening_gapdown_v1,8,1,1,signal,
2019-12-11,opening_gapdown_v1,9,0,0,no_signal,no_candidate_with_rsi14_prev<30
2019-12-12,opening_gapdown_v1,8,0,0,no_signal,no_candidate_with_rsi14_prev<30
2019-12-13,opening_gapdown_v1,5,0,0,no_signal,no_candidate_with_rsi14_prev<30
2019-12-16,opening_gapdown_v1,2,0,0,no_signal,no_candidate_with_rsi14_prev<30
2019-12-17,opening_gapdown_v1,5,0,0,no_signal,no_candidate_with_rsi14_prev<30
2019-12-18,opening_gapdown_v1,6,0,0,no_signal,no_candidate_with_rsi14_prev<30
2019-12-19,opening_gapdown_v1,7,0,0,no_signal,no_candidate_with_rsi14_prev<30
2019-12-20,opening_gapdown_v1,6,1,1,signal,
2019-12-23,opening_gapdown_v1,8,0,0,no_signal,no_candidate_with_rsi14_prev<30
2019-12-24,opening_gapdown_v1,16,0,0,no_signal,no_candidate_with_rsi14_prev<30
2019-12-26,opening_gapdown_v1,9,2,2,signal,
2019-12-27,opening_gapdown_v1,59,1,1,signal,
2019-12-30,opening_gapdown_v1,4,0,0,no_signal,no_candidate_with_rsi14_prev<30
2020-01-02,opening_gapdown_v1,4,0,0,no_signal,no_candidate_with_rsi14_prev<30
2020-01-03,opening_gapdown_v1,6,0,0,no_signal,no_candidate_with_rsi14_prev<30
2020-01-06,opening_gapdown_v1,180,3,3,signal,
2020-01-07,opening_gapdown_v1,13,0,0,no_signal,no_candidate_with_rsi14_prev<30
2020-01-08,opening_gapdown_v1,46,2,2,signal,
2020-01-09,opening_gapdown_v1,37,0,0,no_signal,no_candidate_with_rsi14_prev<30
2020-01-10,opening_gapdown_v1,4,0,0,no_signal,no_candidate_with_rsi14_prev<30
2020-01-13,opening_gapdown_v1,18,2,2,signal,
2020-01-14,opening_gapdown_v1,4,0,0,no_signal,no_candidate_with_rsi14_prev<30
2020-01-15,opening_gapdown_v1,8,0,0,no_signal,no_candidate_with_rsi14_prev<30
2020-01-16,opening_gapdown_v1,8,0,0,no_signal,no_candidate_with_rsi14_prev<30
2020-01-17,opening_gapdown_v1,2,0,0,no_signal,no_candidate_with_rsi14_prev<30
2020-01-20,opening_gapdown_v1,10,1,1,signal,
2020-01-21,opening_gapdown_v1,7,1,1,signal,
2020-01-22,opening_gapdown_v1,22,1,1,signal,
2020-01-23,opening_gapdown_v1,13,0,0,no_signal,no_candidate_with_rsi14_prev<30
2020-01-28,opening_gapdown_v1,453,7,3,signal,
2020-01-29,opening_gapdown_v1,56,0,0,no_signal,no_candidate_with_rsi14_prev<30
2020-01-30,opening_gapdown_v1,18,1,1,signal,
2020-01-31,opening_gapdown_v1,10,1,1,signal,
2020-02-03,opening_gapdown_v1,374,35,3,signal,
2020-02-04,opening_gapdown_v1,13,0,0,no_signal,no_candidate_with_rsi14_prev<30
2020-02-05,opening_gapdown_v1,18,0,0,no_signal,no_candidate_with_rsi14_prev<30
2020-02-06,opening_gapdown_v1,17,0,0,no_signal,no_candidate_with_rsi14_prev<30
2020-02-07,opening_gapdown_v1,16,0,0,no_signal,no_candidate_with_rsi14_prev<30
2020-02-10,opening_gapdown_v1,18,0,0,no_signal,no_candidate_with_rsi14_prev<30
2020-02-11,opening_gapdown_v1,13,0,0,no_signal,no_candidate_with_rsi14_prev<30
2020-02-12,opening_gapdown_v1,22,0,0,no_signal,no_candidate_with_rsi14_prev<30
2020-02-13,opening_gapdown_v1,16,1,1,signal,
2020-02-14,opening_gapdown_v1,19,1,1,signal,
2020-02-17,opening_gapdown_v1,22,2,2,signal,
2020-02-18,opening_gapdown_v1,16,0,0,no_signal,no_candidate_with_rsi14_prev<30
2020-02-19,opening_gapdown_v1,10,0,0,no_signal,no_candidate_with_rsi14_prev<30
2020-02-20,opening_gapdown_v1,12,0,0,no_signal,no_candidate_with_rsi14_prev<30
2020-02-21,opening_gapdown_v1,184,4,3,signal,
2020-02-24,opening_gapdown_v1,416,36,3,signal,
2020-02-25,opening_gapdown_v1,118,17,3,signal,
2020-02-26,opening_gapdown_v1,327,17,3,signal,
2020-02-27,opening_gapdown_v1,20,0,0,no_signal,no_candidate_with_rsi14_prev<30
2020-02-28,opening_gapdown_v1,391,38,3,signal,
2020-03-02,opening_gapdown_v1,13,5,3,signal,
2020-03-03,opening_gapdown_v1,13,0,0,no_signal,no_candidate_with_rsi14_prev<30
2020-03-04,opening_gapdown_v1,36,1,1,signal,
2020-03-05,opening_gapdown_v1,8,0,0,no_signal,no_candidate_with_rsi14_prev<30
2020-03-06,opening_gapdown_v1,122,2,2,signal,
2020-03-09,opening_gapdown_v1,274,19,3,signal,
2020-03-10,opening_gapdown_v1,295,30,3,signal,
2020-03-11,opening_gapdown_v1,12,0,0,no_signal,no_candidate_with_rsi14_prev<30
2020-03-12,opening_gapdown_v1,141,24,3,signal,
2020-03-13,opening_gapdown_v1,738,301,3,signal,
2020-03-16,opening_gapdown_v1,22,13,3,signal,
2020-03-17,opening_gapdown_v1,637,441,3,signal,
2020-03-18,opening_gapdown_v1,13,6,3,signal,
2020-03-19,opening_gapdown_v1,6,5,3,signal,
2020-03-20,opening_gapdown_v1,20,14,3,signal,
2020-03-23,opening_gapdown_v1,591,314,3,signal,
2020-03-24,opening_gapdown_v1,12,2,2,signal,
2020-03-25,opening_gapdown_v1,3,0,0,no_signal,no_candidate_with_rsi14_prev<30
2020-03-26,opening_gapdown_v1,8,1,1,signal,
2020-03-27,opening_gapdown_v1,5,0,0,no_signal,no_candidate_with_rsi14_prev<30
2020-03-30,opening_gapdown_v1,422,2,2,signal,
2020-03-31,opening_gapdown_v1,2,0,0,no_signal,no_candidate_with_rsi14_prev<30
2020-04-01,opening_gapdown_v1,87,0,0,no_signal,no_candidate_with_rsi14_prev<30
2020-04-02,opening_gapdown_v1,42,0,0,no_signal,no_candidate_with_rsi14_prev<30
2020-04-03,opening_gapdown_v1,22,0,0,no_signal,no_candidate_with_rsi14_prev<30
2020-04-06,opening_gapdown_v1,11,0,0,no_signal,no_candidate_with_rsi14_prev<30
2020-04-07,opening_gapdown_v1,16,0,0,no_signal,no_candidate_with_rsi14_prev<30
2020-04-08,opening_gapdown_v1,38,0,0,no_signal,no_candidate_with_rsi14_prev<30
2020-04-09,opening_gapdown_v1,18,0,0,no_signal,no_candidate_with_rsi14_prev<30
2020-04-10,opening_gapdown_v1,24,0,0,no_signal,no_candidate_with_rsi14_prev<30
2020-04-13,opening_gapdown_v1,45,0,0,no_signal,no_candidate_with_rsi14_prev<30
2020-04-14,opening_gapdown_v1,17,0,0,no_signal,no_candidate_with_rsi14_prev<30
2020-04-16,opening_gapdown_v1,95,0,0,no_signal,no_candidate_with_rsi14_prev<30
2020-04-17,opening_gapdown_v1,37,0,0,no_signal,no_candidate_with_rsi14_prev<30
2020-04-20,opening_gapdown_v1,17,0,0,no_signal,no_candidate_with_rsi14_prev<30
2020-04-21,opening_gapdown_v1,48,0,0,no_signal,no_candidate_with_rsi14_prev<30
2020-04-22,opening_gapdown_v1,335,0,0,no_signal,no_candidate_with_rsi14_prev<30
2020-04-23,opening_gapdown_v1,40,0,0,no_signal,no_candidate_with_rsi14_prev<30
2020-04-24,opening_gapdown_v1,48,0,0,no_signal,no_candidate_with_rsi14_prev<30
2020-04-27,opening_gapdown_v1,6,0,0,no_signal,no_candidate_with_rsi14_prev<30
2020-04-28,opening_gapdown_v1,9,0,0,no_signal,no_candidate_with_rsi14_prev<30
2020-04-29,opening_gapdown_v1,20,1,1,signal,
2020-05-04,opening_gapdown_v1,304,1,1,signal,
2020-05-06,opening_gapdown_v1,6,0,0,no_signal,no_candidate_with_rsi14_prev<30
2020-05-07,opening_gapdown_v1,10,0,0,no_signal,no_candidate_with_rsi14_prev<30
2020-05-08,opening_gapdown_v1,5,0,0,no_signal,no_candidate_with_rsi14_prev<30
2020-05-11,opening_gapdown_v1,33,0,0,no_signal,no_candidate_with_rsi14_prev<30
2020-05-12,opening_gapdown_v1,16,0,0,no_signal,no_candidate_with_rsi14_prev<30
2020-05-13,opening_gapdown_v1,191,1,1,signal,
2020-05-14,opening_gapdown_v1,51,0,0,no_signal,no_candidate_with_rsi14_prev<30
2020-05-15,opening_gapdown_v1,12,0,0,no_signal,no_candidate_with_rsi14_prev<30
2020-05-18,opening_gapdown_v1,54,1,1,signal,
2020-05-19,opening_gapdown_v1,54,0,0,no_signal,no_candidate_with_rsi14_prev<30
2020-05-20,opening_gapdown_v1,26,0,0,no_signal,no_candidate_with_rsi14_prev<30
2020-05-21,opening_gapdown_v1,2,1,1,signal,
2020-05-22,opening_gapdown_v1,13,0,0,no_signal,no_candidate_with_rsi14_prev<30
2020-05-25,opening_gapdown_v1,12,0,0,no_signal,no_candidate_with_rsi14_prev<30
2020-05-26,opening_gapdown_v1,8,0,0,no_signal,no_candidate_with_rsi14_prev<30
2020-05-27,opening_gapdown_v1,23,0,0,no_signal,no_candidate_with_rsi14_prev<30
2020-05-28,opening_gapdown_v1,13,0,0,no_signal,no_candidate_with_rsi14_prev<30
2020-05-29,opening_gapdown_v1,68,0,0,no_signal,no_candidate_with_rsi14_prev<30
2020-06-01,opening_gapdown_v1,26,0,0,no_signal,no_candidate_with_rsi14_prev<30
2020-06-02,opening_gapdown_v1,21,0,0,no_signal,no_candidate_with_rsi14_prev<30
2020-06-03,opening_gapdown_v1,27,0,0,no_signal,no_candidate_with_rsi14_prev<30
2020-06-04,opening_gapdown_v1,11,0,0,no_signal,no_candidate_with_rsi14_prev<30
2020-06-05,opening_gapdown_v1,19,0,0,no_signal,no_candidate_with_rsi14_prev<30
2020-06-08,opening_gapdown_v1,22,0,0,no_signal,no_candidate_with_rsi14_prev<30
2020-06-09,opening_gapdown_v1,28,0,0,no_signal,no_candidate_with_rsi14_prev<30
2020-06-10,opening_gapdown_v1,16,0,0,no_signal,no_candidate_with_rsi14_prev<30
2020-06-11,opening_gapdown_v1,25,0,0,no_signal,no_candidate_with_rsi14_prev<30
2020-06-12,opening_gapdown_v1,895,1,1,signal,
2020-06-15,opening_gapdown_v1,67,0,0,no_signal,no_candidate_with_rsi14_prev<30
2020-06-16,opening_gapdown_v1,11,1,1,signal,
2020-06-17,opening_gapdown_v1,123,0,0,no_signal,no_candidate_with_rsi14_prev<30
2020-06-18,opening_gapdown_v1,20,0,0,no_signal,no_candidate_with_rsi14_prev<30
2020-06-19,opening_gapdown_v1,7,0,0,no_signal,no_candidate_with_rsi14_prev<30
2020-06-22,opening_gapdown_v1,37,0,0,no_signal,no_candidate_with_rsi14_prev<30
2020-06-23,opening_gapdown_v1,10,0,0,no_signal,no_candidate_with_rsi14_prev<30
2020-06-24,opening_gapdown_v1,30,0,0,no_signal,no_candidate_with_rsi14_prev<30
2020-06-25,opening_gapdown_v1,302,1,1,signal,
2020-06-26,opening_gapdown_v1,9,0,0,no_signal,no_candidate_with_rsi14_prev<30
2020-06-29,opening_gapdown_v1,204,0,0,no_signal,no_candidate_with_rsi14_prev<30
2020-06-30,opening_gapdown_v1,12,0,0,no_signal,no_candidate_with_rsi14_prev<30
2020-07-01,opening_gapdown_v1,25,0,0,no_signal,no_candidate_with_rsi14_prev<30
2020-07-02,opening_gapdown_v1,10,0,0,no_signal,no_candidate_with_rsi14_prev<30
2020-07-03,opening_gapdown_v1,8,0,0,no_signal,no_candidate_with_rsi14_prev<30
2020-07-06,opening_gapdown_v1,10,0,0,no_signal,no_candidate_with_rsi14_prev<30
2020-07-07,opening_gapdown_v1,10,0,0,no_signal,no_candidate_with_rsi14_prev<30
2020-07-08,opening_gapdown_v1,14,0,0,no_signal,no_candidate_with_rsi14_prev<30
2020-07-09,opening_gapdown_v1,5,0,0,no_signal,no_candidate_with_rsi14_prev<30
2020-07-10,opening_gapdown_v1,19,0,0,no_signal,no_candidate_with_rsi14_prev<30
2020-07-13,opening_gapdown_v1,9,0,0,no_signal,no_candidate_with_rsi14_prev<30
2020-07-14,opening_gapdown_v1,43,0,0,no_signal,no_candidate_with_rsi14_prev<30
2020-07-15,opening_gapdown_v1,21,0,0,no_signal,no_candidate_with_rsi14_prev<30
2020-07-16,opening_gapdown_v1,16,0,0,no_signal,no_candidate_with_rsi14_prev<30
2020-07-17,opening_gapdown_v1,19,0,0,no_signal,no_candidate_with_rsi14_prev<30
2020-07-20,opening_gapdown_v1,9,0,0,no_signal,no_candidate_with_rsi14_prev<30
2020-07-21,opening_gapdown_v1,13,0,0,no_signal,no_candidate_with_rsi14_prev<30
2020-07-22,opening_gapdown_v1,25,0,0,no_signal,no_candidate_with_rsi14_prev<30
2020-07-23,opening_gapdown_v1,26,0,0,no_signal,no_candidate_with_rsi14_prev<30
2020-07-24,opening_gapdown_v1,88,1,1,signal,
2020-07-27,opening_gapdown_v1,33,0,0,no_signal,no_candidate_with_rsi14_prev<30
2020-07-28,opening_gapdown_v1,16,0,0,no_signal,no_candidate_with_rsi14_prev<30
2020-07-29,opening_gapdown_v1,29,0,0,no_signal,no_candidate_with_rsi14_prev<30
2020-07-30,opening_gapdown_v1,21,0,0,no_signal,no_candidate_with_rsi14_prev<30
2020-07-31,opening_gapdown_v1,14,0,0,no_signal,no_candidate_with_rsi14_prev<30
2020-08-03,opening_gapdown_v1,12,0,0,no_signal,no_candidate_with_rsi14_prev<30
2020-08-04,opening_gapdown_v1,8,0,0,no_signal,no_candidate_with_rsi14_prev<30
2020-08-05,opening_gapdown_v1,21,0,0,no_signal,no_candidate_with_rsi14_prev<30
2020-08-06,opening_gapdown_v1,12,0,0,no_signal,no_candidate_with_rsi14_prev<30
2020-08-07,opening_gapdown_v1,17,0,0,no_signal,no_candidate_with_rsi14_prev<30
2020-08-10,opening_gapdown_v1,19,0,0,no_signal,no_candidate_with_rsi14_prev<30
2020-08-11,opening_gapdown_v1,41,0,0,no_signal,no_candidate_with_rsi14_prev<30
2020-08-12,opening_gapdown_v1,42,0,0,no_signal,no_candidate_with_rsi14_prev<30
2020-08-13,opening_gapdown_v1,18,0,0,no_signal,no_candidate_with_rsi14_prev<30
2020-08-14,opening_gapdown_v1,50,0,0,no_signal,no_candidate_with_rsi14_prev<30
2020-08-18,opening_gapdown_v1,136,0,0,no_signal,no_candidate_with_rsi14_prev<30
2020-08-19,opening_gapdown_v1,32,3,3,signal,
2020-08-20,opening_gapdown_v1,46,0,0,no_signal,no_candidate_with_rsi14_prev<30
2020-08-21,opening_gapdown_v1,33,1,1,signal,
2020-08-24,opening_gapdown_v1,72,3,3,signal,
2020-08-25,opening_gapdown_v1,15,0,0,no_signal,no_candidate_with_rsi14_prev<30
2020-08-26,opening_gapdown_v1,5,0,0,no_signal,no_candidate_with_rsi14_prev<30
2020-08-27,opening_gapdown_v1,25,0,0,no_signal,no_candidate_with_rsi14_prev<30
2020-08-28,opening_gapdown_v1,39,0,0,no_signal,no_candidate_with_rsi14_prev<30
2020-08-31,opening_gapdown_v1,27,0,0,no_signal,no_candidate_with_rsi14_prev<30
2020-09-01,opening_gapdown_v1,21,0,0,no_signal,no_candidate_with_rsi14_prev<30
2020-09-02,opening_gapdown_v1,19,0,0,no_signal,no_candidate_with_rsi14_prev<30
2020-09-03,opening_gapdown_v1,16,0,0,no_signal,no_candidate_with_rsi14_prev<30
2020-09-04,opening_gapdown_v1,847,1,1,signal,
2020-09-07,opening_gapdown_v1,12,0,0,no_signal,no_candidate_with_rsi14_prev<30
2020-09-08,opening_gapdown_v1,13,0,0,no_signal,no_candidate_with_rsi14_prev<30
2020-09-09,opening_gapdown_v1,397,0,0,no_signal,no_candidate_with_rsi14_prev<30
2020-09-10,opening_gapdown_v1,8,0,0,no_signal,no_candidate_with_rsi14_prev<30
2020-09-11,opening_gapdown_v1,44,0,0,no_signal,no_candidate_with_rsi14_prev<30
2020-09-14,opening_gapdown_v1,13,0,0,no_signal,no_candidate_with_rsi14_prev<30
2020-09-15,opening_gapdown_v1,13,0,0,no_signal,no_candidate_with_rsi14_prev<30
2020-09-16,opening_gapdown_v1,18,0,0,no_signal,no_candidate_with_rsi14_prev<30
2020-09-17,opening_gapdown_v1,21,0,0,no_signal,no_candidate_with_rsi14_prev<30
2020-09-18,opening_gapdown_v1,27,0,0,no_signal,no_candidate_with_rsi14_prev<30
2020-09-21,opening_gapdown_v1,17,0,0,no_signal,no_candidate_with_rsi14_prev<30
2020-09-22,opening_gapdown_v1,64,1,1,signal,
2020-09-23,opening_gapdown_v1,6,0,0,no_signal,no_candidate_with_rsi14_prev<30
2020-09-24,opening_gapdown_v1,548,13,3,signal,
2020-09-25,opening_gapdown_v1,10,0,0,no_signal,no_candidate_with_rsi14_prev<30
2020-09-28,opening_gapdown_v1,13,0,0,no_signal,no_candidate_with_rsi14_prev<30
2020-09-29,opening_gapdown_v1,9,0,0,no_signal,no_candidate_with_rsi14_prev<30
2020-10-05,opening_gapdown_v1,27,0,0,no_signal,no_candidate_with_rsi14_prev<30
2020-10-06,opening_gapdown_v1,14,0,0,no_signal,no_candidate_with_rsi14_prev<30
2020-10-07,opening_gapdown_v1,46,1,1,signal,
2020-10-08,opening_gapdown_v1,10,0,0,no_signal,no_candidate_with_rsi14_prev<30
2020-10-12,opening_gapdown_v1,20,0,0,no_signal,no_candidate_with_rsi14_prev<30
2020-10-13,opening_gapdown_v1,13,0,0,no_signal,no_candidate_with_rsi14_prev<30
2020-10-14,opening_gapdown_v1,16,0,0,no_signal,no_candidate_with_rsi14_prev<30
2020-10-15,opening_gapdown_v1,12,1,1,signal,
2020-10-16,opening_gapdown_v1,24,0,0,no_signal,no_candidate_with_rsi14_prev<30
2020-10-19,opening_gapdown_v1,35,1,1,signal,
2020-10-20,opening_gapdown_v1,127,5,3,signal,
2020-10-21,opening_gapdown_v1,7,0,0,no_signal,no_candidate_with_rsi14_prev<30
2020-10-22,opening_gapdown_v1,40,1,1,signal,
2020-10-23,opening_gapdown_v1,12,0,0,no_signal,no_candidate_with_rsi14_prev<30
2020-10-26,opening_gapdown_v1,30,3,3,signal,
2020-10-27,opening_gapdown_v1,136,19,3,signal,
2020-10-28,opening_gapdown_v1,32,3,3,signal,
2020-10-29,opening_gapdown_v1,410,5,3,signal,
2020-10-30,opening_gapdown_v1,13,0,0,no_signal,no_candidate_with_rsi14_prev<30
2020-11-02,opening_gapdown_v1,15,1,1,signal,
2020-11-03,opening_gapdown_v1,7,0,0,no_signal,no_candidate_with_rsi14_prev<30
2020-11-04,opening_gapdown_v1,10,1,1,signal,
2020-11-05,opening_gapdown_v1,56,0,0,no_signal,no_candidate_with_rsi14_prev<30
2020-11-06,opening_gapdown_v1,3,0,0,no_signal,no_candidate_with_rsi14_prev<30
2020-11-09,opening_gapdown_v1,4,0,0,no_signal,no_candidate_with_rsi14_prev<30
2020-11-10,opening_gapdown_v1,104,0,0,no_signal,no_candidate_with_rsi14_prev<30
2020-11-11,opening_gapdown_v1,26,0,0,no_signal,no_candidate_with_rsi14_prev<30
2020-11-12,opening_gapdown_v1,22,0,0,no_signal,no_candidate_with_rsi14_prev<30
2020-11-13,opening_gapdown_v1,48,1,1,signal,
2020-11-16,opening_gapdown_v1,29,0,0,no_signal,no_candidate_with_rsi14_prev<30
2020-11-17,opening_gapdown_v1,69,0,0,no_signal,no_candidate_with_rsi14_prev<30
2020-11-18,opening_gapdown_v1,16,0,0,no_signal,no_candidate_with_rsi14_prev<30
2020-11-19,opening_gapdown_v1,20,0,0,no_signal,no_candidate_with_rsi14_prev<30
2020-11-20,opening_gapdown_v1,15,0,0,no_signal,no_candidate_with_rsi14_prev<30
2020-11-23,opening_gapdown_v1,6,0,0,no_signal,no_candidate_with_rsi14_prev<30
2020-11-24,opening_gapdown_v1,13,0,0,no_signal,no_candidate_with_rsi14_prev<30
2020-11-25,opening_gapdown_v1,18,0,0,no_signal,no_candidate_with_rsi14_prev<30
2020-11-26,opening_gapdown_v1,22,0,0,no_signal,no_candidate_with_rsi14_prev<30
2020-11-27,opening_gapdown_v1,25,0,0,no_signal,no_candidate_with_rsi14_prev<30
2020-11-30,opening_gapdown_v1,12,0,0,no_signal,no_candidate_with_rsi14_prev<30
2020-12-01,opening_gapdown_v1,25,0,0,no_signal,no_candidate_with_rsi14_prev<30
2020-12-02,opening_gapdown_v1,16,0,0,no_signal,no_candidate_with_rsi14_prev<30
2020-12-03,opening_gapdown_v1,17,0,0,no_signal,no_candidate_with_rsi14_prev<30
2020-12-04,opening_gapdown_v1,21,0,0,no_signal,no_candidate_with_rsi14_prev<30
2020-12-07,opening_gapdown_v1,19,0,0,no_signal,no_candidate_with_rsi14_prev<30
2020-12-08,opening_gapdown_v1,19,1,1,signal,
2020-12-09,opening_gapdown_v1,21,0,0,no_signal,no_candidate_with_rsi14_prev<30
2020-12-10,opening_gapdown_v1,62,0,0,no_signal,no_candidate_with_rsi14_prev<30
2020-12-11,opening_gapdown_v1,10,0,0,no_signal,no_candidate_with_rsi14_prev<30
2020-12-14,opening_gapdown_v1,29,0,0,no_signal,no_candidate_with_rsi14_prev<30
2020-12-15,opening_gapdown_v1,15,0,0,no_signal,no_candidate_with_rsi14_prev<30
2020-12-16,opening_gapdown_v1,14,1,1,signal,
2020-12-17,opening_gapdown_v1,19,0,0,no_signal,no_candidate_with_rsi14_prev<30
2020-12-18,opening_gapdown_v1,11,0,0,no_signal,no_candidate_with_rsi14_prev<30
2020-12-21,opening_gapdown_v1,22,0,0,no_signal,no_candidate_with_rsi14_prev<30
2020-12-22,opening_gapdown_v1,44,0,0,no_signal,no_candidate_with_rsi14_prev<30
2020-12-23,opening_gapdown_v1,18,0,0,no_signal,no_candidate_with_rsi14_prev<30
2020-12-24,opening_gapdown_v1,31,3,3,signal,
2020-12-28,opening_gapdown_v1,23,1,1,signal,
2020-12-29,opening_gapdown_v1,72,0,0,no_signal,no_candidate_with_rsi14_prev<30
2020-12-30,opening_gapdown_v1,16,0,0,no_signal,no_candidate_with_rsi14_prev<30
2021-01-04,opening_gapdown_v1,25,0,0,no_signal,no_candidate_with_rsi14_prev<30
2021-01-05,opening_gapdown_v1,46,0,0,no_signal,no_candidate_with_rsi14_prev<30
2021-01-06,opening_gapdown_v1,19,0,0,no_signal,no_candidate_with_rsi14_prev<30
2021-01-07,opening_gapdown_v1,11,0,0,no_signal,no_candidate_with_rsi14_prev<30
2021-01-08,opening_gapdown_v1,19,0,0,no_signal,no_candidate_with_rsi14_prev<30
2021-01-11,opening_gapdown_v1,28,0,0,no_signal,no_candidate_with_rsi14_prev<30
2021-01-12,opening_gapdown_v1,106,0,0,no_signal,no_candidate_with_rsi14_prev<30
2021-01-13,opening_gapdown_v1,21,0,0,no_signal,no_candidate_with_rsi14_prev<30
2021-01-14,opening_gapdown_v1,47,0,0,no_signal,no_candidate_with_rsi14_prev<30
2021-01-15,opening_gapdown_v1,14,0,0,no_signal,no_candidate_with_rsi14_prev<30
2021-01-18,opening_gapdown_v1,156,1,1,signal,
2021-01-19,opening_gapdown_v1,20,0,0,no_signal,no_candidate_with_rsi14_prev<30
2021-01-20,opening_gapdown_v1,24,0,0,no_signal,no_candidate_with_rsi14_prev<30
2021-01-21,opening_gapdown_v1,12,0,0,no_signal,no_candidate_with_rsi14_prev<30
2021-01-22,opening_gapdown_v1,24,0,0,no_signal,no_candidate_with_rsi14_prev<30
2021-01-25,opening_gapdown_v1,18,0,0,no_signal,no_candidate_with_rsi14_prev<30
2021-01-26,opening_gapdown_v1,17,0,0,no_signal,no_candidate_with_rsi14_prev<30
2021-01-27,opening_gapdown_v1,21,0,0,no_signal,no_candidate_with_rsi14_prev<30
2021-01-28,opening_gapdown_v1,756,5,3,signal,
2021-01-29,opening_gapdown_v1,17,0,0,no_signal,no_candidate_with_rsi14_prev<30
2021-02-01,opening_gapdown_v1,118,9,3,signal,
2021-02-02,opening_gapdown_v1,9,0,0,no_signal,no_candidate_with_rsi14_prev<30
2021-02-03,opening_gapdown_v1,8,0,0,no_signal,no_candidate_with_rsi14_prev<30
2021-02-04,opening_gapdown_v1,15,1,1,signal,
2021-02-05,opening_gapdown_v1,6,0,0,no_signal,no_candidate_with_rsi14_prev<30
2021-02-08,opening_gapdown_v1,88,0,0,no_signal,no_candidate_with_rsi14_prev<30
2021-02-09,opening_gapdown_v1,24,0,0,no_signal,no_candidate_with_rsi14_prev<30
2021-02-10,opening_gapdown_v1,26,2,2,signal,
2021-02-15,opening_gapdown_v1,13,1,1,signal,
2021-02-16,opening_gapdown_v1,8,0,0,no_signal,no_candidate_with_rsi14_prev<30
2021-02-17,opening_gapdown_v1,20,2,2,signal,
2021-02-18,opening_gapdown_v1,28,0,0,no_signal,no_candidate_with_rsi14_prev<30
2021-02-19,opening_gapdown_v1,46,0,0,no_signal,no_candidate_with_rsi14_prev<30
2021-02-22,opening_gapdown_v1,26,0,0,no_signal,no_candidate_with_rsi14_prev<30
2021-02-23,opening_gapdown_v1,210,3,3,signal,
2021-02-24,opening_gapdown_v1,31,0,0,no_signal,no_candidate_with_rsi14_prev<30
2021-02-25,opening_gapdown_v1,6,1,1,signal,
2021-02-26,opening_gapdown_v1,705,22,3,signal,
2021-03-02,opening_gapdown_v1,15,0,0,no_signal,no_candidate_with_rsi14_prev<30
2021-03-03,opening_gapdown_v1,39,1,1,signal,
2021-03-04,opening_gapdown_v1,104,2,2,signal,
2021-03-05,opening_gapdown_v1,184,6,3,signal,
2021-03-08,opening_gapdown_v1,7,1,1,signal,
2021-03-09,opening_gapdown_v1,49,4,3,signal,
2021-03-10,opening_gapdown_v1,20,2,2,signal,
2021-03-11,opening_gapdown_v1,22,4,3,signal,
2021-03-12,opening_gapdown_v1,9,0,0,no_signal,no_candidate_with_rsi14_prev<30
2021-03-15,opening_gapdown_v1,24,0,0,no_signal,no_candidate_with_rsi14_prev<30
2021-03-16,opening_gapdown_v1,22,0,0,no_signal,no_candidate_with_rsi14_prev<30
2021-03-17,opening_gapdown_v1,19,1,1,signal,
2021-03-18,opening_gapdown_v1,26,2,2,signal,
2021-03-19,opening_gapdown_v1,255,2,2,signal,
2021-03-22,opening_gapdown_v1,8,0,0,no_signal,no_candidate_with_rsi14_prev<30
2021-03-23,opening_gapdown_v1,20,0,0,no_signal,no_candidate_with_rsi14_prev<30
2021-03-24,opening_gapdown_v1,49,4,3,signal,
2021-03-25,opening_gapdown_v1,26,0,0,no_signal,no_candidate_with_rsi14_prev<30
2021-03-26,opening_gapdown_v1,15,2,2,signal,
2021-03-29,opening_gapdown_v1,19,2,2,signal,
2021-03-30,opening_gapdown_v1,15,0,0,no_signal,no_candidate_with_rsi14_prev<30
2021-03-31,opening_gapdown_v1,12,1,1,signal,
2021-04-01,opening_gapdown_v1,28,0,0,no_signal,no_candidate_with_rsi14_prev<30
2021-04-02,opening_gapdown_v1,10,0,0,no_signal,no_candidate_with_rsi14_prev<30
2021-04-05,opening_gapdown_v1,18,0,0,no_signal,no_candidate_with_rsi14_prev<30
2021-04-06,opening_gapdown_v1,8,0,0,no_signal,no_candidate_with_rsi14_prev<30
2021-04-07,opening_gapdown_v1,14,0,0,no_signal,no_candidate_with_rsi14_prev<30
2021-04-08,opening_gapdown_v1,27,0,0,no_signal,no_candidate_with_rsi14_prev<30
2021-04-09,opening_gapdown_v1,20,0,0,no_signal,no_candidate_with_rsi14_prev<30
2021-04-12,opening_gapdown_v1,18,0,0,no_signal,no_candidate_with_rsi14_prev<30
2021-04-13,opening_gapdown_v1,40,0,0,no_signal,no_candidate_with_rsi14_prev<30
2021-04-14,opening_gapdown_v1,24,0,0,no_signal,no_candidate_with_rsi14_prev<30
2021-04-15,opening_gapdown_v1,28,0,0,no_signal,no_candidate_with_rsi14_prev<30
2021-04-16,opening_gapdown_v1,14,0,0,no_signal,no_candidate_with_rsi14_prev<30
2021-04-19,opening_gapdown_v1,21,0,0,no_signal,no_candidate_with_rsi14_prev<30
2021-04-20,opening_gapdown_v1,29,0,0,no_signal,no_candidate_with_rsi14_prev<30
2021-04-21,opening_gapdown_v1,22,0,0,no_signal,no_candidate_with_rsi14_prev<30
2021-04-22,opening_gapdown_v1,12,0,0,no_signal,no_candidate_with_rsi14_prev<30
2021-04-23,opening_gapdown_v1,36,0,0,no_signal,no_candidate_with_rsi14_prev<30
2021-04-26,opening_gapdown_v1,27,0,0,no_signal,no_candidate_with_rsi14_prev<30
2021-04-27,opening_gapdown_v1,22,0,0,no_signal,no_candidate_with_rsi14_prev<30
2021-04-28,opening_gapdown_v1,20,0,0,no_signal,no_candidate_with_rsi14_prev<30
2021-04-29,opening_gapdown_v1,29,1,1,signal,
2021-04-30,opening_gapdown_v1,23,0,0,no_signal,no_candidate_with_rsi14_prev<30
2021-05-03,opening_gapdown_v1,38,3,3,signal,
2021-05-04,opening_gapdown_v1,45,4,3,signal,
2021-05-06,opening_gapdown_v1,44,0,0,no_signal,no_candidate_with_rsi14_prev<30
2021-05-07,opening_gapdown_v1,11,0,0,no_signal,no_candidate_with_rsi14_prev<30
2021-05-10,opening_gapdown_v1,6,0,0,no_signal,no_candidate_with_rsi14_prev<30
2021-05-11,opening_gapdown_v1,62,2,2,signal,
2021-05-12,opening_gapdown_v1,18,0,0,no_signal,no_candidate_with_rsi14_prev<30
2021-05-13,opening_gapdown_v1,583,11,3,signal,
2021-05-14,opening_gapdown_v1,9,0,0,no_signal,no_candidate_with_rsi14_prev<30
2021-05-17,opening_gapdown_v1,23,0,0,no_signal,no_candidate_with_rsi14_prev<30
2021-05-18,opening_gapdown_v1,46,0,0,no_signal,no_candidate_with_rsi14_prev<30
2021-05-20,opening_gapdown_v1,53,2,2,signal,
2021-05-21,opening_gapdown_v1,7,0,0,no_signal,no_candidate_with_rsi14_prev<30
2021-05-24,opening_gapdown_v1,59,3,3,signal,
2021-05-25,opening_gapdown_v1,18,0,0,no_signal,no_candidate_with_rsi14_prev<30
2021-05-26,opening_gapdown_v1,8,0,0,no_signal,no_candidate_with_rsi14_prev<30
2021-05-27,opening_gapdown_v1,8,0,0,no_signal,no_candidate_with_rsi14_prev<30
2021-05-28,opening_gapdown_v1,7,1,1,signal,
2021-05-31,opening_gapdown_v1,4,0,0,no_signal,no_candidate_with_rsi14_prev<30
2021-06-01,opening_gapdown_v1,12,0,0,no_signal,no_candidate_with_rsi14_prev<30
2021-06-02,opening_gapdown_v1,17,0,0,no_signal,no_candidate_with_rsi14_prev<30
2021-06-03,opening_gapdown_v1,11,0,0,no_signal,no_candidate_with_rsi14_prev<30
2021-06-04,opening_gapdown_v1,23,1,1,signal,
2021-06-07,opening_gapdown_v1,13,0,0,no_signal,no_candidate_with_rsi14_prev<30
2021-06-08,opening_gapdown_v1,21,0,0,no_signal,no_candidate_with_rsi14_prev<30
2021-06-09,opening_gapdown_v1,10,0,0,no_signal,no_candidate_with_rsi14_prev<30
2021-06-10,opening_gapdown_v1,22,0,0,no_signal,no_candidate_with_rsi14_prev<30
2021-06-11,opening_gapdown_v1,10,0,0,no_signal,no_candidate_with_rsi14_prev<30
2021-06-14,opening_gapdown_v1,19,0,0,no_signal,no_candidate_with_rsi14_prev<30
2021-06-15,opening_gapdown_v1,10,0,0,no_signal,no_candidate_with_rsi14_prev<30
2021-06-16,opening_gapdown_v1,14,0,0,no_signal,no_candidate_with_rsi14_prev<30
2021-06-17,opening_gapdown_v1,24,0,0,no_signal,no_candidate_with_rsi14_prev<30
2021-06-18,opening_gapdown_v1,9,0,0,no_signal,no_candidate_with_rsi14_prev<30
2021-06-21,opening_gapdown_v1,111,0,0,no_signal,no_candidate_with_rsi14_prev<30
2021-06-22,opening_gapdown_v1,14,0,0,no_signal,no_candidate_with_rsi14_prev<30
2021-06-23,opening_gapdown_v1,22,0,0,no_signal,no_candidate_with_rsi14_prev<30
2021-06-24,opening_gapdown_v1,28,0,0,no_signal,no_candidate_with_rsi14_prev<30
2021-06-25,opening_gapdown_v1,18,1,1,signal,
2021-06-28,opening_gapdown_v1,10,0,0,no_signal,no_candidate_with_rsi14_prev<30
2021-06-29,opening_gapdown_v1,13,0,0,no_signal,no_candidate_with_rsi14_prev<30
2021-06-30,opening_gapdown_v1,8,0,0,no_signal,no_candidate_with_rsi14_prev<30
2021-07-01,opening_gapdown_v1,13,0,0,no_signal,no_candidate_with_rsi14_prev<30
2021-07-02,opening_gapdown_v1,12,2,2,signal,
2021-07-05,opening_gapdown_v1,19,1,1,signal,
2021-07-06,opening_gapdown_v1,32,0,0,no_signal,no_candidate_with_rsi14_prev<30
2021-07-07,opening_gapdown_v1,31,0,0,no_signal,no_candidate_with_rsi14_prev<30
2021-07-08,opening_gapdown_v1,18,0,0,no_signal,no_candidate_with_rsi14_prev<30
2021-07-09,opening_gapdown_v1,164,1,1,signal,
2021-07-12,opening_gapdown_v1,13,0,0,no_signal,no_candidate_with_rsi14_prev<30
2021-07-13,opening_gapdown_v1,9,0,0,no_signal,no_candidate_with_rsi14_prev<30
2021-07-14,opening_gapdown_v1,14,0,0,no_signal,no_candidate_with_rsi14_prev<30
2021-07-15,opening_gapdown_v1,11,0,0,no_signal,no_candidate_with_rsi14_prev<30
2021-07-16,opening_gapdown_v1,33,0,0,no_signal,no_candidate_with_rsi14_prev<30
2021-07-19,opening_gapdown_v1,33,0,0,no_signal,no_candidate_with_rsi14_prev<30
2021-07-20,opening_gapdown_v1,277,2,2,signal,
2021-07-21,opening_gapdown_v1,13,0,0,no_signal,no_candidate_with_rsi14_prev<30
2021-07-22,opening_gapdown_v1,9,0,0,no_signal,no_candidate_with_rsi14_prev<30
2021-07-23,opening_gapdown_v1,15,0,0,no_signal,no_candidate_with_rsi14_prev<30
2021-07-26,opening_gapdown_v1,15,0,0,no_signal,no_candidate_with_rsi14_prev<30
2021-07-27,opening_gapdown_v1,23,0,0,no_signal,no_candidate_with_rsi14_prev<30
2021-07-28,opening_gapdown_v1,35,0,0,no_signal,no_candidate_with_rsi14_prev<30
2021-07-29,opening_gapdown_v1,16,1,1,signal,
2021-07-30,opening_gapdown_v1,13,0,0,no_signal,no_candidate_with_rsi14_prev<30
2021-08-02,opening_gapdown_v1,32,0,0,no_signal,no_candidate_with_rsi14_prev<30
2021-08-03,opening_gapdown_v1,12,0,0,no_signal,no_candidate_with_rsi14_prev<30
2021-08-04,opening_gapdown_v1,12,0,0,no_signal,no_candidate_with_rsi14_prev<30
2021-08-05,opening_gapdown_v1,6,0,0,no_signal,no_candidate_with_rsi14_prev<30
2021-08-06,opening_gapdown_v1,10,0,0,no_signal,no_candidate_with_rsi14_prev<30
2021-08-09,opening_gapdown_v1,27,1,1,signal,
2021-08-10,opening_gapdown_v1,30,0,0,no_signal,no_candidate_with_rsi14_prev<30
2021-08-11,opening_gapdown_v1,39,0,0,no_signal,no_candidate_with_rsi14_prev<30
2021-08-12,opening_gapdown_v1,24,2,2,signal,
2021-08-13,opening_gapdown_v1,12,1,1,signal,
2021-08-17,opening_gapdown_v1,45,4,3,signal,
2021-08-18,opening_gapdown_v1,156,36,3,signal,
2021-08-19,opening_gapdown_v1,77,10,3,signal,
2021-08-20,opening_gapdown_v1,12,0,0,no_signal,no_candidate_with_rsi14_prev<30
2021-08-23,opening_gapdown_v1,11,2,2,signal,
2021-08-24,opening_gapdown_v1,3,0,0,no_signal,no_candidate_with_rsi14_prev<30
2021-08-25,opening_gapdown_v1,9,0,0,no_signal,no_candidate_with_rsi14_prev<30
2021-08-26,opening_gapdown_v1,13,0,0,no_signal,no_candidate_with_rsi14_prev<30
2021-08-27,opening_gapdown_v1,26,1,1,signal,
2021-08-30,opening_gapdown_v1,10,0,0,no_signal,no_candidate_with_rsi14_prev<30
2021-08-31,opening_gapdown_v1,16,0,0,no_signal,no_candidate_with_rsi14_prev<30
2021-09-01,opening_gapdown_v1,22,0,0,no_signal,no_candidate_with_rsi14_prev<30
2021-09-02,opening_gapdown_v1,8,0,0,no_signal,no_candidate_with_rsi14_prev<30
2021-09-03,opening_gapdown_v1,14,0,0,no_signal,no_candidate_with_rsi14_prev<30
2021-09-06,opening_gapdown_v1,31,1,1,signal,
2021-09-07,opening_gapdown_v1,15,0,0,no_signal,no_candidate_with_rsi14_prev<30
2021-09-08,opening_gapdown_v1,29,0,0,no_signal,no_candidate_with_rsi14_prev<30
2021-09-09,opening_gapdown_v1,80,0,0,no_signal,no_candidate_with_rsi14_prev<30
2021-09-10,opening_gapdown_v1,22,1,1,signal,
2021-09-13,opening_gapdown_v1,26,3,3,signal,
2021-09-14,opening_gapdown_v1,23,0,0,no_signal,no_candidate_with_rsi14_prev<30
2021-09-15,opening_gapdown_v1,21,0,0,no_signal,no_candidate_with_rsi14_prev<30
2021-09-16,opening_gapdown_v1,9,0,0,no_signal,no_candidate_with_rsi14_prev<30
2021-09-17,opening_gapdown_v1,56,0,0,no_signal,no_candidate_with_rsi14_prev<30
2021-09-23,opening_gapdown_v1,127,2,2,signal,
2021-09-24,opening_gapdown_v1,16,0,0,no_signal,no_candidate_with_rsi14_prev<30
2021-09-27,opening_gapdown_v1,38,1,1,signal,
2021-09-28,opening_gapdown_v1,41,0,0,no_signal,no_candidate_with_rsi14_prev<30
2021-09-29,opening_gapdown_v1,620,50,3,signal,
2021-09-30,opening_gapdown_v1,23,1,1,signal,
2021-10-01,opening_gapdown_v1,48,3,3,signal,
2021-10-05,opening_gapdown_v1,233,38,3,signal,
2021-10-06,opening_gapdown_v1,7,2,2,signal,
2021-10-07,opening_gapdown_v1,19,0,0,no_signal,no_candidate_with_rsi14_prev<30
2021-10-08,opening_gapdown_v1,9,1,1,signal,
2021-10-12,opening_gapdown_v1,51,6,3,signal,
2021-10-13,opening_gapdown_v1,28,2,2,signal,
2021-10-14,opening_gapdown_v1,1,0,0,no_signal,no_candidate_with_rsi14_prev<30
2021-10-15,opening_gapdown_v1,5,0,0,no_signal,no_candidate_with_rsi14_prev<30
2021-10-18,opening_gapdown_v1,12,0,0,no_signal,no_candidate_with_rsi14_prev<30
2021-10-19,opening_gapdown_v1,11,1,1,signal,
2021-10-20,opening_gapdown_v1,11,0,0,no_signal,no_candidate_with_rsi14_prev<30
2021-10-21,opening_gapdown_v1,18,0,0,no_signal,no_candidate_with_rsi14_prev<30
2021-10-22,opening_gapdown_v1,40,0,0,no_signal,no_candidate_with_rsi14_prev<30
2021-10-25,opening_gapdown_v1,29,0,0,no_signal,no_candidate_with_rsi14_prev<30
2021-10-26,opening_gapdown_v1,16,0,0,no_signal,no_candidate_with_rsi14_prev<30
2021-10-27,opening_gapdown_v1,14,0,0,no_signal,no_candidate_with_rsi14_prev<30
2021-10-28,opening_gapdown_v1,26,0,0,no_signal,no_candidate_with_rsi14_prev<30
2021-10-29,opening_gapdown_v1,8,0,0,no_signal,no_candidate_with_rsi14_prev<30
2021-11-01,opening_gapdown_v1,9,0,0,no_signal,no_candidate_with_rsi14_prev<30
2021-11-02,opening_gapdown_v1,6,0,0,no_signal,no_candidate_with_rsi14_prev<30
2021-11-03,opening_gapdown_v1,12,0,0,no_signal,no_candidate_with_rsi14_prev<30
2021-11-04,opening_gapdown_v1,8,0,0,no_signal,no_candidate_with_rsi14_prev<30
2021-11-05,opening_gapdown_v1,17,0,0,no_signal,no_candidate_with_rsi14_prev<30
2021-11-08,opening_gapdown_v1,55,3,3,signal,
2021-11-09,opening_gapdown_v1,20,2,2,signal,
2021-11-10,opening_gapdown_v1,48,4,3,signal,
2021-11-11,opening_gapdown_v1,126,7,3,signal,
2021-11-12,opening_gapdown_v1,22,1,1,signal,
2021-11-15,opening_gapdown_v1,11,0,0,no_signal,no_candidate_with_rsi14_prev<30
2021-11-16,opening_gapdown_v1,25,0,0,no_signal,no_candidate_with_rsi14_prev<30
2021-11-17,opening_gapdown_v1,12,0,0,no_signal,no_candidate_with_rsi14_prev<30
2021-11-18,opening_gapdown_v1,21,0,0,no_signal,no_candidate_with_rsi14_prev<30
2021-11-19,opening_gapdown_v1,40,1,1,signal,
2021-11-22,opening_gapdown_v1,34,1,1,signal,
2021-11-23,opening_gapdown_v1,87,1,1,signal,
2021-11-24,opening_gapdown_v1,11,0,0,no_signal,no_candidate_with_rsi14_prev<30
2021-11-25,opening_gapdown_v1,10,1,1,signal,
2021-11-26,opening_gapdown_v1,13,0,0,no_signal,no_candidate_with_rsi14_prev<30
2021-11-29,opening_gapdown_v1,702,83,3,signal,
2021-11-30,opening_gapdown_v1,42,1,1,signal,
2021-12-01,opening_gapdown_v1,22,5,3,signal,
2021-12-02,opening_gapdown_v1,232,20,3,signal,
2021-12-03,opening_gapdown_v1,18,0,0,no_signal,no_candidate_with_rsi14_prev<30
2021-12-06,opening_gapdown_v1,93,0,0,no_signal,no_candidate_with_rsi14_prev<30
2021-12-07,opening_gapdown_v1,12,0,0,no_signal,no_candidate_with_rsi14_prev<30
2021-12-08,opening_gapdown_v1,8,0,0,no_signal,no_candidate_with_rsi14_prev<30
2021-12-09,opening_gapdown_v1,18,0,0,no_signal,no_candidate_with_rsi14_prev<30
2021-12-10,opening_gapdown_v1,50,0,0,no_signal,no_candidate_with_rsi14_prev<30
2021-12-13,opening_gapdown_v1,9,0,0,no_signal,no_candidate_with_rsi14_prev<30
2021-12-14,opening_gapdown_v1,32,0,0,no_signal,no_candidate_with_rsi14_prev<30
2021-12-15,opening_gapdown_v1,7,0,0,no_signal,no_candidate_with_rsi14_prev<30
2021-12-16,opening_gapdown_v1,8,0,0,no_signal,no_candidate_with_rsi14_prev<30
2021-12-17,opening_gapdown_v1,59,0,0,no_signal,no_candidate_with_rsi14_prev<30
2021-12-20,opening_gapdown_v1,30,1,1,signal,
2021-12-21,opening_gapdown_v1,15,0,0,no_signal,no_candidate_with_rsi14_prev<30
2021-12-22,opening_gapdown_v1,7,0,0,no_signal,no_candidate_with_rsi14_prev<30
2021-12-23,opening_gapdown_v1,24,0,0,no_signal,no_candidate_with_rsi14_prev<30
2021-12-24,opening_gapdown_v1,8,0,0,no_signal,no_candidate_with_rsi14_prev<30
2021-12-27,opening_gapdown_v1,25,0,0,no_signal,no_candidate_with_rsi14_prev<30
2021-12-28,opening_gapdown_v1,12,1,1,signal,
2021-12-29,opening_gapdown_v1,55,0,0,no_signal,no_candidate_with_rsi14_prev<30
2021-12-30,opening_gapdown_v1,6,0,0,no_signal,no_candidate_with_rsi14_prev<30
2022-01-03,opening_gapdown_v1,9,0,0,no_signal,no_candidate_with_rsi14_prev<30
2022-01-04,opening_gapdown_v1,12,0,0,no_signal,no_candidate_with_rsi14_prev<30
2022-01-05,opening_gapdown_v1,18,0,0,no_signal,no_candidate_with_rsi14_prev<30
2022-01-06,opening_gapdown_v1,395,2,2,signal,
2022-01-07,opening_gapdown_v1,35,0,0,no_signal,no_candidate_with_rsi14_prev<30
2022-01-10,opening_gapdown_v1,44,0,0,no_signal,no_candidate_with_rsi14_prev<30
2022-01-11,opening_gapdown_v1,24,0,0,no_signal,no_candidate_with_rsi14_prev<30
2022-01-12,opening_gapdown_v1,15,0,0,no_signal,no_candidate_with_rsi14_prev<30
2022-01-13,opening_gapdown_v1,13,1,1,signal,
2022-01-14,opening_gapdown_v1,138,5,3,signal,
2022-01-17,opening_gapdown_v1,49,3,3,signal,
2022-01-18,opening_gapdown_v1,28,3,3,signal,
2022-01-19,opening_gapdown_v1,273,30,3,signal,
2022-01-20,opening_gapdown_v1,14,1,1,signal,
2022-01-21,opening_gapdown_v1,119,4,3,signal,
2022-01-24,opening_gapdown_v1,113,3,3,signal,
2022-01-25,opening_gapdown_v1,18,1,1,signal,
2022-01-26,opening_gapdown_v1,25,6,3,signal,
2022-01-27,opening_gapdown_v1,19,4,3,signal,
2022-01-28,opening_gapdown_v1,16,3,3,signal,
2022-02-03,opening_gapdown_v1,5,0,0,no_signal,no_candidate_with_rsi14_prev<30
2022-02-04,opening_gapdown_v1,33,3,3,signal,
2022-02-07,opening_gapdown_v1,18,1,1,signal,
2022-02-08,opening_gapdown_v1,10,0,0,no_signal,no_candidate_with_rsi14_prev<30
2022-02-09,opening_gapdown_v1,13,0,0,no_signal,no_candidate_with_rsi14_prev<30
2022-02-10,opening_gapdown_v1,18,0,0,no_signal,no_candidate_with_rsi14_prev<30
2022-02-11,opening_gapdown_v1,127,4,3,signal,
2022-02-14,opening_gapdown_v1,370,12,3,signal,
2022-02-15,opening_gapdown_v1,23,0,0,no_signal,no_candidate_with_rsi14_prev<30
2022-02-16,opening_gapdown_v1,33,1,1,signal,
2022-02-17,opening_gapdown_v1,7,0,0,no_signal,no_candidate_with_rsi14_prev<30
2022-02-18,opening_gapdown_v1,280,1,1,signal,
2022-02-21,opening_gapdown_v1,192,2,2,signal,
2022-02-22,opening_gapdown_v1,353,3,3,signal,
2022-02-23,opening_gapdown_v1,9,0,0,no_signal,no_candidate_with_rsi14_prev<30
2022-02-24,opening_gapdown_v1,93,1,1,signal,
2022-02-25,opening_gapdown_v1,41,0,0,no_signal,no_candidate_with_rsi14_prev<30
2022-02-28,opening_gapdown_v1,35,3,3,signal,
2022-03-02,opening_gapdown_v1,20,1,1,signal,
2022-03-03,opening_gapdown_v1,17,0,0,no_signal,no_candidate_with_rsi14_prev<30
2022-03-04,opening_gapdown_v1,11,0,0,no_signal,no_candidate_with_rsi14_prev<30
2022-03-07,opening_gapdown_v1,139,0,0,no_signal,no_candidate_with_rsi14_prev<30
2022-03-08,opening_gapdown_v1,279,2,2,signal,
2022-03-10,opening_gapdown_v1,57,4,3,signal,
2022-03-11,opening_gapdown_v1,2,0,0,no_signal,no_candidate_with_rsi14_prev<30
2022-03-14,opening_gapdown_v1,17,0,0,no_signal,no_candidate_with_rsi14_prev<30
2022-03-15,opening_gapdown_v1,34,3,3,signal,
2022-03-16,opening_gapdown_v1,13,0,0,no_signal,no_candidate_with_rsi14_prev<30
2022-03-17,opening_gapdown_v1,17,0,0,no_signal,no_candidate_with_rsi14_prev<30
2022-03-18,opening_gapdown_v1,8,0,0,no_signal,no_candidate_with_rsi14_prev<30
2022-03-21,opening_gapdown_v1,4,0,0,no_signal,no_candidate_with_rsi14_prev<30
2022-03-22,opening_gapdown_v1,21,1,1,signal,
2022-03-23,opening_gapdown_v1,14,1,1,signal,
2022-03-24,opening_gapdown_v1,33,1,1,signal,
2022-03-25,opening_gapdown_v1,14,0,0,no_signal,no_candidate_with_rsi14_prev<30
2022-03-28,opening_gapdown_v1,22,0,0,no_signal,no_candidate_with_rsi14_prev<30
2022-03-29,opening_gapdown_v1,21,1,1,signal,
2022-03-30,opening_gapdown_v1,36,0,0,no_signal,no_candidate_with_rsi14_prev<30
2022-03-31,opening_gapdown_v1,26,0,0,no_signal,no_candidate_with_rsi14_prev<30
2022-04-01,opening_gapdown_v1,30,0,0,no_signal,no_candidate_with_rsi14_prev<30
2022-04-04,opening_gapdown_v1,20,1,1,signal,
2022-04-05,opening_gapdown_v1,13,0,0,no_signal,no_candidate_with_rsi14_prev<30
2022-04-06,opening_gapdown_v1,38,1,1,signal,
2022-04-07,opening_gapdown_v1,63,2,2,signal,
2022-04-08,opening_gapdown_v1,19,0,0,no_signal,no_candidate_with_rsi14_prev<30
2022-04-11,opening_gapdown_v1,31,0,0,no_signal,no_candidate_with_rsi14_prev<30
2022-04-12,opening_gapdown_v1,101,1,1,signal,
2022-04-13,opening_gapdown_v1,14,0,0,no_signal,no_candidate_with_rsi14_prev<30
2022-04-14,opening_gapdown_v1,7,0,0,no_signal,no_candidate_with_rsi14_prev<30
2022-04-15,opening_gapdown_v1,29,0,0,no_signal,no_candidate_with_rsi14_prev<30
2022-04-18,opening_gapdown_v1,17,0,0,no_signal,no_candidate_with_rsi14_prev<30
2022-04-19,opening_gapdown_v1,6,0,0,no_signal,no_candidate_with_rsi14_prev<30
2022-04-20,opening_gapdown_v1,15,0,0,no_signal,no_candidate_with_rsi14_prev<30
2022-04-21,opening_gapdown_v1,16,1,1,signal,
2022-04-22,opening_gapdown_v1,49,1,1,signal,
2022-04-25,opening_gapdown_v1,315,14,3,signal,
2022-04-26,opening_gapdown_v1,8,0,0,no_signal,no_candidate_with_rsi14_prev<30
2022-04-27,opening_gapdown_v1,533,20,3,signal,
2022-04-28,opening_gapdown_v1,17,2,2,signal,
2022-04-29,opening_gapdown_v1,19,0,0,no_signal,no_candidate_with_rsi14_prev<30
2022-05-02,opening_gapdown_v1,135,9,3,signal,
2022-05-03,opening_gapdown_v1,14,0,0,no_signal,no_candidate_with_rsi14_prev<30
2022-05-04,opening_gapdown_v1,14,0,0,no_signal,no_candidate_with_rsi14_prev<30
2022-05-06,opening_gapdown_v1,178,14,3,signal,
2022-05-09,opening_gapdown_v1,31,2,2,signal,
2022-05-10,opening_gapdown_v1,417,75,3,signal,
2022-05-11,opening_gapdown_v1,31,7,3,signal,
2022-05-12,opening_gapdown_v1,162,23,3,signal,
2022-05-13,opening_gapdown_v1,18,2,2,signal,
2022-05-16,opening_gapdown_v1,11,0,0,no_signal,no_candidate_with_rsi14_prev<30
2022-05-17,opening_gapdown_v1,27,2,2,signal,
2022-05-18,opening_gapdown_v1,9,0,0,no_signal,no_candidate_with_rsi14_prev<30
2022-05-19,opening_gapdown_v1,573,35,3,signal,
2022-05-20,opening_gapdown_v1,14,0,0,no_signal,no_candidate_with_rsi14_prev<30
2022-05-23,opening_gapdown_v1,10,0,0,no_signal,no_candidate_with_rsi14_prev<30
2022-05-24,opening_gapdown_v1,21,0,0,no_signal,no_candidate_with_rsi14_prev<30
2022-05-25,opening_gapdown_v1,9,0,0,no_signal,no_candidate_with_rsi14_prev<30
2022-05-26,opening_gapdown_v1,8,0,0,no_signal,no_candidate_with_rsi14_prev<30
2022-05-27,opening_gapdown_v1,3,0,0,no_signal,no_candidate_with_rsi14_prev<30
2022-05-30,opening_gapdown_v1,12,0,0,no_signal,no_candidate_with_rsi14_prev<30
2022-05-31,opening_gapdown_v1,4,0,0,no_signal,no_candidate_with_rsi14_prev<30
2022-06-02,opening_gapdown_v1,21,0,0,no_signal,no_candidate_with_rsi14_prev<30
2022-06-03,opening_gapdown_v1,3,0,0,no_signal,no_candidate_with_rsi14_prev<30
2022-06-07,opening_gapdown_v1,18,0,0,no_signal,no_candidate_with_rsi14_prev<30
2022-06-08,opening_gapdown_v1,11,1,1,signal,
2022-06-09,opening_gapdown_v1,25,0,0,no_signal,no_candidate_with_rsi14_prev<30
2022-06-10,opening_gapdown_v1,62,0,0,no_signal,no_candidate_with_rsi14_prev<30
2022-06-13,opening_gapdown_v1,429,15,3,signal,
2022-06-14,opening_gapdown_v1,564,132,3,signal,
2022-06-15,opening_gapdown_v1,55,11,3,signal,
2022-06-16,opening_gapdown_v1,21,1,1,signal,
2022-06-17,opening_gapdown_v1,518,152,3,signal,
2022-06-20,opening_gapdown_v1,16,1,1,signal,
2022-06-21,opening_gapdown_v1,10,0,0,no_signal,no_candidate_with_rsi14_prev<30
2022-06-22,opening_gapdown_v1,14,0,0,no_signal,no_candidate_with_rsi14_prev<30
2022-06-23,opening_gapdown_v1,30,2,2,signal,
2022-06-24,opening_gapdown_v1,32,8,3,signal,
2022-06-27,opening_gapdown_v1,7,0,0,no_signal,no_candidate_with_rsi14_prev<30
2022-06-28,opening_gapdown_v1,4,0,0,no_signal,no_candidate_with_rsi14_prev<30
2022-06-29,opening_gapdown_v1,191,11,3,signal,
2022-06-30,opening_gapdown_v1,8,0,0,no_signal,no_candidate_with_rsi14_prev<30
2022-07-01,opening_gapdown_v1,20,0,0,no_signal,no_candidate_with_rsi14_prev<30
2022-07-04,opening_gapdown_v1,8,0,0,no_signal,no_candidate_with_rsi14_prev<30
2022-07-05,opening_gapdown_v1,21,0,0,no_signal,no_candidate_with_rsi14_prev<30
2022-07-06,opening_gapdown_v1,40,0,0,no_signal,no_candidate_with_rsi14_prev<30
2022-07-07,opening_gapdown_v1,13,0,0,no_signal,no_candidate_with_rsi14_prev<30
2022-07-08,opening_gapdown_v1,7,1,1,signal,
2022-07-11,opening_gapdown_v1,3,0,0,no_signal,no_candidate_with_rsi14_prev<30
2022-07-12,opening_gapdown_v1,35,0,0,no_signal,no_candidate_with_rsi14_prev<30
2022-07-13,opening_gapdown_v1,21,1,1,signal,
2022-07-14,opening_gapdown_v1,26,0,0,no_signal,no_candidate_with_rsi14_prev<30
2022-07-15,opening_gapdown_v1,13,0,0,no_signal,no_candidate_with_rsi14_prev<30
2022-07-18,opening_gapdown_v1,3,0,0,no_signal,no_candidate_with_rsi14_prev<30
2022-07-19,opening_gapdown_v1,20,0,0,no_signal,no_candidate_with_rsi14_prev<30
2022-07-20,opening_gapdown_v1,6,0,0,no_signal,no_candidate_with_rsi14_prev<30
2022-07-21,opening_gapdown_v1,7,0,0,no_signal,no_candidate_with_rsi14_prev<30
2022-07-22,opening_gapdown_v1,8,0,0,no_signal,no_candidate_with_rsi14_prev<30
2022-07-25,opening_gapdown_v1,24,1,1,signal,
2022-07-26,opening_gapdown_v1,13,0,0,no_signal,no_candidate_with_rsi14_prev<30
2022-07-27,opening_gapdown_v1,11,0,0,no_signal,no_candidate_with_rsi14_prev<30
2022-07-28,opening_gapdown_v1,14,0,0,no_signal,no_candidate_with_rsi14_prev<30
2022-07-29,opening_gapdown_v1,11,0,0,no_signal,no_candidate_with_rsi14_prev<30
2022-08-01,opening_gapdown_v1,16,0,0,no_signal,no_candidate_with_rsi14_prev<30
2022-08-02,opening_gapdown_v1,10,0,0,no_signal,no_candidate_with_rsi14_prev<30
2022-08-03,opening_gapdown_v1,12,0,0,no_signal,no_candidate_with_rsi14_prev<30
2022-08-04,opening_gapdown_v1,8,0,0,no_signal,no_candidate_with_rsi14_prev<30
2022-08-05,opening_gapdown_v1,11,0,0,no_signal,no_candidate_with_rsi14_prev<30
2022-08-08,opening_gapdown_v1,12,0,0,no_signal,no_candidate_with_rsi14_prev<30
2022-08-09,opening_gapdown_v1,20,0,0,no_signal,no_candidate_with_rsi14_prev<30
2022-08-10,opening_gapdown_v1,33,0,0,no_signal,no_candidate_with_rsi14_prev<30
2022-08-11,opening_gapdown_v1,5,0,0,no_signal,no_candidate_with_rsi14_prev<30
2022-08-12,opening_gapdown_v1,13,0,0,no_signal,no_candidate_with_rsi14_prev<30
2022-08-16,opening_gapdown_v1,10,0,0,no_signal,no_candidate_with_rsi14_prev<30
2022-08-17,opening_gapdown_v1,21,0,0,no_signal,no_candidate_with_rsi14_prev<30
2022-08-18,opening_gapdown_v1,27,1,1,signal,
2022-08-19,opening_gapdown_v1,13,0,0,no_signal,no_candidate_with_rsi14_prev<30
2022-08-22,opening_gapdown_v1,123,1,1,signal,
2022-08-23,opening_gapdown_v1,78,1,1,signal,
2022-08-24,opening_gapdown_v1,6,0,0,no_signal,no_candidate_with_rsi14_prev<30
2022-08-25,opening_gapdown_v1,9,0,0,no_signal,no_candidate_with_rsi14_prev<30
2022-08-26,opening_gapdown_v1,8,0,0,no_signal,no_candidate_with_rsi14_prev<30
2022-08-29,opening_gapdown_v1,538,5,3,signal,
2022-08-30,opening_gapdown_v1,6,0,0,no_signal,no_candidate_with_rsi14_prev<30
2022-08-31,opening_gapdown_v1,27,0,0,no_signal,no_candidate_with_rsi14_prev<30
2022-09-01,opening_gapdown_v1,34,0,0,no_signal,no_candidate_with_rsi14_prev<30
2022-09-02,opening_gapdown_v1,6,0,0,no_signal,no_candidate_with_rsi14_prev<30
2022-09-05,opening_gapdown_v1,14,0,0,no_signal,no_candidate_with_rsi14_prev<30
2022-09-06,opening_gapdown_v1,16,0,0,no_signal,no_candidate_with_rsi14_prev<30
2022-09-07,opening_gapdown_v1,13,0,0,no_signal,no_candidate_with_rsi14_prev<30
2022-09-08,opening_gapdown_v1,15,0,0,no_signal,no_candidate_with_rsi14_prev<30
2022-09-13,opening_gapdown_v1,8,0,0,no_signal,no_candidate_with_rsi14_prev<30
2022-09-14,opening_gapdown_v1,577,4,3,signal,
2022-09-15,opening_gapdown_v1,6,0,0,no_signal,no_candidate_with_rsi14_prev<30
2022-09-16,opening_gapdown_v1,31,1,1,signal,
2022-09-19,opening_gapdown_v1,20,2,2,signal,
2022-09-20,opening_gapdown_v1,13,1,1,signal,
2022-09-21,opening_gapdown_v1,39,1,1,signal,
2022-09-22,opening_gapdown_v1,161,13,3,signal,
2022-09-23,opening_gapdown_v1,17,1,1,signal,
2022-09-26,opening_gapdown_v1,295,59,3,signal,
2022-09-27,opening_gapdown_v1,66,21,3,signal,
2022-09-28,opening_gapdown_v1,38,8,3,signal,
2022-09-29,opening_gapdown_v1,16,1,1,signal,
2022-09-30,opening_gapdown_v1,207,78,3,signal,
2022-10-04,opening_gapdown_v1,7,1,1,signal,
2022-10-05,opening_gapdown_v1,6,1,1,signal,
2022-10-06,opening_gapdown_v1,7,0,0,no_signal,no_candidate_with_rsi14_prev<30
2022-10-07,opening_gapdown_v1,33,5,3,signal,
2022-10-11,opening_gapdown_v1,301,23,3,signal,
2022-10-12,opening_gapdown_v1,34,6,3,signal,
2022-10-13,opening_gapdown_v1,29,4,3,signal,
2022-10-14,opening_gapdown_v1,9,0,0,no_signal,no_candidate_with_rsi14_prev<30
2022-10-17,opening_gapdown_v1,279,18,3,signal,
2022-10-18,opening_gapdown_v1,4,0,0,no_signal,no_candidate_with_rsi14_prev<30
2022-10-19,opening_gapdown_v1,3,0,0,no_signal,no_candidate_with_rsi14_prev<30
2022-10-20,opening_gapdown_v1,13,0,0,no_signal,no_candidate_with_rsi14_prev<30
2022-10-21,opening_gapdown_v1,26,0,0,no_signal,no_candidate_with_rsi14_prev<30
2022-10-24,opening_gapdown_v1,7,0,0,no_signal,no_candidate_with_rsi14_prev<30
2022-10-25,opening_gapdown_v1,10,0,0,no_signal,no_candidate_with_rsi14_prev<30
2022-10-26,opening_gapdown_v1,5,0,0,no_signal,no_candidate_with_rsi14_prev<30
2022-10-27,opening_gapdown_v1,6,0,0,no_signal,no_candidate_with_rsi14_prev<30
2022-10-28,opening_gapdown_v1,37,0,0,no_signal,no_candidate_with_rsi14_prev<30
2022-10-31,opening_gapdown_v1,11,0,0,no_signal,no_candidate_with_rsi14_prev<30
2022-11-01,opening_gapdown_v1,8,0,0,no_signal,no_candidate_with_rsi14_prev<30
2022-11-02,opening_gapdown_v1,18,1,1,signal,
2022-11-03,opening_gapdown_v1,277,3,3,signal,
2022-11-04,opening_gapdown_v1,16,0,0,no_signal,no_candidate_with_rsi14_prev<30
2022-11-07,opening_gapdown_v1,12,0,0,no_signal,no_candidate_with_rsi14_prev<30
2022-11-08,opening_gapdown_v1,10,0,0,no_signal,no_candidate_with_rsi14_prev<30
2022-11-09,opening_gapdown_v1,10,0,0,no_signal,no_candidate_with_rsi14_prev<30
2022-11-10,opening_gapdown_v1,60,0,0,no_signal,no_candidate_with_rsi14_prev<30
2022-11-11,opening_gapdown_v1,5,0,0,no_signal,no_candidate_with_rsi14_prev<30
2022-11-14,opening_gapdown_v1,24,0,0,no_signal,no_candidate_with_rsi14_prev<30
2022-11-15,opening_gapdown_v1,21,0,0,no_signal,no_candidate_with_rsi14_prev<30
2022-11-16,opening_gapdown_v1,6,0,0,no_signal,no_candidate_with_rsi14_prev<30
2022-11-17,opening_gapdown_v1,27,1,1,signal,
2022-11-18,opening_gapdown_v1,11,1,1,signal,
2022-11-21,opening_gapdown_v1,11,0,0,no_signal,no_candidate_with_rsi14_prev<30
2022-11-22,opening_gapdown_v1,29,0,0,no_signal,no_candidate_with_rsi14_prev<30
2022-11-23,opening_gapdown_v1,8,0,0,no_signal,no_candidate_with_rsi14_prev<30
2022-11-24,opening_gapdown_v1,4,0,0,no_signal,no_candidate_with_rsi14_prev<30
2022-11-25,opening_gapdown_v1,23,0,0,no_signal,no_candidate_with_rsi14_prev<30
2022-11-28,opening_gapdown_v1,18,0,0,no_signal,no_candidate_with_rsi14_prev<30
2022-11-29,opening_gapdown_v1,31,0,0,no_signal,no_candidate_with_rsi14_prev<30
2022-11-30,opening_gapdown_v1,10,0,0,no_signal,no_candidate_with_rsi14_prev<30
2022-12-01,opening_gapdown_v1,5,0,0,no_signal,no_candidate_with_rsi14_prev<30
2022-12-02,opening_gapdown_v1,6,0,0,no_signal,no_candidate_with_rsi14_prev<30
2022-12-05,opening_gapdown_v1,14,0,0,no_signal,no_candidate_with_rsi14_prev<30
2022-12-06,opening_gapdown_v1,49,0,0,no_signal,no_candidate_with_rsi14_prev<30
2022-12-07,opening_gapdown_v1,56,1,1,signal,
2022-12-08,opening_gapdown_v1,16,0,0,no_signal,no_candidate_with_rsi14_prev<30
2022-12-09,opening_gapdown_v1,12,0,0,no_signal,no_candidate_with_rsi14_prev<30
2022-12-12,opening_gapdown_v1,29,0,0,no_signal,no_candidate_with_rsi14_prev<30
2022-12-13,opening_gapdown_v1,3,0,0,no_signal,no_candidate_with_rsi14_prev<30
2022-12-14,opening_gapdown_v1,22,1,1,signal,
2022-12-15,opening_gapdown_v1,22,0,0,no_signal,no_candidate_with_rsi14_prev<30
2022-12-16,opening_gapdown_v1,198,2,2,signal,
2022-12-19,opening_gapdown_v1,14,1,1,signal,
2022-12-20,opening_gapdown_v1,16,0,0,no_signal,no_candidate_with_rsi14_prev<30
2022-12-21,opening_gapdown_v1,8,0,0,no_signal,no_candidate_with_rsi14_prev<30
2022-12-22,opening_gapdown_v1,17,0,0,no_signal,no_candidate_with_rsi14_prev<30
2022-12-23,opening_gapdown_v1,144,2,2,signal,
2022-12-26,opening_gapdown_v1,16,0,0,no_signal,no_candidate_with_rsi14_prev<30
2022-12-27,opening_gapdown_v1,11,0,0,no_signal,no_candidate_with_rsi14_prev<30
2022-12-28,opening_gapdown_v1,106,0,0,no_signal,no_candidate_with_rsi14_prev<30
2022-12-29,opening_gapdown_v1,27,0,0,no_signal,no_candidate_with_rsi14_prev<30
2023-01-02,opening_gapdown_v1,28,0,0,no_signal,no_candidate_with_rsi14_prev<30
2023-01-03,opening_gapdown_v1,24,2,2,signal,
2023-01-04,opening_gapdown_v1,60,6,3,signal,
2023-01-05,opening_gapdown_v1,5,0,0,no_signal,no_candidate_with_rsi14_prev<30
2023-01-06,opening_gapdown_v1,40,0,0,no_signal,no_candidate_with_rsi14_prev<30
2023-01-09,opening_gapdown_v1,5,0,0,no_signal,no_candidate_with_rsi14_prev<30
2023-01-10,opening_gapdown_v1,5,0,0,no_signal,no_candidate_with_rsi14_prev<30
2023-01-11,opening_gapdown_v1,6,0,0,no_signal,no_candidate_with_rsi14_prev<30
2023-01-12,opening_gapdown_v1,4,0,0,no_signal,no_candidate_with_rsi14_prev<30
2023-01-13,opening_gapdown_v1,3,0,0,no_signal,no_candidate_with_rsi14_prev<30
2023-01-16,opening_gapdown_v1,12,0,0,no_signal,no_candidate_with_rsi14_prev<30
2023-01-17,opening_gapdown_v1,9,0,0,no_signal,no_candidate_with_rsi14_prev<30
2023-01-18,opening_gapdown_v1,13,0,0,no_signal,no_candidate_with_rsi14_prev<30
2023-01-19,opening_gapdown_v1,45,0,0,no_signal,no_candidate_with_rsi14_prev<30
2023-01-20,opening_gapdown_v1,16,0,0,no_signal,no_candidate_with_rsi14_prev<30
2023-01-25,opening_gapdown_v1,7,0,0,no_signal,no_candidate_with_rsi14_prev<30
2023-01-26,opening_gapdown_v1,5,0,0,no_signal,no_candidate_with_rsi14_prev<30
2023-01-27,opening_gapdown_v1,12,0,0,no_signal,no_candidate_with_rsi14_prev<30
2023-01-30,opening_gapdown_v1,6,0,0,no_signal,no_candidate_with_rsi14_prev<30
2023-01-31,opening_gapdown_v1,36,2,2,signal,
2023-02-01,opening_gapdown_v1,13,0,0,no_signal,no_candidate_with_rsi14_prev<30
2023-02-02,opening_gapdown_v1,4,0,0,no_signal,no_candidate_with_rsi14_prev<30
2023-02-03,opening_gapdown_v1,8,0,0,no_signal,no_candidate_with_rsi14_prev<30
2023-02-06,opening_gapdown_v1,25,0,0,no_signal,no_candidate_with_rsi14_prev<30
2023-02-07,opening_gapdown_v1,12,0,0,no_signal,no_candidate_with_rsi14_prev<30
2023-02-08,opening_gapdown_v1,5,0,0,no_signal,no_candidate_with_rsi14_prev<30
2023-02-09,opening_gapdown_v1,45,0,0,no_signal,no_candidate_with_rsi14_prev<30
2023-02-10,opening_gapdown_v1,30,0,0,no_signal,no_candidate_with_rsi14_prev<30
2023-02-13,opening_gapdown_v1,18,0,0,no_signal,no_candidate_with_rsi14_prev<30
2023-02-14,opening_gapdown_v1,4,0,0,no_signal,no_candidate_with_rsi14_prev<30
2023-02-15,opening_gapdown_v1,3,0,0,no_signal,no_candidate_with_rsi14_prev<30
2023-02-16,opening_gapdown_v1,10,0,0,no_signal,no_candidate_with_rsi14_prev<30
2023-02-17,opening_gapdown_v1,123,0,0,no_signal,no_candidate_with_rsi14_prev<30
2023-02-20,opening_gapdown_v1,11,0,0,no_signal,no_candidate_with_rsi14_prev<30
2023-02-21,opening_gapdown_v1,10,0,0,no_signal,no_candidate_with_rsi14_prev<30
2023-02-22,opening_gapdown_v1,170,0,0,no_signal,no_candidate_with_rsi14_prev<30
2023-02-23,opening_gapdown_v1,11,0,0,no_signal,no_candidate_with_rsi14_prev<30
2023-02-24,opening_gapdown_v1,14,0,0,no_signal,no_candidate_with_rsi14_prev<30
2023-02-27,opening_gapdown_v1,35,0,0,no_signal,no_candidate_with_rsi14_prev<30
2023-02-28,opening_gapdown_v1,12,0,0,no_signal,no_candidate_with_rsi14_prev<30
2023-03-02,opening_gapdown_v1,11,0,0,no_signal,no_candidate_with_rsi14_prev<30
2023-03-03,opening_gapdown_v1,9,0,0,no_signal,no_candidate_with_rsi14_prev<30
2023-03-06,opening_gapdown_v1,10,0,0,no_signal,no_candidate_with_rsi14_prev<30
2023-03-07,opening_gapdown_v1,22,0,0,no_signal,no_candidate_with_rsi14_prev<30
2023-03-08,opening_gapdown_v1,79,1,1,signal,
2023-03-09,opening_gapdown_v1,15,1,1,signal,
2023-03-10,opening_gapdown_v1,271,1,1,signal,
2023-03-13,opening_gapdown_v1,106,0,0,no_signal,no_candidate_with_rsi14_prev<30
2023-03-14,opening_gapdown_v1,40,1,1,signal,
2023-03-15,opening_gapdown_v1,9,0,0,no_signal,no_candidate_with_rsi14_prev<30
2023-03-16,opening_gapdown_v1,57,2,2,signal,
2023-03-17,opening_gapdown_v1,10,0,0,no_signal,no_candidate_with_rsi14_prev<30
2023-03-20,opening_gapdown_v1,47,0,0,no_signal,no_candidate_with_rsi14_prev<30
2023-03-21,opening_gapdown_v1,9,0,0,no_signal,no_candidate_with_rsi14_prev<30
2023-03-22,opening_gapdown_v1,7,0,0,no_signal,no_candidate_with_rsi14_prev<30
2023-03-23,opening_gapdown_v1,49,0,0,no_signal,no_candidate_with_rsi14_prev<30
2023-03-24,opening_gapdown_v1,14,0,0,no_signal,no_candidate_with_rsi14_prev<30
2023-03-27,opening_gapdown_v1,18,0,0,no_signal,no_candidate_with_rsi14_prev<30
2023-03-28,opening_gapdown_v1,11,0,0,no_signal,no_candidate_with_rsi14_prev<30
2023-03-29,opening_gapdown_v1,24,0,0,no_signal,no_candidate_with_rsi14_prev<30
2023-03-30,opening_gapdown_v1,6,0,0,no_signal,no_candidate_with_rsi14_prev<30
2023-03-31,opening_gapdown_v1,34,0,0,no_signal,no_candidate_with_rsi14_prev<30
2023-04-03,opening_gapdown_v1,22,0,0,no_signal,no_candidate_with_rsi14_prev<30
2023-04-04,opening_gapdown_v1,22,1,1,signal,
2023-04-05,opening_gapdown_v1,29,0,0,no_signal,no_candidate_with_rsi14_prev<30
2023-04-06,opening_gapdown_v1,33,1,1,signal,
2023-04-07,opening_gapdown_v1,24,0,0,no_signal,no_candidate_with_rsi14_prev<30
2023-04-10,opening_gapdown_v1,18,0,0,no_signal,no_candidate_with_rsi14_prev<30
2023-04-11,opening_gapdown_v1,15,0,0,no_signal,no_candidate_with_rsi14_prev<30
2023-04-12,opening_gapdown_v1,32,0,0,no_signal,no_candidate_with_rsi14_prev<30
2023-04-13,opening_gapdown_v1,57,0,0,no_signal,no_candidate_with_rsi14_prev<30
2023-04-14,opening_gapdown_v1,17,0,0,no_signal,no_candidate_with_rsi14_prev<30
2023-04-17,opening_gapdown_v1,31,0,0,no_signal,no_candidate_with_rsi14_prev<30
2023-04-18,opening_gapdown_v1,17,0,0,no_signal,no_candidate_with_rsi14_prev<30
2023-04-19,opening_gapdown_v1,17,0,0,no_signal,no_candidate_with_rsi14_prev<30
2023-04-20,opening_gapdown_v1,53,0,0,no_signal,no_candidate_with_rsi14_prev<30
2023-04-21,opening_gapdown_v1,61,0,0,no_signal,no_candidate_with_rsi14_prev<30
2023-04-24,opening_gapdown_v1,50,1,1,signal,
2023-04-25,opening_gapdown_v1,34,1,1,signal,
2023-04-26,opening_gapdown_v1,71,4,3,signal,
2023-04-27,opening_gapdown_v1,48,2,2,signal,
2023-04-28,opening_gapdown_v1,14,2,2,signal,
2023-05-02,opening_gapdown_v1,30,2,2,signal,
2023-05-03,opening_gapdown_v1,52,1,1,signal,
2023-05-04,opening_gapdown_v1,33,0,0,no_signal,no_candidate_with_rsi14_prev<30
2023-05-08,opening_gapdown_v1,24,0,0,no_signal,no_candidate_with_rsi14_prev<30
2023-05-09,opening_gapdown_v1,21,0,0,no_signal,no_candidate_with_rsi14_prev<30
2023-05-10,opening_gapdown_v1,31,0,0,no_signal,no_candidate_with_rsi14_prev<30
2023-05-11,opening_gapdown_v1,28,2,2,signal,
2023-05-12,opening_gapdown_v1,27,1,1,signal,
2023-05-15,opening_gapdown_v1,29,3,3,signal,
2023-05-16,opening_gapdown_v1,30,0,0,no_signal,no_candidate_with_rsi14_prev<30
2023-05-17,opening_gapdown_v1,26,1,1,signal,
2023-05-18,opening_gapdown_v1,16,0,0,no_signal,no_candidate_with_rsi14_prev<30
2023-05-19,opening_gapdown_v1,16,0,0,no_signal,no_candidate_with_rsi14_prev<30
2023-05-22,opening_gapdown_v1,11,0,0,no_signal,no_candidate_with_rsi14_prev<30
2023-05-23,opening_gapdown_v1,7,0,0,no_signal,no_candidate_with_rsi14_prev<30
2023-05-24,opening_gapdown_v1,23,0,0,no_signal,no_candidate_with_rsi14_prev<30
2023-05-25,opening_gapdown_v1,21,0,0,no_signal,no_candidate_with_rsi14_prev<30
2023-05-26,opening_gapdown_v1,12,0,0,no_signal,no_candidate_with_rsi14_prev<30
2023-05-30,opening_gapdown_v1,13,0,0,no_signal,no_candidate_with_rsi14_prev<30
2023-05-31,opening_gapdown_v1,22,1,1,signal,
2023-06-01,opening_gapdown_v1,34,0,0,no_signal,no_candidate_with_rsi14_prev<30
2023-06-02,opening_gapdown_v1,4,0,0,no_signal,no_candidate_with_rsi14_prev<30
2023-06-05,opening_gapdown_v1,8,1,1,signal,
2023-06-07,opening_gapdown_v1,10,0,0,no_signal,no_candidate_with_rsi14_prev<30
2023-06-08,opening_gapdown_v1,21,0,0,no_signal,no_candidate_with_rsi14_prev<30
2023-06-09,opening_gapdown_v1,4,1,1,signal,
2023-06-12,opening_gapdown_v1,9,0,0,no_signal,no_candidate_with_rsi14_prev<30
2023-06-13,opening_gapdown_v1,7,0,0,no_signal,no_candidate_with_rsi14_prev<30
2023-06-14,opening_gapdown_v1,10,1,1,signal,
2023-06-15,opening_gapdown_v1,33,1,1,signal,
2023-06-16,opening_gapdown_v1,13,0,0,no_signal,no_candidate_with_rsi14_prev<30
2023-06-19,opening_gapdown_v1,18,1,1,signal,
2023-06-20,opening_gapdown_v1,21,0,0,no_signal,no_candidate_with_rsi14_prev<30
2023-06-21,opening_gapdown_v1,18,0,0,no_signal,no_candidate_with_rsi14_prev<30
2023-06-22,opening_gapdown_v1,67,1,1,signal,
2023-06-23,opening_gapdown_v1,15,0,0,no_signal,no_candidate_with_rsi14_prev<30
2023-06-26,opening_gapdown_v1,31,0,0,no_signal,no_candidate_with_rsi14_prev<30
2023-06-27,opening_gapdown_v1,18,1,1,signal,
2023-06-28,opening_gapdown_v1,9,0,0,no_signal,no_candidate_with_rsi14_prev<30
2023-06-29,opening_gapdown_v1,23,0,0,no_signal,no_candidate_with_rsi14_prev<30
2023-06-30,opening_gapdown_v1,22,1,1,signal,
2023-07-03,opening_gapdown_v1,9,1,1,signal,
2023-07-04,opening_gapdown_v1,13,0,0,no_signal,no_candidate_with_rsi14_prev<30
2023-07-05,opening_gapdown_v1,13,2,2,signal,
2023-07-06,opening_gapdown_v1,17,1,1,signal,
2023-07-07,opening_gapdown_v1,42,3,3,signal,
2023-07-10,opening_gapdown_v1,18,2,2,signal,
2023-07-11,opening_gapdown_v1,16,0,0,no_signal,no_candidate_with_rsi14_prev<30
2023-07-12,opening_gapdown_v1,15,0,0,no_signal,no_candidate_with_rsi14_prev<30
2023-07-13,opening_gapdown_v1,14,0,0,no_signal,no_candidate_with_rsi14_prev<30
2023-07-14,opening_gapdown_v1,14,0,0,no_signal,no_candidate_with_rsi14_prev<30
2023-07-17,opening_gapdown_v1,38,2,2,signal,
2023-07-18,opening_gapdown_v1,22,0,0,no_signal,no_candidate_with_rsi14_prev<30
2023-07-19,opening_gapdown_v1,17,0,0,no_signal,no_candidate_with_rsi14_prev<30
2023-07-20,opening_gapdown_v1,38,0,0,no_signal,no_candidate_with_rsi14_prev<30
2023-07-21,opening_gapdown_v1,151,0,0,no_signal,no_candidate_with_rsi14_prev<30
2023-07-24,opening_gapdown_v1,22,1,1,signal,
2023-07-25,opening_gapdown_v1,18,2,2,signal,
2023-07-26,opening_gapdown_v1,34,5,3,signal,
2023-07-27,opening_gapdown_v1,55,23,3,signal,
2023-07-28,opening_gapdown_v1,90,4,3,signal,
2023-07-31,opening_gapdown_v1,11,0,0,no_signal,no_candidate_with_rsi14_prev<30
2023-08-01,opening_gapdown_v1,4,0,0,no_signal,no_candidate_with_rsi14_prev<30
2023-08-02,opening_gapdown_v1,80,0,0,no_signal,no_candidate_with_rsi14_prev<30
2023-08-03,opening_gapdown_v1,42,0,0,no_signal,no_candidate_with_rsi14_prev<30
2023-08-04,opening_gapdown_v1,47,1,1,signal,
2023-08-07,opening_gapdown_v1,35,0,0,no_signal,no_candidate_with_rsi14_prev<30
2023-08-08,opening_gapdown_v1,19,1,1,signal,
2023-08-09,opening_gapdown_v1,23,1,1,signal,
2023-08-10,opening_gapdown_v1,51,0,0,no_signal,no_candidate_with_rsi14_prev<30
2023-08-11,opening_gapdown_v1,26,0,0,no_signal,no_candidate_with_rsi14_prev<30
2023-08-14,opening_gapdown_v1,72,0,0,no_signal,no_candidate_with_rsi14_prev<30
2023-08-16,opening_gapdown_v1,108,4,3,signal,
2023-08-17,opening_gapdown_v1,132,5,3,signal,
2023-08-18,opening_gapdown_v1,159,4,3,signal,
2023-08-21,opening_gapdown_v1,51,1,1,signal,
2023-08-22,opening_gapdown_v1,36,0,0,no_signal,no_candidate_with_rsi14_prev<30
2023-08-23,opening_gapdown_v1,18,0,0,no_signal,no_candidate_with_rsi14_prev<30
2023-08-24,opening_gapdown_v1,33,0,0,no_signal,no_candidate_with_rsi14_prev<30
2023-08-25,opening_gapdown_v1,162,0,0,no_signal,no_candidate_with_rsi14_prev<30
2023-08-28,opening_gapdown_v1,15,1,1,signal,
2023-08-29,opening_gapdown_v1,17,0,0,no_signal,no_candidate_with_rsi14_prev<30
2023-08-30,opening_gapdown_v1,15,0,0,no_signal,no_candidate_with_rsi14_prev<30
2023-08-31,opening_gapdown_v1,17,0,0,no_signal,no_candidate_with_rsi14_prev<30
2023-09-01,opening_gapdown_v1,18,0,0,no_signal,no_candidate_with_rsi14_prev<30
2023-09-04,opening_gapdown_v1,36,0,0,no_signal,no_candidate_with_rsi14_prev<30
2023-09-05,opening_gapdown_v1,14,0,0,no_signal,no_candidate_with_rsi14_prev<30
2023-09-06,opening_gapdown_v1,12,0,0,no_signal,no_candidate_with_rsi14_prev<30
2023-09-07,opening_gapdown_v1,38,0,0,no_signal,no_candidate_with_rsi14_prev<30
2023-09-08,opening_gapdown_v1,25,0,0,no_signal,no_candidate_with_rsi14_prev<30
2023-09-11,opening_gapdown_v1,12,0,0,no_signal,no_candidate_with_rsi14_prev<30
2023-09-12,opening_gapdown_v1,15,0,0,no_signal,no_candidate_with_rsi14_prev<30
2023-09-13,opening_gapdown_v1,35,2,2,signal,
2023-09-14,opening_gapdown_v1,17,0,0,no_signal,no_candidate_with_rsi14_prev<30
2023-09-15,opening_gapdown_v1,20,0,0,no_signal,no_candidate_with_rsi14_prev<30
2023-09-18,opening_gapdown_v1,72,0,0,no_signal,no_candidate_with_rsi14_prev<30
2023-09-19,opening_gapdown_v1,24,0,0,no_signal,no_candidate_with_rsi14_prev<30
2023-09-20,opening_gapdown_v1,28,0,0,no_signal,no_candidate_with_rsi14_prev<30
2023-09-21,opening_gapdown_v1,81,0,0,no_signal,no_candidate_with_rsi14_prev<30
2023-09-22,opening_gapdown_v1,222,9,3,signal,
2023-09-25,opening_gapdown_v1,31,1,1,signal,
2023-09-26,opening_gapdown_v1,29,1,1,signal,
2023-09-27,opening_gapdown_v1,92,8,3,signal,
2023-10-04,opening_gapdown_v1,93,8,3,signal,
2023-10-05,opening_gapdown_v1,11,0,0,no_signal,no_candidate_with_rsi14_prev<30
2023-10-06,opening_gapdown_v1,22,2,2,signal,
2023-10-10,opening_gapdown_v1,21,1,1,signal,
2023-10-11,opening_gapdown_v1,27,0,0,no_signal,no_candidate_with_rsi14_prev<30
2023-10-12,opening_gapdown_v1,8,0,0,no_signal,no_candidate_with_rsi14_prev<30
2023-10-13,opening_gapdown_v1,19,1,1,signal,
2023-10-16,opening_gapdown_v1,75,1,1,signal,
2023-10-17,opening_gapdown_v1,11,1,1,signal,
2023-10-18,opening_gapdown_v1,32,1,1,signal,
2023-10-19,opening_gapdown_v1,209,9,3,signal,
2023-10-20,opening_gapdown_v1,145,19,3,signal,
2023-10-23,opening_gapdown_v1,69,10,3,signal,
2023-10-24,opening_gapdown_v1,33,2,2,signal,
2023-10-25,opening_gapdown_v1,17,0,0,no_signal,no_candidate_with_rsi14_prev<30
2023-10-26,opening_gapdown_v1,320,40,3,signal,
2023-10-27,opening_gapdown_v1,23,0,0,no_signal,no_candidate_with_rsi14_prev<30
2023-10-30,opening_gapdown_v1,42,6,3,signal,
2023-10-31,opening_gapdown_v1,12,0,0,no_signal,no_candidate_with_rsi14_prev<30
2023-11-01,opening_gapdown_v1,5,0,0,no_signal,no_candidate_with_rsi14_prev<30
2023-11-02,opening_gapdown_v1,16,2,2,signal,
2023-11-03,opening_gapdown_v1,10,3,3,signal,
2023-11-06,opening_gapdown_v1,23,0,0,no_signal,no_candidate_with_rsi14_prev<30
2023-11-07,opening_gapdown_v1,20,0,0,no_signal,no_candidate_with_rsi14_prev<30
2023-11-08,opening_gapdown_v1,27,0,0,no_signal,no_candidate_with_rsi14_prev<30
2023-11-09,opening_gapdown_v1,36,1,1,signal,
2023-11-10,opening_gapdown_v1,92,1,1,signal,
2023-11-13,opening_gapdown_v1,21,1,1,signal,
2023-11-14,opening_gapdown_v1,16,1,1,signal,
2023-11-15,opening_gapdown_v1,17,1,1,signal,
2023-11-16,opening_gapdown_v1,12,0,0,no_signal,no_candidate_with_rsi14_prev<30
2023-11-17,opening_gapdown_v1,27,0,0,no_signal,no_candidate_with_rsi14_prev<30
2023-11-20,opening_gapdown_v1,22,0,0,no_signal,no_candidate_with_rsi14_prev<30
2023-11-21,opening_gapdown_v1,8,0,0,no_signal,no_candidate_with_rsi14_prev<30
2023-11-22,opening_gapdown_v1,39,0,0,no_signal,no_candidate_with_rsi14_prev<30
2023-11-23,opening_gapdown_v1,13,0,0,no_signal,no_candidate_with_rsi14_prev<30
2023-11-24,opening_gapdown_v1,15,0,0,no_signal,no_candidate_with_rsi14_prev<30
2023-11-27,opening_gapdown_v1,11,0,0,no_signal,no_candidate_with_rsi14_prev<30
2023-11-28,opening_gapdown_v1,22,0,0,no_signal,no_candidate_with_rsi14_prev<30
2023-11-29,opening_gapdown_v1,17,0,0,no_signal,no_candidate_with_rsi14_prev<30
2023-11-30,opening_gapdown_v1,11,0,0,no_signal,no_candidate_with_rsi14_prev<30
2023-12-01,opening_gapdown_v1,29,0,0,no_signal,no_candidate_with_rsi14_prev<30
2023-12-04,opening_gapdown_v1,24,0,0,no_signal,no_candidate_with_rsi14_prev<30
2023-12-05,opening_gapdown_v1,31,1,1,signal,
2023-12-06,opening_gapdown_v1,15,0,0,no_signal,no_candidate_with_rsi14_prev<30
2023-12-07,opening_gapdown_v1,32,0,0,no_signal,no_candidate_with_rsi14_prev<30
2023-12-08,opening_gapdown_v1,21,0,0,no_signal,no_candidate_with_rsi14_prev<30
2023-12-11,opening_gapdown_v1,29,0,0,no_signal,no_candidate_with_rsi14_prev<30
2023-12-12,opening_gapdown_v1,35,0,0,no_signal,no_candidate_with_rsi14_prev<30
2023-12-13,opening_gapdown_v1,17,0,0,no_signal,no_candidate_with_rsi14_prev<30
2023-12-14,opening_gapdown_v1,8,0,0,no_signal,no_candidate_with_rsi14_prev<30
2023-12-15,opening_gapdown_v1,17,0,0,no_signal,no_candidate_with_rsi14_prev<30
2023-12-18,opening_gapdown_v1,23,0,0,no_signal,no_candidate_with_rsi14_prev<30
2023-12-19,opening_gapdown_v1,16,0,0,no_signal,no_candidate_with_rsi14_prev<30
2023-12-20,opening_gapdown_v1,11,0,0,no_signal,no_candidate_with_rsi14_prev<30
2023-12-21,opening_gapdown_v1,59,0,0,no_signal,no_candidate_with_rsi14_prev<30
2023-12-22,opening_gapdown_v1,25,0,0,no_signal,no_candidate_with_rsi14_prev<30
2023-12-26,opening_gapdown_v1,30,0,0,no_signal,no_candidate_with_rsi14_prev<30
2023-12-27,opening_gapdown_v1,63,0,0,no_signal,no_candidate_with_rsi14_prev<30
2023-12-28,opening_gapdown_v1,7,1,1,signal,
2024-01-02,opening_gapdown_v1,10,0,0,no_signal,no_candidate_with_rsi14_prev<30
2024-01-03,opening_gapdown_v1,76,0,0,no_signal,no_candidate_with_rsi14_prev<30
2024-01-04,opening_gapdown_v1,41,0,0,no_signal,no_candidate_with_rsi14_prev<30
2024-01-05,opening_gapdown_v1,30,0,0,no_signal,no_candidate_with_rsi14_prev<30
2024-01-08,opening_gapdown_v1,14,0,0,no_signal,no_candidate_with_rsi14_prev<30
2024-01-09,opening_gapdown_v1,12,0,0,no_signal,no_candidate_with_rsi14_prev<30
2024-01-10,opening_gapdown_v1,18,0,0,no_signal,no_candidate_with_rsi14_prev<30
2024-01-11,opening_gapdown_v1,21,0,0,no_signal,no_candidate_with_rsi14_prev<30
2024-01-12,opening_gapdown_v1,49,0,0,no_signal,no_candidate_with_rsi14_prev<30
2024-01-15,opening_gapdown_v1,30,0,0,no_signal,no_candidate_with_rsi14_prev<30
2024-01-16,opening_gapdown_v1,29,0,0,no_signal,no_candidate_with_rsi14_prev<30
2024-01-17,opening_gapdown_v1,29,0,0,no_signal,no_candidate_with_rsi14_prev<30
2024-01-18,opening_gapdown_v1,33,1,1,signal,
2024-01-19,opening_gapdown_v1,38,1,1,signal,
2024-01-22,opening_gapdown_v1,32,1,1,signal,
2024-01-23,opening_gapdown_v1,32,2,2,signal,
2024-01-24,opening_gapdown_v1,23,0,0,no_signal,no_candidate_with_rsi14_prev<30
2024-01-25,opening_gapdown_v1,34,2,2,signal,
2024-01-26,opening_gapdown_v1,77,8,3,signal,
2024-01-29,opening_gapdown_v1,18,0,0,no_signal,no_candidate_with_rsi14_prev<30
2024-01-30,opening_gapdown_v1,24,0,0,no_signal,no_candidate_with_rsi14_prev<30
2024-01-31,opening_gapdown_v1,78,3,3,signal,
2024-02-01,opening_gapdown_v1,69,3,3,signal,
2024-02-02,opening_gapdown_v1,12,1,1,signal,
2024-02-05,opening_gapdown_v1,17,1,1,signal,
2024-02-06,opening_gapdown_v1,38,2,2,signal,
2024-02-07,opening_gapdown_v1,30,0,0,no_signal,no_candidate_with_rsi14_prev<30
2024-02-08,opening_gapdown_v1,20,0,0,no_signal,no_candidate_with_rsi14_prev<30
2024-02-13,opening_gapdown_v1,15,1,1,signal,
2024-02-14,opening_gapdown_v1,183,1,1,signal,
2024-02-15,opening_gapdown_v1,9,0,0,no_signal,no_candidate_with_rsi14_prev<30
2024-02-16,opening_gapdown_v1,15,0,0,no_signal,no_candidate_with_rsi14_prev<30
2024-02-19,opening_gapdown_v1,51,0,0,no_signal,no_candidate_with_rsi14_prev<30
2024-02-20,opening_gapdown_v1,15,1,1,signal,
2024-02-21,opening_gapdown_v1,51,0,0,no_signal,no_candidate_with_rsi14_prev<30
2024-02-22,opening_gapdown_v1,16,1,1,signal,
2024-02-23,opening_gapdown_v1,20,0,0,no_signal,no_candidate_with_rsi14_prev<30
2024-02-26,opening_gapdown_v1,40,0,0,no_signal,no_candidate_with_rsi14_prev<30
2024-02-27,opening_gapdown_v1,27,0,0,no_signal,no_candidate_with_rsi14_prev<30
2024-02-28,opening_gapdown_v1,35,1,1,signal,
2024-02-29,opening_gapdown_v1,36,1,1,signal,
2024-03-04,opening_gapdown_v1,16,2,2,signal,
2024-03-05,opening_gapdown_v1,40,0,0,no_signal,no_candidate_with_rsi14_prev<30
2024-03-06,opening_gapdown_v1,45,1,1,signal,
2024-03-07,opening_gapdown_v1,12,0,0,no_signal,no_candidate_with_rsi14_prev<30
2024-03-08,opening_gapdown_v1,10,1,1,signal,
2024-03-11,opening_gapdown_v1,93,0,0,no_signal,no_candidate_with_rsi14_prev<30
2024-03-12,opening_gapdown_v1,14,0,0,no_signal,no_candidate_with_rsi14_prev<30
2024-03-13,opening_gapdown_v1,8,0,0,no_signal,no_candidate_with_rsi14_prev<30
2024-03-14,opening_gapdown_v1,18,0,0,no_signal,no_candidate_with_rsi14_prev<30
2024-03-15,opening_gapdown_v1,59,0,0,no_signal,no_candidate_with_rsi14_prev<30
2024-03-18,opening_gapdown_v1,11,0,0,no_signal,no_candidate_with_rsi14_prev<30
2024-03-19,opening_gapdown_v1,33,0,0,no_signal,no_candidate_with_rsi14_prev<30
2024-03-20,opening_gapdown_v1,14,1,1,signal,
2024-03-21,opening_gapdown_v1,28,0,0,no_signal,no_candidate_with_rsi14_prev<30
2024-03-22,opening_gapdown_v1,30,0,0,no_signal,no_candidate_with_rsi14_prev<30
2024-03-25,opening_gapdown_v1,16,0,0,no_signal,no_candidate_with_rsi14_prev<30
2024-03-26,opening_gapdown_v1,24,0,0,no_signal,no_candidate_with_rsi14_prev<30
2024-03-27,opening_gapdown_v1,25,0,0,no_signal,no_candidate_with_rsi14_prev<30
2024-03-28,opening_gapdown_v1,30,0,0,no_signal,no_candidate_with_rsi14_prev<30
2024-03-29,opening_gapdown_v1,19,0,0,no_signal,no_candidate_with_rsi14_prev<30
2024-04-01,opening_gapdown_v1,11,0,0,no_signal,no_candidate_with_rsi14_prev<30
2024-04-02,opening_gapdown_v1,16,0,0,no_signal,no_candidate_with_rsi14_prev<30
2024-04-03,opening_gapdown_v1,107,1,1,signal,
2024-04-04,opening_gapdown_v1,25,0,0,no_signal,no_candidate_with_rsi14_prev<30
2024-04-05,opening_gapdown_v1,166,5,3,signal,
2024-04-08,opening_gapdown_v1,28,0,0,no_signal,no_candidate_with_rsi14_prev<30
2024-04-09,opening_gapdown_v1,35,1,1,signal,
2024-04-11,opening_gapdown_v1,173,5,3,signal,
2024-04-12,opening_gapdown_v1,17,1,1,signal,
2024-04-15,opening_gapdown_v1,163,10,3,signal,
2024-04-16,opening_gapdown_v1,100,6,3,signal,
2024-04-17,opening_gapdown_v1,21,0,0,no_signal,no_candidate_with_rsi14_prev<30
2024-04-18,opening_gapdown_v1,41,1,1,signal,
2024-04-19,opening_gapdown_v1,43,0,0,no_signal,no_candidate_with_rsi14_prev<30
2024-04-22,opening_gapdown_v1,81,1,1,signal,
2024-04-23,opening_gapdown_v1,13,1,1,signal,
2024-04-24,opening_gapdown_v1,14,0,0,no_signal,no_candidate_with_rsi14_prev<30
2024-04-25,opening_gapdown_v1,56,0,0,no_signal,no_candidate_with_rsi14_prev<30
2024-04-26,opening_gapdown_v1,10,0,0,no_signal,no_candidate_with_rsi14_prev<30
2024-04-29,opening_gapdown_v1,16,0,0,no_signal,no_candidate_with_rsi14_prev<30
2024-04-30,opening_gapdown_v1,17,0,0,no_signal,no_candidate_with_rsi14_prev<30
2024-05-02,opening_gapdown_v1,49,0,0,no_signal,no_candidate_with_rsi14_prev<30
2024-05-03,opening_gapdown_v1,11,0,0,no_signal,no_candidate_with_rsi14_prev<30
2024-05-07,opening_gapdown_v1,4,0,0,no_signal,no_candidate_with_rsi14_prev<30
2024-05-08,opening_gapdown_v1,20,1,1,signal,
2024-05-09,opening_gapdown_v1,13,0,0,no_signal,no_candidate_with_rsi14_prev<30
2024-05-10,opening_gapdown_v1,10,0,0,no_signal,no_candidate_with_rsi14_prev<30
2024-05-13,opening_gapdown_v1,22,0,0,no_signal,no_candidate_with_rsi14_prev<30
2024-05-14,opening_gapdown_v1,9,0,0,no_signal,no_candidate_with_rsi14_prev<30
2024-05-16,opening_gapdown_v1,18,0,0,no_signal,no_candidate_with_rsi14_prev<30
2024-05-17,opening_gapdown_v1,60,0,0,no_signal,no_candidate_with_rsi14_prev<30
2024-05-20,opening_gapdown_v1,22,6,3,signal,
2024-05-21,opening_gapdown_v1,9,0,0,no_signal,no_candidate_with_rsi14_prev<30
2024-05-22,opening_gapdown_v1,11,0,0,no_signal,no_candidate_with_rsi14_prev<30
2024-05-23,opening_gapdown_v1,49,1,1,signal,
2024-05-24,opening_gapdown_v1,90,4,3,signal,
2024-05-27,opening_gapdown_v1,11,0,0,no_signal,no_candidate_with_rsi14_prev<30
2024-05-28,opening_gapdown_v1,10,0,0,no_signal,no_candidate_with_rsi14_prev<30
2024-05-29,opening_gapdown_v1,20,1,1,signal,
2024-05-30,opening_gapdown_v1,46,1,1,signal,
2024-05-31,opening_gapdown_v1,19,0,0,no_signal,no_candidate_with_rsi14_prev<30
2024-06-03,opening_gapdown_v1,11,0,0,no_signal,no_candidate_with_rsi14_prev<30
2024-06-04,opening_gapdown_v1,26,0,0,no_signal,no_candidate_with_rsi14_prev<30
2024-06-05,opening_gapdown_v1,23,0,0,no_signal,no_candidate_with_rsi14_prev<30
2024-06-07,opening_gapdown_v1,23,0,0,no_signal,no_candidate_with_rsi14_prev<30
2024-06-10,opening_gapdown_v1,38,0,0,no_signal,no_candidate_with_rsi14_prev<30
2024-06-11,opening_gapdown_v1,28,0,0,no_signal,no_candidate_with_rsi14_prev<30
2024-06-12,opening_gapdown_v1,16,0,0,no_signal,no_candidate_with_rsi14_prev<30
2024-06-13,opening_gapdown_v1,19,0,0,no_signal,no_candidate_with_rsi14_prev<30
2024-06-14,opening_gapdown_v1,18,0,0,no_signal,no_candidate_with_rsi14_prev<30
2024-06-17,opening_gapdown_v1,29,0,0,no_signal,no_candidate_with_rsi14_prev<30
2024-06-18,opening_gapdown_v1,9,0,0,no_signal,no_candidate_with_rsi14_prev<30
2024-06-19,opening_gapdown_v1,21,1,1,signal,
2024-06-20,opening_gapdown_v1,18,0,0,no_signal,no_candidate_with_rsi14_prev<30
2024-06-21,opening_gapdown_v1,46,0,0,no_signal,no_candidate_with_rsi14_prev<30
2024-06-24,opening_gapdown_v1,34,2,2,signal,
2024-06-25,opening_gapdown_v1,53,4,3,signal,
2024-06-26,opening_gapdown_v1,16,3,3,signal,
2024-06-27,opening_gapdown_v1,22,0,0,no_signal,no_candidate_with_rsi14_prev<30
2024-06-28,opening_gapdown_v1,13,2,2,signal,
2024-07-01,opening_gapdown_v1,19,1,1,signal,
2024-07-02,opening_gapdown_v1,13,1,1,signal,
2024-07-03,opening_gapdown_v1,14,0,0,no_signal,no_candidate_with_rsi14_prev<30
2024-07-04,opening_gapdown_v1,19,0,0,no_signal,no_candidate_with_rsi14_prev<30
2024-07-05,opening_gapdown_v1,13,0,0,no_signal,no_candidate_with_rsi14_prev<30
2024-07-08,opening_gapdown_v1,16,0,0,no_signal,no_candidate_with_rsi14_prev<30
2024-07-09,opening_gapdown_v1,11,0,0,no_signal,no_candidate_with_rsi14_prev<30
2024-07-10,opening_gapdown_v1,12,0,0,no_signal,no_candidate_with_rsi14_prev<30
2024-07-11,opening_gapdown_v1,13,0,0,no_signal,no_candidate_with_rsi14_prev<30
2024-07-12,opening_gapdown_v1,81,0,0,no_signal,no_candidate_with_rsi14_prev<30
2024-07-15,opening_gapdown_v1,16,0,0,no_signal,no_candidate_with_rsi14_prev<30
2024-07-16,opening_gapdown_v1,21,0,0,no_signal,no_candidate_with_rsi14_prev<30
2024-07-17,opening_gapdown_v1,15,0,0,no_signal,no_candidate_with_rsi14_prev<30
2024-07-18,opening_gapdown_v1,202,10,3,signal,
2024-07-19,opening_gapdown_v1,36,0,0,no_signal,no_candidate_with_rsi14_prev<30
2024-07-22,opening_gapdown_v1,17,0,0,no_signal,no_candidate_with_rsi14_prev<30
2024-07-23,opening_gapdown_v1,35,0,0,no_signal,no_candidate_with_rsi14_prev<30
2024-07-24,opening_gapdown_v1,60,6,3,signal,
2024-07-25,opening_gapdown_v1,226,27,3,signal,
2024-07-26,opening_gapdown_v1,9,2,2,signal,
2024-07-29,opening_gapdown_v1,25,0,0,no_signal,no_candidate_with_rsi14_prev<30
2024-07-30,opening_gapdown_v1,26,0,0,no_signal,no_candidate_with_rsi14_prev<30
2024-07-31,opening_gapdown_v1,28,1,1,signal,
2024-08-01,opening_gapdown_v1,17,0,0,no_signal,no_candidate_with_rsi14_prev<30
2024-08-02,opening_gapdown_v1,241,12,3,signal,
2024-08-05,opening_gapdown_v1,369,65,3,signal,
2024-08-06,opening_gapdown_v1,73,40,3,signal,
2024-08-07,opening_gapdown_v1,63,13,3,signal,
2024-08-08,opening_gapdown_v1,198,26,3,signal,
2024-08-09,opening_gapdown_v1,18,0,0,no_signal,no_candidate_with_rsi14_prev<30
2024-08-12,opening_gapdown_v1,18,0,0,no_signal,no_candidate_with_rsi14_prev<30
2024-08-13,opening_gapdown_v1,16,0,0,no_signal,no_candidate_with_rsi14_prev<30
2024-08-14,opening_gapdown_v1,27,1,1,signal,
2024-08-16,opening_gapdown_v1,30,0,0,no_signal,no_candidate_with_rsi14_prev<30
2024-08-19,opening_gapdown_v1,17,0,0,no_signal,no_candidate_with_rsi14_prev<30
2024-08-20,opening_gapdown_v1,24,0,0,no_signal,no_candidate_with_rsi14_prev<30
2024-08-21,opening_gapdown_v1,54,0,0,no_signal,no_candidate_with_rsi14_prev<30
2024-08-22,opening_gapdown_v1,12,0,0,no_signal,no_candidate_with_rsi14_prev<30
2024-08-23,opening_gapdown_v1,115,1,1,signal,
2024-08-26,opening_gapdown_v1,22,0,0,no_signal,no_candidate_with_rsi14_prev<30
2024-08-27,opening_gapdown_v1,27,1,1,signal,
2024-08-28,opening_gapdown_v1,20,0,0,no_signal,no_candidate_with_rsi14_prev<30
2024-08-29,opening_gapdown_v1,129,4,3,signal,
2024-08-30,opening_gapdown_v1,9,0,0,no_signal,no_candidate_with_rsi14_prev<30
2024-09-02,opening_gapdown_v1,8,0,0,no_signal,no_candidate_with_rsi14_prev<30
2024-09-03,opening_gapdown_v1,10,0,0,no_signal,no_candidate_with_rsi14_prev<30
2024-09-04,opening_gapdown_v1,439,10,3,signal,
2024-09-05,opening_gapdown_v1,10,0,0,no_signal,no_candidate_with_rsi14_prev<30
2024-09-06,opening_gapdown_v1,16,0,0,no_signal,no_candidate_with_rsi14_prev<30
2024-09-09,opening_gapdown_v1,305,47,3,signal,
2024-09-10,opening_gapdown_v1,7,1,1,signal,
2024-09-11,opening_gapdown_v1,11,0,0,no_signal,no_candidate_with_rsi14_prev<30
2024-09-12,opening_gapdown_v1,13,0,0,no_signal,no_candidate_with_rsi14_prev<30
2024-09-13,opening_gapdown_v1,5,0,0,no_signal,no_candidate_with_rsi14_prev<30
2024-09-19,opening_gapdown_v1,11,0,0,no_signal,no_candidate_with_rsi14_prev<30
2024-09-20,opening_gapdown_v1,10,0,0,no_signal,no_candidate_with_rsi14_prev<30
2024-09-23,opening_gapdown_v1,18,1,1,signal,
2024-09-24,opening_gapdown_v1,6,0,0,no_signal,no_candidate_with_rsi14_prev<30
2024-09-25,opening_gapdown_v1,12,0,0,no_signal,no_candidate_with_rsi14_prev<30
2024-09-26,opening_gapdown_v1,15,0,0,no_signal,no_candidate_with_rsi14_prev<30
2024-09-27,opening_gapdown_v1,12,0,0,no_signal,no_candidate_with_rsi14_prev<30
2024-09-30,opening_gapdown_v1,29,0,0,no_signal,no_candidate_with_rsi14_prev<30
2024-10-02,opening_gapdown_v1,151,0,0,no_signal,no_candidate_with_rsi14_prev<30
2024-10-04,opening_gapdown_v1,19,0,0,no_signal,no_candidate_with_rsi14_prev<30
2024-10-07,opening_gapdown_v1,10,1,1,signal,
2024-10-08,opening_gapdown_v1,31,0,0,no_signal,no_candidate_with_rsi14_prev<30
2024-10-10,opening_gapdown_v1,16,0,0,no_signal,no_candidate_with_rsi14_prev<30
2024-10-11,opening_gapdown_v1,18,1,1,signal,
2024-10-14,opening_gapdown_v1,45,0,0,no_signal,no_candidate_with_rsi14_prev<30
2024-10-15,opening_gapdown_v1,22,0,0,no_signal,no_candidate_with_rsi14_prev<30
2024-10-16,opening_gapdown_v1,93,0,0,no_signal,no_candidate_with_rsi14_prev<30
2024-10-17,opening_gapdown_v1,15,0,0,no_signal,no_candidate_with_rsi14_prev<30
2024-10-18,opening_gapdown_v1,16,0,0,no_signal,no_candidate_with_rsi14_prev<30
2024-10-21,opening_gapdown_v1,20,0,0,no_signal,no_candidate_with_rsi14_prev<30
2024-10-22,opening_gapdown_v1,19,0,0,no_signal,no_candidate_with_rsi14_prev<30
2024-10-23,opening_gapdown_v1,20,1,1,signal,
2024-10-24,opening_gapdown_v1,53,1,1,signal,
2024-10-25,opening_gapdown_v1,12,0,0,no_signal,no_candidate_with_rsi14_prev<30
2024-10-28,opening_gapdown_v1,19,1,1,signal,
2024-10-29,opening_gapdown_v1,17,0,0,no_signal,no_candidate_with_rsi14_prev<30
2024-10-30,opening_gapdown_v1,13,0,0,no_signal,no_candidate_with_rsi14_prev<30
2024-10-31,opening_gapdown_v1,62,0,0,no_signal,no_candidate_with_rsi14_prev<30
2024-11-01,opening_gapdown_v1,90,0,0,no_signal,no_candidate_with_rsi14_prev<30
2024-11-04,opening_gapdown_v1,18,0,0,no_signal,no_candidate_with_rsi14_prev<30
2024-11-05,opening_gapdown_v1,17,0,0,no_signal,no_candidate_with_rsi14_prev<30
2024-11-06,opening_gapdown_v1,8,0,0,no_signal,no_candidate_with_rsi14_prev<30
2024-11-07,opening_gapdown_v1,32,0,0,no_signal,no_candidate_with_rsi14_prev<30
2024-11-08,opening_gapdown_v1,16,0,0,no_signal,no_candidate_with_rsi14_prev<30
2024-11-11,opening_gapdown_v1,26,0,0,no_signal,no_candidate_with_rsi14_prev<30
2024-11-12,opening_gapdown_v1,24,3,3,signal,
2024-11-13,opening_gapdown_v1,109,15,3,signal,
2024-11-14,opening_gapdown_v1,17,1,1,signal,
2024-11-15,opening_gapdown_v1,120,20,3,signal,
2024-11-18,opening_gapdown_v1,51,7,3,signal,
2024-11-19,opening_gapdown_v1,23,0,0,no_signal,no_candidate_with_rsi14_prev<30
2024-11-20,opening_gapdown_v1,25,0,0,no_signal,no_candidate_with_rsi14_prev<30
2024-11-21,opening_gapdown_v1,16,0,0,no_signal,no_candidate_with_rsi14_prev<30
2024-11-22,opening_gapdown_v1,16,0,0,no_signal,no_candidate_with_rsi14_prev<30
2024-11-25,opening_gapdown_v1,11,1,1,signal,
2024-11-26,opening_gapdown_v1,26,0,0,no_signal,no_candidate_with_rsi14_prev<30
2024-11-27,opening_gapdown_v1,17,0,0,no_signal,no_candidate_with_rsi14_prev<30
2024-11-28,opening_gapdown_v1,29,1,1,signal,
2024-11-29,opening_gapdown_v1,21,0,0,no_signal,no_candidate_with_rsi14_prev<30
2024-12-02,opening_gapdown_v1,13,0,0,no_signal,no_candidate_with_rsi14_prev<30
2024-12-03,opening_gapdown_v1,20,0,0,no_signal,no_candidate_with_rsi14_prev<30
2024-12-04,opening_gapdown_v1,382,13,3,signal,
2024-12-05,opening_gapdown_v1,58,0,0,no_signal,no_candidate_with_rsi14_prev<30
2024-12-06,opening_gapdown_v1,32,0,0,no_signal,no_candidate_with_rsi14_prev<30
2024-12-09,opening_gapdown_v1,362,34,3,signal,
2024-12-10,opening_gapdown_v1,23,0,0,no_signal,no_candidate_with_rsi14_prev<30
2024-12-11,opening_gapdown_v1,10,0,0,no_signal,no_candidate_with_rsi14_prev<30
2024-12-12,opening_gapdown_v1,20,0,0,no_signal,no_candidate_with_rsi14_prev<30
2024-12-13,opening_gapdown_v1,35,0,0,no_signal,no_candidate_with_rsi14_prev<30
2024-12-16,opening_gapdown_v1,27,0,0,no_signal,no_candidate_with_rsi14_prev<30
2024-12-17,opening_gapdown_v1,28,0,0,no_signal,no_candidate_with_rsi14_prev<30
2024-12-18,opening_gapdown_v1,38,0,0,no_signal,no_candidate_with_rsi14_prev<30
2024-12-19,opening_gapdown_v1,374,1,1,signal,
2024-12-20,opening_gapdown_v1,35,0,0,no_signal,no_candidate_with_rsi14_prev<30
2024-12-23,opening_gapdown_v1,22,1,1,signal,
2024-12-24,opening_gapdown_v1,16,0,0,no_signal,no_candidate_with_rsi14_prev<30
2024-12-26,opening_gapdown_v1,10,0,0,no_signal,no_candidate_with_rsi14_prev<30
2024-12-27,opening_gapdown_v1,58,0,0,no_signal,no_candidate_with_rsi14_prev<30
2024-12-30,opening_gapdown_v1,51,0,0,no_signal,no_candidate_with_rsi14_prev<30
2025-01-02,opening_gapdown_v1,11,0,0,no_signal,no_candidate_with_rsi14_prev<30
2025-01-03,opening_gapdown_v1,18,0,0,no_signal,no_candidate_with_rsi14_prev<30
2025-01-06,opening_gapdown_v1,21,0,0,no_signal,no_candidate_with_rsi14_prev<30
2025-01-07,opening_gapdown_v1,17,0,0,no_signal,no_candidate_with_rsi14_prev<30
2025-01-08,opening_gapdown_v1,69,0,0,no_signal,no_candidate_with_rsi14_prev<30
2025-01-09,opening_gapdown_v1,37,0,0,no_signal,no_candidate_with_rsi14_prev<30
2025-01-10,opening_gapdown_v1,14,0,0,no_signal,no_candidate_with_rsi14_prev<30
2025-01-13,opening_gapdown_v1,38,0,0,no_signal,no_candidate_with_rsi14_prev<30
2025-01-14,opening_gapdown_v1,18,0,0,no_signal,no_candidate_with_rsi14_prev<30
2025-01-15,opening_gapdown_v1,15,0,0,no_signal,no_candidate_with_rsi14_prev<30
2025-01-16,opening_gapdown_v1,14,0,0,no_signal,no_candidate_with_rsi14_prev<30
2025-01-17,opening_gapdown_v1,15,0,0,no_signal,no_candidate_with_rsi14_prev<30
2025-01-20,opening_gapdown_v1,19,1,1,signal,
2025-01-21,opening_gapdown_v1,17,0,0,no_signal,no_candidate_with_rsi14_prev<30
2025-01-22,opening_gapdown_v1,16,0,0,no_signal,no_candidate_with_rsi14_prev<30
2025-01-23,opening_gapdown_v1,25,0,0,no_signal,no_candidate_with_rsi14_prev<30
2025-01-24,opening_gapdown_v1,29,0,0,no_signal,no_candidate_with_rsi14_prev<30
2025-01-31,opening_gapdown_v1,128,0,0,no_signal,no_candidate_with_rsi14_prev<30
2025-02-03,opening_gapdown_v1,219,0,0,no_signal,no_candidate_with_rsi14_prev<30
2025-02-04,opening_gapdown_v1,20,0,0,no_signal,no_candidate_with_rsi14_prev<30
2025-02-05,opening_gapdown_v1,13,1,1,signal,
2025-02-06,opening_gapdown_v1,15,1,1,signal,
2025-02-07,opening_gapdown_v1,32,0,0,no_signal,no_candidate_with_rsi14_prev<30
2025-02-10,opening_gapdown_v1,57,1,1,signal,
2025-02-11,opening_gapdown_v1,27,0,0,no_signal,no_candidate_with_rsi14_prev<30
2025-02-12,opening_gapdown_v1,36,0,0,no_signal,no_candidate_with_rsi14_prev<30
2025-02-13,opening_gapdown_v1,13,0,0,no_signal,no_candidate_with_rsi14_prev<30
2025-02-14,opening_gapdown_v1,16,0,0,no_signal,no_candidate_with_rsi14_prev<30
2025-02-17,opening_gapdown_v1,24,0,0,no_signal,no_candidate_with_rsi14_prev<30
2025-02-18,opening_gapdown_v1,14,2,2,signal,
2025-02-19,opening_gapdown_v1,17,0,0,no_signal,no_candidate_with_rsi14_prev<30
2025-02-20,opening_gapdown_v1,37,0,0,no_signal,no_candidate_with_rsi14_prev<30
2025-02-21,opening_gapdown_v1,41,0,0,no_signal,no_candidate_with_rsi14_prev<30
2025-02-24,opening_gapdown_v1,148,1,1,signal,
2025-02-25,opening_gapdown_v1,68,1,1,signal,
2025-02-26,opening_gapdown_v1,27,1,1,signal,
2025-02-27,opening_gapdown_v1,28,0,0,no_signal,no_candidate_with_rsi14_prev<30
2025-02-28,opening_gapdown_v1,233,2,2,signal,
2025-03-04,opening_gapdown_v1,154,3,3,signal,
2025-03-05,opening_gapdown_v1,10,1,1,signal,
2025-03-06,opening_gapdown_v1,8,1,1,signal,
2025-03-07,opening_gapdown_v1,67,3,3,signal,
2025-03-10,opening_gapdown_v1,52,1,1,signal,
2025-03-11,opening_gapdown_v1,410,8,3,signal,
2025-03-12,opening_gapdown_v1,6,0,0,no_signal,no_candidate_with_rsi14_prev<30
2025-03-13,opening_gapdown_v1,7,1,1,signal,
2025-03-14,opening_gapdown_v1,11,1,1,signal,
2025-03-17,opening_gapdown_v1,12,1,1,signal,
2025-03-18,opening_gapdown_v1,5,0,0,no_signal,no_candidate_with_rsi14_prev<30
2025-03-19,opening_gapdown_v1,16,0,0,no_signal,no_candidate_with_rsi14_prev<30
2025-03-20,opening_gapdown_v1,22,0,0,no_signal,no_candidate_with_rsi14_prev<30
2025-03-21,opening_gapdown_v1,68,3,3,signal,
2025-03-24,opening_gapdown_v1,21,0,0,no_signal,no_candidate_with_rsi14_prev<30
2025-03-25,opening_gapdown_v1,13,0,0,no_signal,no_candidate_with_rsi14_prev<30
2025-03-26,opening_gapdown_v1,6,0,0,no_signal,no_candidate_with_rsi14_prev<30
2025-03-27,opening_gapdown_v1,86,0,0,no_signal,no_candidate_with_rsi14_prev<30
2025-03-28,opening_gapdown_v1,45,1,1,signal,
2025-03-31,opening_gapdown_v1,268,18,3,signal,
2025-04-01,opening_gapdown_v1,5,1,1,signal,
2025-04-02,opening_gapdown_v1,8,1,1,signal,
2025-04-03,opening_gapdown_v1,338,42,3,signal,
2025-04-04,opening_gapdown_v1,123,24,3,signal,
2025-04-07,opening_gapdown_v1,447,37,3,signal,
2025-04-08,opening_gapdown_v1,20,0,0,no_signal,no_candidate_with_rsi14_prev<30
2025-04-09,opening_gapdown_v1,112,35,3,signal,
2025-04-10,opening_gapdown_v1,19,0,0,no_signal,no_candidate_with_rsi14_prev<30
2025-04-11,opening_gapdown_v1,189,3,3,signal,
2025-04-14,opening_gapdown_v1,41,0,0,no_signal,no_candidate_with_rsi14_prev<30
2025-04-15,opening_gapdown_v1,14,0,0,no_signal,no_candidate_with_rsi14_prev<30
2025-04-16,opening_gapdown_v1,37,0,0,no_signal,no_candidate_with_rsi14_prev<30
2025-04-17,opening_gapdown_v1,25,0,0,no_signal,no_candidate_with_rsi14_prev<30
2025-04-18,opening_gapdown_v1,15,0,0,no_signal,no_candidate_with_rsi14_prev<30
2025-04-21,opening_gapdown_v1,19,0,0,no_signal,no_candidate_with_rsi14_prev<30
2025-04-22,opening_gapdown_v1,91,0,0,no_signal,no_candidate_with_rsi14_prev<30
2025-04-23,opening_gapdown_v1,23,0,0,no_signal,no_candidate_with_rsi14_prev<30
2025-04-24,opening_gapdown_v1,20,0,0,no_signal,no_candidate_with_rsi14_prev<30
2025-04-25,opening_gapdown_v1,16,0,0,no_signal,no_candidate_with_rsi14_prev<30
2025-04-28,opening_gapdown_v1,27,0,0,no_signal,no_candidate_with_rsi14_prev<30
2025-04-29,opening_gapdown_v1,18,0,0,no_signal,no_candidate_with_rsi14_prev<30
2025-04-30,opening_gapdown_v1,33,0,0,no_signal,no_candidate_with_rsi14_prev<30
2025-05-02,opening_gapdown_v1,77,0,0,no_signal,no_candidate_with_rsi14_prev<30
2025-05-07,opening_gapdown_v1,42,0,0,no_signal,no_candidate_with_rsi14_prev<30
2025-05-08,opening_gapdown_v1,13,0,0,no_signal,no_candidate_with_rsi14_prev<30
2025-05-09,opening_gapdown_v1,22,0,0,no_signal,no_candidate_with_rsi14_prev<30
2025-05-12,opening_gapdown_v1,25,0,0,no_signal,no_candidate_with_rsi14_prev<30
2025-05-13,opening_gapdown_v1,34,0,0,no_signal,no_candidate_with_rsi14_prev<30
2025-05-14,opening_gapdown_v1,24,0,0,no_signal,no_candidate_with_rsi14_prev<30
2025-05-15,opening_gapdown_v1,23,0,0,no_signal,no_candidate_with_rsi14_prev<30
2025-05-16,opening_gapdown_v1,33,0,0,no_signal,no_candidate_with_rsi14_prev<30
2025-05-19,opening_gapdown_v1,89,1,1,signal,
2025-05-20,opening_gapdown_v1,36,1,1,signal,
2025-05-21,opening_gapdown_v1,19,0,0,no_signal,no_candidate_with_rsi14_prev<30
2025-05-22,opening_gapdown_v1,50,0,0,no_signal,no_candidate_with_rsi14_prev<30
2025-05-23,opening_gapdown_v1,35,0,0,no_signal,no_candidate_with_rsi14_prev<30
2025-05-26,opening_gapdown_v1,46,3,3,signal,
2025-05-27,opening_gapdown_v1,16,0,0,no_signal,no_candidate_with_rsi14_prev<30
2025-05-28,opening_gapdown_v1,11,0,0,no_signal,no_candidate_with_rsi14_prev<30
2025-05-29,opening_gapdown_v1,20,0,0,no_signal,no_candidate_with_rsi14_prev<30
2025-05-30,opening_gapdown_v1,22,0,0,no_signal,no_candidate_with_rsi14_prev<30
2025-06-02,opening_gapdown_v1,39,0,0,no_signal,no_candidate_with_rsi14_prev<30
2025-06-04,opening_gapdown_v1,24,0,0,no_signal,no_candidate_with_rsi14_prev<30
2025-06-05,opening_gapdown_v1,15,0,0,no_signal,no_candidate_with_rsi14_prev<30
2025-06-09,opening_gapdown_v1,17,0,0,no_signal,no_candidate_with_rsi14_prev<30
2025-06-10,opening_gapdown_v1,13,0,0,no_signal,no_candidate_with_rsi14_prev<30
2025-06-11,opening_gapdown_v1,12,0,0,no_signal,no_candidate_with_rsi14_prev<30
2025-06-12,opening_gapdown_v1,23,0,0,no_signal,no_candidate_with_rsi14_prev<30
2025-06-13,opening_gapdown_v1,12,0,0,no_signal,no_candidate_with_rsi14_prev<30
2025-06-16,opening_gapdown_v1,56,1,1,signal,
2025-06-17,opening_gapdown_v1,44,0,0,no_signal,no_candidate_with_rsi14_prev<30
2025-06-18,opening_gapdown_v1,29,0,0,no_signal,no_candidate_with_rsi14_prev<30
2025-06-19,opening_gapdown_v1,12,0,0,no_signal,no_candidate_with_rsi14_prev<30
2025-06-20,opening_gapdown_v1,32,1,1,signal,
2025-06-23,opening_gapdown_v1,253,3,3,signal,
2025-06-24,opening_gapdown_v1,41,0,0,no_signal,no_candidate_with_rsi14_prev<30
2025-06-25,opening_gapdown_v1,33,0,0,no_signal,no_candidate_with_rsi14_prev<30
2025-06-26,opening_gapdown_v1,57,0,0,no_signal,no_candidate_with_rsi14_prev<30
2025-06-27,opening_gapdown_v1,13,0,0,no_signal,no_candidate_with_rsi14_prev<30
2025-06-30,opening_gapdown_v1,42,1,1,signal,
2025-07-01,opening_gapdown_v1,17,0,0,no_signal,no_candidate_with_rsi14_prev<30
2025-07-02,opening_gapdown_v1,17,0,0,no_signal,no_candidate_with_rsi14_prev<30
2025-07-03,opening_gapdown_v1,15,0,0,no_signal,no_candidate_with_rsi14_prev<30
2025-07-04,opening_gapdown_v1,21,0,0,no_signal,no_candidate_with_rsi14_prev<30
2025-07-07,opening_gapdown_v1,90,0,0,no_signal,no_candidate_with_rsi14_prev<30
2025-07-08,opening_gapdown_v1,20,1,1,signal,
2025-07-09,opening_gapdown_v1,11,0,0,no_signal,no_candidate_with_rsi14_prev<30
2025-07-10,opening_gapdown_v1,7,0,0,no_signal,no_candidate_with_rsi14_prev<30
2025-07-11,opening_gapdown_v1,8,0,0,no_signal,no_candidate_with_rsi14_prev<30
2025-07-14,opening_gapdown_v1,21,0,0,no_signal,no_candidate_with_rsi14_prev<30
2025-07-15,opening_gapdown_v1,22,0,0,no_signal,no_candidate_with_rsi14_prev<30
2025-07-16,opening_gapdown_v1,37,0,0,no_signal,no_candidate_with_rsi14_prev<30
2025-07-17,opening_gapdown_v1,9,0,0,no_signal,no_candidate_with_rsi14_prev<30
2025-07-18,opening_gapdown_v1,17,0,0,no_signal,no_candidate_with_rsi14_prev<30
2025-07-21,opening_gapdown_v1,42,0,0,no_signal,no_candidate_with_rsi14_prev<30
2025-07-22,opening_gapdown_v1,10,0,0,no_signal,no_candidate_with_rsi14_prev<30
2025-07-23,opening_gapdown_v1,26,0,0,no_signal,no_candidate_with_rsi14_prev<30
2025-07-24,opening_gapdown_v1,13,0,0,no_signal,no_candidate_with_rsi14_prev<30
2025-07-25,opening_gapdown_v1,17,0,0,no_signal,no_candidate_with_rsi14_prev<30
2025-07-28,opening_gapdown_v1,23,1,1,signal,
2025-07-29,opening_gapdown_v1,26,0,0,no_signal,no_candidate_with_rsi14_prev<30
2025-07-30,opening_gapdown_v1,20,1,1,signal,
2025-07-31,opening_gapdown_v1,24,0,0,no_signal,no_candidate_with_rsi14_prev<30
2025-08-01,opening_gapdown_v1,127,1,1,signal,
2025-08-04,opening_gapdown_v1,44,2,2,signal,
2025-08-05,opening_gapdown_v1,6,0,0,no_signal,no_candidate_with_rsi14_prev<30
2025-08-06,opening_gapdown_v1,21,0,0,no_signal,no_candidate_with_rsi14_prev<30
2025-08-07,opening_gapdown_v1,7,2,2,signal,
2025-08-08,opening_gapdown_v1,14,1,1,signal,
2025-08-11,opening_gapdown_v1,18,1,1,signal,
2025-08-12,opening_gapdown_v1,17,0,0,no_signal,no_candidate_with_rsi14_prev<30
2025-08-13,opening_gapdown_v1,9,1,1,signal,
2025-08-14,opening_gapdown_v1,17,0,0,no_signal,no_candidate_with_rsi14_prev<30
2025-08-18,opening_gapdown_v1,63,2,2,signal,
2025-08-19,opening_gapdown_v1,24,0,0,no_signal,no_candidate_with_rsi14_prev<30
2025-08-20,opening_gapdown_v1,230,12,3,signal,
2025-08-21,opening_gapdown_v1,10,0,0,no_signal,no_candidate_with_rsi14_prev<30
2025-08-22,opening_gapdown_v1,14,0,0,no_signal,no_candidate_with_rsi14_prev<30
2025-08-25,opening_gapdown_v1,5,0,0,no_signal,no_candidate_with_rsi14_prev<30
2025-08-26,opening_gapdown_v1,32,0,0,no_signal,no_candidate_with_rsi14_prev<30
2025-08-27,opening_gapdown_v1,4,0,0,no_signal,no_candidate_with_rsi14_prev<30
2025-08-28,opening_gapdown_v1,25,0,0,no_signal,no_candidate_with_rsi14_prev<30
2025-08-29,opening_gapdown_v1,5,0,0,no_signal,no_candidate_with_rsi14_prev<30
2025-09-01,opening_gapdown_v1,62,1,1,signal,
2025-09-02,opening_gapdown_v1,1,0,0,no_signal,no_candidate_with_rsi14_prev<30
2025-09-03,opening_gapdown_v1,10,0,0,no_signal,no_candidate_with_rsi14_prev<30
2025-09-04,opening_gapdown_v1,5,0,0,no_signal,no_candidate_with_rsi14_prev<30
2025-09-05,opening_gapdown_v1,2,0,0,no_signal,no_candidate_with_rsi14_prev<30
2025-09-08,opening_gapdown_v1,6,0,0,no_signal,no_candidate_with_rsi14_prev<30
2025-09-09,opening_gapdown_v1,5,0,0,no_signal,no_candidate_with_rsi14_prev<30
2025-09-10,opening_gapdown_v1,6,0,0,no_signal,no_candidate_with_rsi14_prev<30
2025-09-11,opening_gapdown_v1,5,0,0,no_signal,no_candidate_with_rsi14_prev<30
2025-09-12,opening_gapdown_v1,10,0,0,no_signal,no_candidate_with_rsi14_prev<30
2025-09-15,opening_gapdown_v1,34,0,0,no_signal,no_candidate_with_rsi14_prev<30
2025-09-16,opening_gapdown_v1,6,0,0,no_signal,no_candidate_with_rsi14_prev<30
2025-09-17,opening_gapdown_v1,55,0,0,no_signal,no_candidate_with_rsi14_prev<30
2025-09-18,opening_gapdown_v1,9,0,0,no_signal,no_candidate_with_rsi14_prev<30
2025-09-19,opening_gapdown_v1,13,0,0,no_signal,no_candidate_with_rsi14_prev<30
2025-09-22,opening_gapdown_v1,11,0,0,no_signal,no_candidate_with_rsi14_prev<30
2025-09-23,opening_gapdown_v1,15,0,0,no_signal,no_candidate_with_rsi14_prev<30
2025-09-24,opening_gapdown_v1,49,1,1,signal,
2025-09-25,opening_gapdown_v1,42,0,0,no_signal,no_candidate_with_rsi14_prev<30
2025-09-26,opening_gapdown_v1,45,1,1,signal,
2025-09-29,opening_gapdown_v1,8,0,0,no_signal,no_candidate_with_rsi14_prev<30
2025-09-30,opening_gapdown_v1,9,0,0,no_signal,no_candidate_with_rsi14_prev<30
2025-10-01,opening_gapdown_v1,5,1,1,signal,
2025-10-02,opening_gapdown_v1,4,0,0,no_signal,no_candidate_with_rsi14_prev<30
2025-10-10,opening_gapdown_v1,33,0,0,no_signal,no_candidate_with_rsi14_prev<30
2025-10-13,opening_gapdown_v1,344,5,3,signal,
2025-10-14,opening_gapdown_v1,8,1,1,signal,
2025-10-15,opening_gapdown_v1,9,0,0,no_signal,no_candidate_with_rsi14_prev<30
2025-10-16,opening_gapdown_v1,17,0,0,no_signal,no_candidate_with_rsi14_prev<30
2025-10-17,opening_gapdown_v1,98,0,0,no_signal,no_candidate_with_rsi14_prev<30
2025-10-20,opening_gapdown_v1,16,0,0,no_signal,no_candidate_with_rsi14_prev<30
2025-10-21,opening_gapdown_v1,5,0,0,no_signal,no_candidate_with_rsi14_prev<30
2025-10-22,opening_gapdown_v1,30,0,0,no_signal,no_candidate_with_rsi14_prev<30
2025-10-23,opening_gapdown_v1,92,0,0,no_signal,no_candidate_with_rsi14_prev<30
2025-10-24,opening_gapdown_v1,5,0,0,no_signal,no_candidate_with_rsi14_prev<30
2025-10-27,opening_gapdown_v1,8,0,0,no_signal,no_candidate_with_rsi14_prev<30
2025-10-28,opening_gapdown_v1,20,0,0,no_signal,no_candidate_with_rsi14_prev<30
2025-10-29,opening_gapdown_v1,3,0,0,no_signal,no_candidate_with_rsi14_prev<30
2025-10-30,opening_gapdown_v1,36,0,0,no_signal,no_candidate_with_rsi14_prev<30
2025-10-31,opening_gapdown_v1,54,0,0,no_signal,no_candidate_with_rsi14_prev<30
2025-11-03,opening_gapdown_v1,6,0,0,no_signal,no_candidate_with_rsi14_prev<30
2025-11-04,opening_gapdown_v1,28,0,0,no_signal,no_candidate_with_rsi14_prev<30
2025-11-05,opening_gapdown_v1,225,2,2,signal,
2025-11-06,opening_gapdown_v1,8,0,0,no_signal,no_candidate_with_rsi14_prev<30
2025-11-07,opening_gapdown_v1,315,8,3,signal,
2025-11-10,opening_gapdown_v1,15,1,1,signal,
2025-11-11,opening_gapdown_v1,16,0,0,no_signal,no_candidate_with_rsi14_prev<30
2025-11-12,opening_gapdown_v1,7,0,0,no_signal,no_candidate_with_rsi14_prev<30
2025-11-13,opening_gapdown_v1,19,0,0,no_signal,no_candidate_with_rsi14_prev<30
2025-11-14,opening_gapdown_v1,318,3,3,signal,
2025-11-17,opening_gapdown_v1,19,0,0,no_signal,no_candidate_with_rsi14_prev<30
2025-11-18,opening_gapdown_v1,95,0,0,no_signal,no_candidate_with_rsi14_prev<30
2025-11-19,opening_gapdown_v1,9,1,1,signal,
2025-11-20,opening_gapdown_v1,11,0,0,no_signal,no_candidate_with_rsi14_prev<30
2025-11-21,opening_gapdown_v1,380,10,3,signal,
2025-11-24,opening_gapdown_v1,7,0,0,no_signal,no_candidate_with_rsi14_prev<30
2025-11-25,opening_gapdown_v1,13,0,0,no_signal,no_candidate_with_rsi14_prev<30
2025-11-26,opening_gapdown_v1,8,1,1,signal,
2025-11-27,opening_gapdown_v1,10,0,0,no_signal,no_candidate_with_rsi14_prev<30
2025-11-28,opening_gapdown_v1,6,0,0,no_signal,no_candidate_with_rsi14_prev<30
2025-12-01,opening_gapdown_v1,12,0,0,no_signal,no_candidate_with_rsi14_prev<30
2025-12-02,opening_gapdown_v1,24,0,0,no_signal,no_candidate_with_rsi14_prev<30
2025-12-03,opening_gapdown_v1,16,0,0,no_signal,no_candidate_with_rsi14_prev<30
2025-12-04,opening_gapdown_v1,17,0,0,no_signal,no_candidate_with_rsi14_prev<30
2025-12-05,opening_gapdown_v1,10,0,0,no_signal,no_candidate_with_rsi14_prev<30
2025-12-08,opening_gapdown_v1,15,0,0,no_signal,no_candidate_with_rsi14_prev<30
2025-12-09,opening_gapdown_v1,40,0,0,no_signal,no_candidate_with_rsi14_prev<30
2025-12-10,opening_gapdown_v1,8,0,0,no_signal,no_candidate_with_rsi14_prev<30
2025-12-11,opening_gapdown_v1,6,0,0,no_signal,no_candidate_with_rsi14_prev<30
2025-12-12,opening_gapdown_v1,13,0,0,no_signal,no_candidate_with_rsi14_prev<30
2025-12-15,opening_gapdown_v1,193,0,0,no_signal,no_candidate_with_rsi14_prev<30
2025-12-16,opening_gapdown_v1,26,0,0,no_signal,no_candidate_with_rsi14_prev<30
2025-12-17,opening_gapdown_v1,5,0,0,no_signal,no_candidate_with_rsi14_prev<30
2025-12-18,opening_gapdown_v1,234,4,3,signal,
2025-12-19,opening_gapdown_v1,3,0,0,no_signal,no_candidate_with_rsi14_prev<30
2025-12-22,opening_gapdown_v1,10,0,0,no_signal,no_candidate_with_rsi14_prev<30
2025-12-23,opening_gapdown_v1,13,0,0,no_signal,no_candidate_with_rsi14_prev<30
2025-12-24,opening_gapdown_v1,15,1,1,signal,
2025-12-26,opening_gapdown_v1,12,0,0,no_signal,no_candidate_with_rsi14_prev<30
2025-12-29,opening_gapdown_v1,70,1,1,signal,
2025-12-30,opening_gapdown_v1,30,0,0,no_signal,no_candidate_with_rsi14_prev<30
2026-01-02,opening_gapdown_v1,13,0,0,no_signal,no_candidate_with_rsi14_prev<30
2026-01-05,opening_gapdown_v1,31,0,0,no_signal,no_candidate_with_rsi14_prev<30
2026-01-06,opening_gapdown_v1,36,0,0,no_signal,no_candidate_with_rsi14_prev<30
2026-01-07,opening_gapdown_v1,23,0,0,no_signal,no_candidate_with_rsi14_prev<30
2026-01-08,opening_gapdown_v1,27,0,0,no_signal,no_candidate_with_rsi14_prev<30
2026-01-09,opening_gapdown_v1,33,1,1,signal,
2026-01-12,opening_gapdown_v1,12,0,0,no_signal,no_candidate_with_rsi14_prev<30
2026-01-13,opening_gapdown_v1,7,0,0,no_signal,no_candidate_with_rsi14_prev<30
2026-01-14,opening_gapdown_v1,23,0,0,no_signal,no_candidate_with_rsi14_prev<30
2026-01-15,opening_gapdown_v1,33,0,0,no_signal,no_candidate_with_rsi14_prev<30
2026-01-16,opening_gapdown_v1,27,0,0,no_signal,no_candidate_with_rsi14_prev<30
2026-01-19,opening_gapdown_v1,30,0,0,no_signal,no_candidate_with_rsi14_prev<30
2026-01-20,opening_gapdown_v1,20,0,0,no_signal,no_candidate_with_rsi14_prev<30
2026-01-21,opening_gapdown_v1,426,1,1,signal,
2026-01-22,opening_gapdown_v1,14,1,1,signal,
2026-01-23,opening_gapdown_v1,21,0,0,no_signal,no_candidate_with_rsi14_prev<30
2026-01-26,opening_gapdown_v1,52,0,0,no_signal,no_candidate_with_rsi14_prev<30
2026-01-27,opening_gapdown_v1,110,0,0,no_signal,no_candidate_with_rsi14_prev<30
2026-01-28,opening_gapdown_v1,12,0,0,no_signal,no_candidate_with_rsi14_prev<30
2026-01-29,opening_gapdown_v1,14,0,0,no_signal,no_candidate_with_rsi14_prev<30
2026-01-30,opening_gapdown_v1,46,0,0,no_signal,no_candidate_with_rsi14_prev<30
2026-02-02,opening_gapdown_v1,321,0,0,no_signal,no_candidate_with_rsi14_prev<30
2026-02-03,opening_gapdown_v1,12,0,0,no_signal,no_candidate_with_rsi14_prev<30
2026-02-04,opening_gapdown_v1,74,0,0,no_signal,no_candidate_with_rsi14_prev<30
2026-02-05,opening_gapdown_v1,216,0,0,no_signal,no_candidate_with_rsi14_prev<30
2026-02-06,opening_gapdown_v1,569,0,0,no_signal,no_candidate_with_rsi14_prev<30
2026-02-09,opening_gapdown_v1,17,0,0,no_signal,no_candidate_with_rsi14_prev<30
2026-02-10,opening_gapdown_v1,23,1,1,signal,
2026-02-11,opening_gapdown_v1,18,0,0,no_signal,no_candidate_with_rsi14_prev<30
2026-02-12,opening_gapdown_v1,14,0,0,no_signal,no_candidate_with_rsi14_prev<30
2026-02-13,opening_gapdown_v1,149,0,0,no_signal,no_candidate_with_rsi14_prev<30
2026-02-19,opening_gapdown_v1,16,1,1,signal,
2026-02-20,opening_gapdown_v1,15,0,0,no_signal,no_candidate_with_rsi14_prev<30
2026-02-23,opening_gapdown_v1,18,0,0,no_signal,no_candidate_with_rsi14_prev<30
2026-02-24,opening_gapdown_v1,36,0,0,no_signal,no_candidate_with_rsi14_prev<30
2026-02-25,opening_gapdown_v1,12,0,0,no_signal,no_candidate_with_rsi14_prev<30
2026-02-26,opening_gapdown_v1,34,0,0,no_signal,no_candidate_with_rsi14_prev<30
2026-02-27,opening_gapdown_v1,166,1,1,signal,
2026-03-03,opening_gapdown_v1,525,3,3,signal,
2026-03-04,opening_gapdown_v1,759,12,3,signal,
2026-03-05,opening_gapdown_v1,16,0,0,no_signal,no_candidate_with_rsi14_prev<30
2026-03-06,opening_gapdown_v1,230,1,1,signal,
2026-03-09,opening_gapdown_v1,688,2,2,signal,
2026-03-10,opening_gapdown_v1,49,0,0,no_signal,no_candidate_with_rsi14_prev<30
2026-03-11,opening_gapdown_v1,19,0,0,no_signal,no_candidate_with_rsi14_prev<30
2026-03-12,opening_gapdown_v1,57,0,0,no_signal,no_candidate_with_rsi14_prev<30
2026-03-13,opening_gapdown_v1,475,0,0,no_signal,no_candidate_with_rsi14_prev<30
2026-03-16,opening_gapdown_v1,27,0,0,no_signal,no_candidate_with_rsi14_prev<30
2026-03-17,opening_gapdown_v1,24,0,0,no_signal,no_candidate_with_rsi14_prev<30
2026-03-18,opening_gapdown_v1,12,0,0,no_signal,no_candidate_with_rsi14_prev<30
2026-03-19,opening_gapdown_v1,434,0,0,no_signal,no_candidate_with_rsi14_prev<30
2026-03-20,opening_gapdown_v1,19,0,0,no_signal,no_candidate_with_rsi14_prev<30
2026-03-23,opening_gapdown_v1,535,2,2,signal,
2026-03-24,opening_gapdown_v1,23,1,1,signal,
2026-03-25,opening_gapdown_v1,14,0,0,no_signal,no_candidate_with_rsi14_prev<30
2026-03-26,opening_gapdown_v1,53,0,0,no_signal,no_candidate_with_rsi14_prev<30
2026-03-27,opening_gapdown_v1,410,0,0,no_signal,no_candidate_with_rsi14_prev<30
2026-03-30,opening_gapdown_v1,618,1,1,signal,
2026-03-31,opening_gapdown_v1,216,0,0,no_signal,no_candidate_with_rsi14_prev<30
2026-04-01,opening_gapdown_v1,30,0,0,no_signal,no_candidate_with_rsi14_prev<30
2026-04-02,opening_gapdown_v1,9,0,0,no_signal,no_candidate_with_rsi14_prev<30
2026-04-03,opening_gapdown_v1,15,0,0,no_signal,no_candidate_with_rsi14_prev<30
2026-04-06,opening_gapdown_v1,22,1,1,signal,
2026-04-07,opening_gapdown_v1,52,0,0,no_signal,no_candidate_with_rsi14_prev<30
2026-04-08,opening_gapdown_v1,46,0,0,no_signal,no_candidate_with_rsi14_prev<30
2026-04-09,opening_gapdown_v1,75,0,0,no_signal,no_candidate_with_rsi14_prev<30
2026-04-10,opening_gapdown_v1,10,0,0,no_signal,no_candidate_with_rsi14_prev<30
2026-04-13,opening_gapdown_v1,299,0,0,no_signal,no_candidate_with_rsi14_prev<30
2026-04-14,opening_gapdown_v1,25,0,0,no_signal,no_candidate_with_rsi14_prev<30
2026-04-15,opening_gapdown_v1,11,0,0,no_signal,no_candidate_with_rsi14_prev<30
2026-04-16,opening_gapdown_v1,12,0,0,no_signal,no_candidate_with_rsi14_prev<30
2026-04-17,opening_gapdown_v1,31,0,0,no_signal,no_candidate_with_rsi14_prev<30
2026-04-20,opening_gapdown_v1,41,0,0,no_signal,no_candidate_with_rsi14_prev<30
2026-04-21,opening_gapdown_v1,12,0,0,no_signal,no_candidate_with_rsi14_prev<30
2026-04-22,opening_gapdown_v1,40,0,0,no_signal,no_candidate_with_rsi14_prev<30
2026-04-23,opening_gapdown_v1,21,0,0,no_signal,no_candidate_with_rsi14_prev<30
2026-04-24,opening_gapdown_v1,29,0,0,no_signal,no_candidate_with_rsi14_prev<30
2026-04-27,opening_gapdown_v1,16,0,0,no_signal,no_candidate_with_rsi14_prev<30
2026-04-28,opening_gapdown_v1,27,0,0,no_signal,no_candidate_with_rsi14_prev<30
2026-04-29,opening_gapdown_v1,92,0,0,no_signal,no_candidate_with_rsi14_prev<30
2026-04-30,opening_gapdown_v1,28,0,0,no_signal,no_candidate_with_rsi14_prev<30
2026-05-04,opening_gapdown_v1,13,0,0,no_signal,no_candidate_with_rsi14_prev<30
2026-05-06,opening_gapdown_v1,35,0,0,no_signal,no_candidate_with_rsi14_prev<30
2026-05-07,opening_gapdown_v1,57,0,0,no_signal,no_candidate_with_rsi14_prev<30
2026-05-08,opening_gapdown_v1,135,0,0,no_signal,no_candidate_with_rsi14_prev<30
2026-05-11,opening_gapdown_v1,35,1,1,signal,
2026-05-12,opening_gapdown_v1,26,2,2,signal,
2026-05-13,opening_gapdown_v1,169,3,3,signal,
2026-05-14,opening_gapdown_v1,36,1,1,signal,
2026-05-15,opening_gapdown_v1,41,0,0,no_signal,no_candidate_with_rsi14_prev<30
2026-05-18,opening_gapdown_v1,299,12,3,signal,
2026-05-19,opening_gapdown_v1,94,6,3,signal,
2026-05-20,opening_gapdown_v1,125,14,3,signal,
2026-05-21,opening_gapdown_v1,11,0,0,no_signal,no_candidate_with_rsi14_prev<30
2026-05-22,opening_gapdown_v1,19,1,1,signal,
2026-05-26,opening_gapdown_v1,6,0,0,no_signal,no_candidate_with_rsi14_prev<30
2026-05-27,opening_gapdown_v1,56,0,0,no_signal,no_candidate_with_rsi14_prev<30
2026-05-28,opening_gapdown_v1,45,1,1,signal,
2026-05-29,opening_gapdown_v1,21,2,2,signal,
2026-06-01,opening_gapdown_v1,155,11,3,signal,
2026-06-02,opening_gapdown_v1,239,31,3,signal,
2026-06-04,opening_gapdown_v1,140,21,3,signal,
2026-06-05,opening_gapdown_v1,227,7,3,signal,
2026-06-08,opening_gapdown_v1,648,74,3,signal,
2026-06-09,opening_gapdown_v1,14,8,3,signal,
2026-06-10,opening_gapdown_v1,229,10,3,signal,
2026-06-11,opening_gapdown_v1,323,26,3,signal,
2026-06-12,opening_gapdown_v1,13,2,2,signal,
2026-06-15,opening_gapdown_v1,27,0,0,no_signal,no_candidate_with_rsi14_prev<30
2026-06-16,opening_gapdown_v1,10,0,0,no_signal,no_candidate_with_rsi14_prev<30
2026-06-17,opening_gapdown_v1,46,1,1,signal,
2026-06-18,opening_gapdown_v1,19,0,0,no_signal,no_candidate_with_rsi14_prev<30
2026-06-19,opening_gapdown_v1,34,1,1,signal,
2026-06-22,opening_gapdown_v1,217,9,3,signal,
2026-06-23,opening_gapdown_v1,89,10,3,signal,
2026-06-24,opening_gapdown_v1,69,14,3,signal,
2026-06-25,opening_gapdown_v1,35,2,2,signal,
2026-06-26,opening_gapdown_v1,88,15,3,signal,
2026-06-29,opening_gapdown_v1,53,25,3,signal,
2026-06-30,opening_gapdown_v1,47,0,0,no_signal,no_candidate_with_rsi14_prev<30
2026-07-01,opening_gapdown_v1,15,0,0,no_signal,no_candidate_with_rsi14_prev<30
2026-07-02,opening_gapdown_v1,263,2,2,signal,
2026-07-03,opening_gapdown_v1,27,0,0,no_signal,no_candidate_with_rsi14_prev<30
2026-07-06,opening_gapdown_v1,18,0,0,no_signal,no_candidate_with_rsi14_prev<30
2026-07-07,opening_gapdown_v1,129,3,3,signal,
2026-07-08,opening_gapdown_v1,265,17,3,signal,
2026-07-09,opening_gapdown_v1,47,8,3,signal,
2026-07-10,opening_gapdown_v1,22,2,2,signal,
2026-07-13,opening_gapdown_v1,26,3,3,signal,
2026-07-14,opening_gapdown_v1,56,4,3,signal,
2026-07-15,opening_gapdown_v1,8,0,0,no_signal,no_candidate_with_rsi14_prev<30
2026-07-16,opening_gapdown_v1,180,2,2,signal,
2026-07-20,opening_gapdown_v1,232,6,3,signal,
2026-07-21,opening_gapdown_v1,51,2,2,signal,
2026-07-22,opening_gapdown_v1,9,0,0,no_signal,no_candidate_with_rsi14_prev<30
2026-07-23,opening_gapdown_v1,15,0,0,no_signal,no_candidate_with_rsi14_prev<30
2026-07-24,opening_gapdown_v1,173,1,1,signal,
2026-07-27,opening_gapdown_v1,22,0,0,no_signal,no_candidate_with_rsi14_prev<30
2026-07-28,opening_gapdown_v1,316,1,1,signal,
2026-07-29,opening_gapdown_v1,9,1,1,signal,
2026-07-30,opening_gapdown_v1,374,68,3,signal,
2026-07-31,opening_gapdown_v1,14,0,0,no_signal,no_candidate_with_rsi14_prev<30
2026-08-03,opening_gapdown_v1,177,1,1,signal,
2026-08-04,opening_gapdown_v1,21,0,0,no_signal,no_candidate_with_rsi14_prev<30
2026-08-05,opening_gapdown_v1,10,0,0,no_signal,no_candidate_with_rsi14_prev<30
2026-08-06,opening_gapdown_v1,69,1,1,signal,
2026-08-07,opening_gapdown_v1,29,0,0,no_signal,no_candidate_with_rsi14_prev<30
2026-08-10,opening_gapdown_v1,12,0,0,no_signal,no_candidate_with_rsi14_prev<30
2026-08-11,opening_gapdown_v1,72,0,0,no_signal,no_candidate_with_rsi14_prev<30
2026-08-12,opening_gapdown_v1,29,0,0,no_signal,no_candidate_with_rsi14_prev<30
2026-08-13,opening_gapdown_v1,28,0,0,no_signal,no_candidate_with_rsi14_prev<30
2026-08-14,opening_gapdown_v1,11,0,0,no_signal,no_candidate_with_rsi14_prev<30
2026-08-18,opening_gapdown_v1,47,0,0,no_signal,no_candidate_with_rsi14_prev<30
2026-08-19,opening_gapdown_v1,417,2,2,signal,
2026-08-20,opening_gapdown_v1,24,0,0,no_signal,no_candidate_with_rsi14_prev<30
2026-08-21,opening_gapdown_v1,194,0,0,no_signal,no_candidate_with_rsi14_prev<30
2026-08-24,opening_gapdown_v1,27,1,1,signal,
2026-08-25,opening_gapdown_v1,120,0,0,no_signal,no_candidate_with_rsi14_prev<30
2026-08-26,opening_gapdown_v1,20,0,0,no_signal,no_candidate_with_rsi14_prev<30
2026-08-27,opening_gapdown_v1,38,0,0,no_signal,no_candidate_with_rsi14_prev<30
2026-08-28,opening_gapdown_v1,21,0,0,no_signal,no_candidate_with_rsi14_prev<30
2026-08-31,opening_gapdown_v1,192,0,0,no_signal,no_candidate_with_rsi14_prev<30
2026-09-01,opening_gapdown_v1,29,0,0,no_signal,no_candidate_with_rsi14_prev<30
2026-09-02,opening_gapdown_v1,305,0,0,no_signal,no_candidate_with_rsi14_prev<30
2026-09-03,opening_gapdown_v1,11,0,0,no_signal,no_candidate_with_rsi14_prev<30
2026-09-04,opening_gapdown_v1,11,0,0,no_signal,no_candidate_with_rsi14_prev<30
2026-09-07,opening_gapdown_v1,10,0,0,no_signal,no_candidate_with_rsi14_prev<30
2026-09-08,opening_gapdown_v1,9,0,0,no_signal,no_candidate_with_rsi14_prev<30
2026-09-09,opening_gapdown_v1,10,0,0,no_signal,no_candidate_with_rsi14_prev<30
2026-09-10,opening_gapdown_v1,75,0,0,no_signal,no_candidate_with_rsi14_prev<30
2026-09-11,opening_gapdown_v1,311,1,1,signal,
2026-09-14,opening_gapdown_v1,159,1,1,signal,
2026-09-15,opening_gapdown_v1,39,0,0,no_signal,no_candidate_with_rsi14_prev<30
2026-09-16,opening_gapdown_v1,38,1,1,signal,
2026-09-17,opening_gapdown_v1,12,0,0,no_signal,no_candidate_with_rsi14_prev<30
2026-09-18,opening_gapdown_v1,7,0,0,no_signal,no_candidate_with_rsi14_prev<30
2026-09-21,opening_gapdown_v1,19,0,0,no_signal,no_candidate_with_rsi14_prev<30
2026-09-22,opening_gapdown_v1,16,0,0,no_signal,no_candidate_with_rsi14_prev<30
2026-09-23,opening_gapdown_v1,14,1,1,signal,
2026-09-28,opening_gapdown_v1,21,0,0,no_signal,no_candidate_with_rsi14_prev<30
2026-09-29,opening_gapdown_v1,48,2,2,signal,
2026-09-30,opening_gapdown_v1,14,0,0,no_signal,no_candidate_with_rsi14_prev<30
2026-10-01,opening_gapdown_v1,27,1,1,signal,
2026-10-02,opening_gapdown_v1,12,0,0,no_signal,no_candidate_with_rsi14_prev<30
2026-10-06,opening_gapdown_v1,4,0,0,no_signal,no_candidate_with_rsi14_prev<30
2026-10-07,opening_gapdown_v1,43,0,0,no_signal,no_candidate_with_rsi14_prev<30
