signalId,date,code,name,market,variant,strategyVersion,gapPct,entryPrice,exitPrice,grossPnl,frictionPct,pnl,mfePct,maePct,hitPlus1,hitPlus2,hitMinus1,hitMinus2,rsi14Prev
426ff56afec24e63,2018-03-30,073240,금호타이어,KOSPI,baseline,opening_gapdown_v1,-2.5352112676056304,3460.0,4615.0,33.38150289017341,0.6635260115606936,32.71797687861272,33.38150289017341,-3.3236994219653204,True,True,True,True,29.810004394690523
2d4b7e7f861a69fd,2018-04-03,034220,LG디스플레이,KOSPI,baseline,opening_gapdown_v1,-2.3346303501945553,25100.0,25300.0,0.7968127490039834,0.827609561752988,-0.0307968127490047,1.5936254980079667,-0.3984063745019917,True,False,False,False,26.935746339635187
6048cd433ae389c4,2018-04-04,134780,화진,KOSDAQ,baseline,opening_gapdown_v1,-2.0023557126030656,4160.0,4200.0,0.9615384615384581,0.5905769230769231,0.370961538461535,4.807692307692313,-0.12019230769231282,True,True,False,False,27.967936301131303
af271d34b06da50e,2018-04-05,090710,디에스티로봇,KOSDAQ,baseline,opening_gapdown_v1,-5.21739130434783,1635.0,1675.0,2.4464831804281273,0.4134862385321101,2.032996941896017,4.281345565749239,0.0,True,True,False,False,22.90074564451153
272c99e0c785394a,2018-04-09,168330,내츄럴엔도텍,KOSDAQ,baseline,opening_gapdown_v1,-2.785515320334264,17450.0,18100.0,3.72492836676217,0.40191977077363894,3.323008595988531,4.584527220630363,-1.1461318051575908,True,True,True,False,29.72809112203879
cd784facc178617d,2018-04-13,003560,IHQ,KOSPI,baseline,opening_gapdown_v1,-2.00892857142857,2195.0,2215.0,0.9111617312072884,0.9133712984054669,-0.0022095671981785525,3.1890660592255093,-1.8223234624145768,True,True,True,False,29.15690674708199
d975cd26d668e3f4,2018-04-27,017250,인터엠,KOSDAQ,baseline,opening_gapdown_v1,-5.458515283842791,2165.0,2215.0,2.3094688221708903,0.9228406466512702,1.3866281755196201,4.618937644341803,-2.0785219399538146,True,True,True,True,23.588423724972174
c8cf303059f4624f,2018-05-04,207940,삼성바이오로직스,KOSPI,baseline,opening_gapdown_v1,-2.8205128205128216,379000.0,359500.0,-5.145118733509236,0.625778364116095,-5.770897097625331,1.846965699208436,-7.651715039577834,True,False,True,True,28.10349911003395
b4053ced95225e9a,2018-05-08,101390,아이엠,KOSDAQ,baseline,opening_gapdown_v1,-3.131524008350728,2320.0,2315.0,-0.21551724137931494,0.876551724137931,-1.092068965517246,4.094827586206895,-0.4310344827586188,True,True,False,False,21.23463106967607
ced0d2d3420aff80,2018-05-09,065620,제낙스,KOSDAQ,baseline,opening_gapdown_v1,-8.333333333333337,22000.0,16800.0,-23.636363636363633,0.9118181818181817,-24.548181818181813,8.636363636363642,-23.636363636363633,True,True,True,True,19.13275343066684
b02f7a331ae224f2,2018-05-09,214450,파마리서치프로덕트,KOSDAQ,baseline,opening_gapdown_v1,-2.0594965675057253,42800.0,45650.0,6.658878504672905,0.5804672897196261,6.078411214953279,7.1261682242990565,0.0,True,True,False,False,26.199135200620958
296359c850c5aecd,2018-05-10,065620,제낙스,KOSDAQ,baseline,opening_gapdown_v1,-4.761904761904767,16000.0,20350.0,27.187500000000007,0.4175,26.770000000000007,32.18749999999999,0.0,True,True,False,False,10.268052211126488
8ed1ecab7247287b,2018-05-17,041830,인바디,KOSDAQ,baseline,opening_gapdown_v1,-2.6881720430107503,36200.0,34950.0,-3.4530386740331487,0.6443646408839779,-4.097403314917127,0.8287292817679592,-4.005524861878451,False,False,True,True,26.301653765926545
35600c0a0fa8359d,2018-06-01,021040,대호피앤씨,KOSDAQ,baseline,opening_gapdown_v1,-3.858520900321538,1495.0,1535.0,2.6755852842809347,0.4306688963210702,2.2449163879598646,5.0167224080267525,-0.6688963210702337,True,True,False,False,28.945647855715066
7874b0f64ef592a2,2018-06-14,007390,네이처셀,KOSDAQ,baseline,opening_gapdown_v1,-23.469387755102044,15000.0,17200.0,14.666666666666671,0.43000000000000005,14.236666666666672,27.333333333333343,-2.0000000000000018,True,True,True,True,25.12067962338898
76b402000abe7dfb,2018-06-14,004770,써니전자,KOSPI,baseline,opening_gapdown_v1,-4.954128440366967,2590.0,2410.0,-6.949806949806947,0.8091505791505791,-7.758957528957525,2.5096525096525157,-7.722007722007717,True,True,True,True,27.143361601065592
edcc5f25b65a5d6e,2018-06-18,241820,피씨엘,KOSDAQ,baseline,opening_gapdown_v1,-2.2421524663677084,10900.0,10750.0,-1.3761467889908285,0.5052293577981651,-1.8813761467889938,2.752293577981657,-4.128440366972475,True,True,True,True,28.90767056860797
83753a057ba01780,2018-06-18,007390,네이처셀,KOSDAQ,baseline,opening_gapdown_v1,-2.052785923753664,16700.0,17350.0,3.8922155688622784,0.40964071856287426,3.4825748502994043,6.287425149700598,-1.19760479041916,True,True,True,False,22.22258530289588
f303a5f479a4bf40,2018-06-19,004720,우리들제약,KOSPI,baseline,opening_gapdown_v1,-2.885682574916759,8750.0,8390.0,-4.114285714285715,0.5728571428571428,-4.687142857142858,2.7428571428571358,-4.571428571428571,True,True,True,True,28.643499043485107
cc92bd21e7fa0959,2018-06-19,174900,앱클론,KOSDAQ,baseline,opening_gapdown_v1,-2.2556390977443663,39000.0,44500.0,14.102564102564097,0.6146153846153847,13.487948717948711,27.435897435897427,-4.61538461538461,True,True,True,True,25.99509954538587
28c2f468004b5510,2018-06-20,052690,한전기술,KOSPI,baseline,opening_gapdown_v1,-2.7027027027026973,25200.0,26850.0,6.547619047619047,0.8252380952380952,5.722380952380951,8.531746031746025,0.0,True,True,False,False,29.64092258935844
9300cd91bc577503,2018-06-20,002390,한독,KOSPI,baseline,opening_gapdown_v1,-2.0715630885122405,26000.0,27650.0,6.346153846153846,0.806923076923077,5.539230769230769,9.423076923076934,0.0,True,True,False,False,28.579017797667703
be29f14d49e545bc,2018-06-20,003090,대웅,KOSPI,baseline,opening_gapdown_v1,-2.0648967551622377,16600.0,17450.0,5.12048192771084,0.41072289156626507,4.709759036144575,8.132530120481917,0.0,True,True,False,False,27.021936055555216
1a7b02c93602f6b4,2018-06-22,054670,대한뉴팜,KOSDAQ,baseline,opening_gapdown_v1,-4.150943396226414,12700.0,13600.0,7.086614173228356,0.4662204724409449,6.620393700787411,7.48031496062993,0.0,True,True,False,False,28.525388716697577
077aba96266ca371,2018-06-22,086520,에코프로,KOSDAQ,baseline,opening_gapdown_v1,-3.0399999999999983,30300.0,31200.0,2.970297029702973,0.725049504950495,2.245247524752478,5.940594059405946,-4.290429042904287,True,True,True,True,29.49677502932576
ee401ef152c5969b,2018-06-22,034220,LG디스플레이,KOSPI,baseline,opening_gapdown_v1,-2.110817941952503,18550.0,19000.0,2.42587601078168,0.39172506738544477,2.0341509433962353,3.7735849056603765,0.0,True,True,False,False,22.01694796016993
302fc2ae79d6099e,2018-06-26,007570,일양약품,KOSPI,baseline,opening_gapdown_v1,-4.8034934497816595,32700.0,34550.0,5.657492354740068,0.6887155963302752,4.968776758409793,6.269113149847105,-0.3058103975535187,True,True,False,False,29.388492539715614
bc811f1b5041a042,2018-06-26,241770,메카로,KOSDAQ,baseline,opening_gapdown_v1,-2.960526315789469,29500.0,28850.0,-2.203389830508473,0.7384745762711864,-2.9418644067796595,1.016949152542379,-3.220338983050852,True,False,True,True,29.123764087904377
f73f89bd501e1635,2018-06-26,203650,드림시큐리티,KOSDAQ,baseline,opening_gapdown_v1,-2.807775377969768,4500.0,4585.0,1.8888888888888955,0.5633333333333334,1.325555555555562,5.444444444444452,-0.11111111111110628,True,True,False,False,29.182627445332344
f3cbbf30507abc91,2018-06-28,004870,티웨이홀딩스,KOSPI,baseline,opening_gapdown_v1,-2.2702702702702693,4520.0,4475.0,-0.9955752212389424,0.5618584070796461,-1.5574336283185883,4.2035398230088505,-1.5486725663716783,True,True,True,False,26.260903631512406
5c51128d920c2f25,2018-07-02,036930,주성엔지니어링,KOSDAQ,baseline,opening_gapdown_v1,-2.923264311814855,7970.0,7960.0,-0.12547051442910462,0.6064115432873275,-0.7318820577164321,4.2659974905897124,-0.12547051442910462,True,True,False,False,26.449923651105863
55e8cc6c00e0836d,2018-07-04,003000,부광약품,KOSPI,baseline,opening_gapdown_v1,-2.0361990950226283,21650.0,22500.0,3.9260969976905313,0.9228406466512702,3.003256351039261,6.004618937644346,0.0,True,True,False,False,20.954918398238874
6755b3c1dcb113a8,2018-07-16,158310,인터불스,KOSDAQ,baseline,opening_gapdown_v1,-2.5588536335721557,4760.0,4445.0,-6.617647058823528,0.545126050420168,-7.162773109243696,1.5756302521008347,-8.613445378151264,True,False,True,True,23.945400420679093
7f53cd40a4094644,2018-07-18,102210,해덕파워웨이,KOSDAQ,baseline,opening_gapdown_v1,-3.891050583657585,12350.0,11700.0,-5.263157894736848,0.4729149797570851,-5.736072874493933,3.238866396761142,-5.263157894736848,True,True,True,True,21.85292545870489
b8fc1d8ebf4d6cf1,2018-07-19,007390,네이처셀,KOSDAQ,baseline,opening_gapdown_v1,-15.586854460093901,8990.0,8480.0,-5.6729699666295925,0.5637041156840935,-6.236674082313686,4.894327030033363,-11.790878754171297,True,True,True,True,19.390436512201035
f8b8c8f517c65793,2018-07-19,047810,한국항공우주,KOSPI,baseline,opening_gapdown_v1,-2.612481857764881,33550.0,32200.0,-4.023845007451565,0.6770938897168406,-4.700938897168406,0.29806259314455463,-5.365126676602083,False,False,True,True,26.209891060210907
e5beba7b99842fbb,2018-07-19,102210,해덕파워웨이,KOSDAQ,baseline,opening_gapdown_v1,-2.1367521367521403,11450.0,11400.0,-0.4366812227074246,0.4920087336244542,-0.9286899563318788,2.183406113537112,-17.205240174672486,True,True,True,True,19.379531721007908
31e0ef517e159e2c,2018-07-20,102210,해덕파워웨이,KOSDAQ,baseline,opening_gapdown_v1,-3.0701754385964897,11050.0,12000.0,8.597285067873294,0.5014932126696833,8.095791855203611,13.574660633484159,0.0,True,True,False,False,18.782303096386272
599c0006fb4f57dc,2018-07-20,226440,한송네오텍,KOSDAQ,baseline,opening_gapdown_v1,-2.604166666666663,1870.0,1895.0,1.3368983957219305,0.39042780748663103,0.9464705882352995,3.743315508021383,-0.8021390374331583,True,True,False,False,23.69020072842838
c995343b64a1a8d8,2018-07-23,196450,텔루스,KOSDAQ,baseline,opening_gapdown_v1,-6.083650190114065,1235.0,1135.0,-8.097165991902832,0.4729149797570851,-8.570080971659918,8.097165991902845,-9.716599190283404,True,True,True,True,26.629542345326897
e3aece38c969121b,2018-07-23,007390,네이처셀,KOSDAQ,baseline,opening_gapdown_v1,-3.8809831824062058,7430.0,6570.0,-11.574697173620462,0.6337685060565276,-12.20846567967699,2.6917900403768513,-11.574697173620462,True,True,True,True,15.388751605381046
11279b84d8b109df,2018-07-23,016100,리더스코스메틱,KOSDAQ,baseline,opening_gapdown_v1,-2.491103202846978,13700.0,13050.0,-4.744525547445255,0.44897810218978107,-5.193503649635036,1.4598540145985384,-4.744525547445255,True,False,True,True,26.59995010931121
2f87d0da7699d263,2018-07-24,064800,필링크,KOSDAQ,baseline,opening_gapdown_v1,-2.4074074074074026,2635.0,2760.0,4.743833017077792,0.7992599620493358,3.944573055028456,5.882352941176472,0.0,True,True,False,False,25.1895224751745
4cf16a7ee2659b83,2018-07-24,024720,한국콜마홀딩스,KOSPI,baseline,opening_gapdown_v1,-2.196193265007318,33400.0,34900.0,4.491017964071853,0.6791017964071856,3.811916167664667,4.79041916167664,-0.5988023952095856,True,True,False,False,23.09702143618746
cf75519817643157,2018-07-24,039490,키움증권,KOSPI,baseline,opening_gapdown_v1,-2.183406113537123,89600.0,92200.0,2.9017857142857206,0.5648214285714286,2.3369642857142923,3.0133928571428603,0.0,True,True,False,False,29.53675200256184
37e828149d49ee6d,2018-07-25,085310,엔케이,KOSPI,baseline,opening_gapdown_v1,-2.405498281786944,1420.0,1355.0,-4.577464788732399,0.4412676056338028,-5.018732394366202,1.760563380281699,-5.98591549295775,True,False,True,True,26.06874886413253
af7dfb6568278e70,2018-07-27,102210,해덕파워웨이,KOSDAQ,baseline,opening_gapdown_v1,-2.2831050228310557,10700.0,10900.0,1.869158878504673,0.510373831775701,1.3587850467289722,5.1401869158878455,-3.2710280373831724,True,True,True,True,28.49505337444738
a5da2b472d5b7156,2018-07-27,158310,인터불스,KOSDAQ,baseline,opening_gapdown_v1,-2.144772117962468,3650.0,3715.0,1.7808219178082174,0.640958904109589,1.1398630136986285,4.93150684931507,-1.2328767123287676,True,True,True,False,25.66612088160447
b2263e5a31f1eab8,2018-07-30,028300,에이치엘비,KOSDAQ,baseline,opening_gapdown_v1,-2.351097178683381,62300.0,63400.0,1.7656500802568198,0.7115409309791332,1.0541091492776866,4.65489566613162,-3.21027287319422,True,True,True,True,22.546903689953496
78ed56d2ebef063b,2018-08-16,054340,피앤텔,KOSDAQ,baseline,opening_gapdown_v1,-22.03883495145631,803.0,794.0,-1.1207970112079746,0.6035990037359901,-1.7243960149439648,2.7397260273972712,-4.981320049813198,True,True,True,True,21.450028541984395
dfd75ffd4b473119,2018-08-16,271560,오리온,KOSPI,baseline,opening_gapdown_v1,-5.508474576271183,111500.0,105500.0,-5.381165919282516,0.49905829596412554,-5.880224215246642,2.6905829596412634,-8.968609865470857,True,True,True,True,29.47499424354126
c44686f7de1eac61,2018-08-16,208640,썸에이지,KOSDAQ,baseline,opening_gapdown_v1,-4.554865424430643,2305.0,2450.0,6.290672451193058,0.8807592190889371,5.40991323210412,6.290672451193058,-4.989154013015185,True,True,True,True,28.567115543205745
fa34f3b3d504bd5a,2018-08-17,102210,해덕파워웨이,KOSDAQ,baseline,opening_gapdown_v1,-2.850627137970352,8520.0,9000.0,5.633802816901401,0.5821126760563381,5.0516901408450625,7.9812206572769995,0.0,True,True,False,False,23.53547994475703
c53593e0a2871bde,2018-08-17,041960,코미팜,KOSDAQ,baseline,opening_gapdown_v1,-2.278481012658229,19300.0,20300.0,5.181347150259064,0.385440414507772,4.7959067357512914,6.476683937823835,0.0,True,True,False,False,26.371144628492132
c3249cdfcf97e4e3,2018-08-20,222810,바이오닉스진,KOSDAQ,baseline,opening_gapdown_v1,-2.017291066282423,6800.0,6240.0,-8.235294117647063,0.6711764705882353,-8.9064705882353,1.4705882352941124,-10.735294117647054,True,False,True,True,25.046151424867446
49dd8c56c796f216,2018-09-04,060300,레드로버,KOSDAQ,baseline,opening_gapdown_v1,-3.2983508245877036,3225.0,3345.0,3.7209302325581506,0.6951162790697675,3.0258139534883832,4.961240310077519,0.0,True,True,False,False,27.760657799249913
be8e55fb308602d2,2018-09-10,271560,오리온,KOSPI,baseline,opening_gapdown_v1,-2.228976697061802,96500.0,96300.0,-0.2072538860103612,0.540880829015544,-0.7481347150259052,2.0725388601036343,-1.1398963730569922,True,True,True,False,26.099852745072567
5a44cb0db8c8669e,2018-09-12,071970,STX중공업,KOSPI,baseline,opening_gapdown_v1,-3.9944903581267233,3485.0,3515.0,0.8608321377331363,0.660416068866571,0.20041606886656527,1.7216642754662947,-2.152080344332852,True,False,True,True,19.763602738092857
869a4b2cf3f0d3a9,2018-09-18,071970,STX중공업,KOSPI,baseline,opening_gapdown_v1,-2.2375215146299476,2840.0,2900.0,2.1126760563380254,0.758169014084507,1.3545070422535184,4.929577464788726,-1.232394366197187,True,True,True,False,12.000116824685293
7eb4705fc84268dc,2018-09-18,090460,비에이치,KOSDAQ,baseline,opening_gapdown_v1,-2.0000000000000018,19600.0,21000.0,7.14285714285714,0.38306122448979596,6.7597959183673435,7.908163265306123,-1.0204081632653073,True,True,True,False,25.39789282442044
3aad5f002b18e885,2018-09-27,043590,크로바하이텍,KOSDAQ,baseline,opening_gapdown_v1,-2.7732463295269127,2980.0,2850.0,-4.36241610738255,0.7333557046979865,-5.095771812080536,1.8456375838926231,-5.033557046979864,True,False,True,True,28.74118126232969
116163df5e171770,2018-09-27,071970,STX중공업,KOSPI,baseline,opening_gapdown_v1,-2.0220588235294157,2665.0,2635.0,-1.1257035647279534,0.7928517823639775,-1.9185553470919308,1.31332082551594,-1.8761726078799223,True,False,True,False,15.982268010805015
8dfc24bacbcf661b,2018-10-05,042000,카페24,KOSDAQ,baseline,opening_gapdown_v1,-2.4451939291736946,115700.0,112700.0,-2.5929127052722545,0.48929127052722554,-3.08220397579948,3.7165082108902237,-2.9386343993085595,True,True,True,True,24.43191153886835
f6c4bd54374e77b0,2018-10-05,082920,비츠로셀,KOSDAQ,baseline,opening_gapdown_v1,-2.3474178403755874,10400.0,10850.0,4.326923076923084,0.5184615384615385,3.808461538461545,6.25,0.0,True,True,False,False,20.670976759574174
03c2693bd836996e,2018-10-05,224060,코디엠,KOSDAQ,baseline,opening_gapdown_v1,-2.2831050228310557,1070.0,1100.0,2.8037383177569986,0.510373831775701,2.2933644859812974,5.607476635514019,-0.4672897196261627,True,True,False,False,28.343817699051243
35a90a59cb670c72,2018-10-08,006490,인스코비,KOSPI,baseline,opening_gapdown_v1,-3.076923076923077,7560.0,7380.0,-2.3809523809523836,0.6268253968253968,-3.0077777777777803,6.349206349206349,-3.1746031746031744,True,True,True,True,28.447542713889362
b2705b8ad34e8e0a,2018-10-08,095610,테스,KOSDAQ,baseline,opening_gapdown_v1,-2.1943573667711602,15600.0,15400.0,-1.2820512820512775,0.42230769230769233,-1.7043589743589698,5.128205128205132,-1.602564102564108,True,True,True,False,26.515976728708907
8fafa451ff4c3b0a,2018-10-08,009240,한샘,KOSPI,baseline,opening_gapdown_v1,-2.023121387283233,67800.0,68800.0,1.4749262536873253,0.6724778761061947,0.8024483775811306,5.162241887905594,0.0,True,True,False,False,19.449355331842497
0f9568dfeb7560c5,2018-10-10,079970,투비소프트,KOSDAQ,baseline,opening_gapdown_v1,-2.560455192034139,6850.0,7400.0,8.029197080291972,0.667956204379562,7.36124087591241,13.430656934306562,0.0,True,True,False,False,27.545466869282066
71736c192d90fb64,2018-10-10,178920,SKC코오롱PI,KOSDAQ,baseline,opening_gapdown_v1,-2.050113895216399,43000.0,42100.0,-2.0930232558139528,0.5788372093023256,-2.6718604651162785,1.1627906976744207,-4.534883720930227,True,False,True,True,28.296666054190325
4d07fba5dc97e121,2018-10-11,206560,덱스터,KOSDAQ,baseline,opening_gapdown_v1,-9.917355371900827,5450.0,5610.0,2.9357798165137616,0.7804587155963303,2.1553211009174316,7.88990825688074,0.0,True,True,False,False,20.693657081637227
7def3634b4311c0b,2018-10-11,255220,SG,KOSDAQ,baseline,opening_gapdown_v1,-9.909909909909908,9000.0,9600.0,6.666666666666665,0.5633333333333334,6.103333333333332,8.666666666666668,-0.11111111111110628,True,True,False,False,29.013161609581132
693322095c52c86e,2018-10-11,006390,한일현대시멘트,KOSPI,baseline,opening_gapdown_v1,-9.627329192546586,43650.0,47000.0,7.674684994272618,0.5736426116838488,7.101042382588769,13.28751431844215,-0.3436426116838476,True,True,False,False,26.902226089658754
e2e5996ec24d134a,2018-10-12,050890,쏠리드,KOSDAQ,baseline,opening_gapdown_v1,-6.051873198847257,3260.0,3550.0,8.895705521472387,0.6901226993865031,8.205582822085884,9.355828220858896,-0.15337423312883347,True,True,False,False,18.5106168036163
a6ce530e55444572,2018-10-12,138360,에이씨티,KOSDAQ,baseline,opening_gapdown_v1,-5.864197530864201,6100.0,7140.0,17.04918032786886,0.7218032786885247,16.327377049180335,19.999999999999996,0.0,True,True,False,False,26.594291051363413
346413341a478eba,2018-10-12,007630,폴루스바이오팜,KOSPI,baseline,opening_gapdown_v1,-5.579399141630903,11000.0,12350.0,12.27272727272728,0.5027272727272728,11.770000000000008,13.636363636363647,0.0,True,True,False,False,27.152394338734126
cc268788c0c2d4e6,2018-10-15,204630,화이브라더스코리아,KOSDAQ,baseline,opening_gapdown_v1,-2.500000000000002,2730.0,3010.0,10.256410256410264,0.7794505494505495,9.476959706959715,10.989010989010994,-0.1831501831501825,True,True,False,False,17.1319625058363
4c7b7f7cd04a74ea,2018-10-15,033600,에이코넬,KOSDAQ,baseline,opening_gapdown_v1,-2.00892857142857,4390.0,3225.0,-26.537585421412302,0.5716856492027335,-27.109271070615037,2.6195899772209597,-28.473804100227795,True,True,True,True,25.533156457419565
a76407588dd57dfb,2018-10-16,001290,골든브릿지증권,KOSPI,baseline,opening_gapdown_v1,-5.213270142180093,2000.0,2205.0,10.250000000000004,0.98,9.270000000000003,13.250000000000007,-9.750000000000004,True,True,True,True,17.496354323850113
9bd30b2b77c29856,2018-10-19,033600,에이코넬,KOSDAQ,baseline,opening_gapdown_v1,-3.0844155844155896,2985.0,2950.0,-1.1725293132328285,0.7325125628140703,-1.9050418760468988,1.8425460636515956,-4.020100502512558,True,False,True,True,23.745414294549377
4f40fd6db5bc10ee,2018-10-19,083660,CSA 코스믹,KOSDAQ,baseline,opening_gapdown_v1,-2.9673590504451064,6540.0,6800.0,3.9755351681957096,0.6887155963302752,3.2868195718654345,4.434250764525993,-1.834862385321101,True,True,True,False,28.785525187590565
6a78d466c54e04c8,2018-10-25,068760,셀트리온제약,KOSDAQ,baseline,opening_gapdown_v1,-8.82825040128411,56800.0,62500.0,10.035211267605625,0.758169014084507,9.277042253521119,11.9718309859155,-3.169014084507038,True,True,True,True,25.23834462160012
b6638e314dd61b87,2018-10-25,090370,메타랩스,KOSPI,baseline,opening_gapdown_v1,-6.92695214105793,3695.0,3540.0,-4.194857916102846,0.6359539918809202,-4.830811907983766,3.382949932341006,-7.5778078484438405,True,True,True,True,18.26641496502984
64a18f8220cb50c1,2018-10-25,060300,레드로버,KOSDAQ,baseline,opening_gapdown_v1,-6.904761904761902,1955.0,2035.0,4.092071611253201,0.3834526854219949,3.708618925831206,5.626598465473154,-0.5115089514066473,True,True,False,False,25.410348265438316
7357b51dbb7740fb,2018-10-26,145020,휴젤,KOSDAQ,baseline,opening_gapdown_v1,-4.00271370420624,283000.0,238100.0,-15.865724381625446,0.7600353356890459,-16.62575971731449,0.0,-19.57597173144876,False,False,True,True,17.41387198888924
c34a9cd531ac6e1c,2018-10-26,192820,코스맥스,KOSPI,baseline,opening_gapdown_v1,-3.2786885245901676,118000.0,116500.0,-1.2711864406779627,0.4842372881355932,-1.755423728813556,3.3898305084745672,-4.23728813559322,True,True,True,True,27.584284710135023
90cf2b8d534ff15d,2018-10-29,120110,코오롱인더,KOSPI,baseline,opening_gapdown_v1,-4.448742746615086,49400.0,49300.0,-0.2024291497975672,0.5336437246963562,-0.7360728744939234,5.870445344129549,-0.2024291497975672,True,True,False,False,17.518485290017054
66123028de978a4e,2018-10-29,003090,대웅,KOSPI,baseline,opening_gapdown_v1,-4.0955631399317465,14050.0,14250.0,1.4234875444839812,0.4435231316725979,0.9799644128113834,5.3380782918149405,0.0,True,True,False,False,29.76654142454379
1577b06c6b51f9d8,2018-10-29,032820,우리기술,KOSDAQ,baseline,opening_gapdown_v1,-3.65296803652968,1055.0,905.0,-14.218009478672988,0.5143601895734597,-14.732369668246447,4.739336492891,-14.218009478672988,True,True,True,True,20.17827258055648
74070efe90462fe0,2018-10-30,079970,투비소프트,KOSDAQ,baseline,opening_gapdown_v1,-22.380106571936054,4370.0,5650.0,29.290617848970246,0.5732494279176201,28.717368421052626,35.011441647597266,0.0,True,True,False,False,23.7289395081374
331ba8c15aa6191c,2018-10-30,060300,레드로버,KOSDAQ,baseline,opening_gapdown_v1,-21.052631578947366,1350.0,1535.0,13.703703703703706,0.4522222222222222,13.251481481481484,21.48148148148148,0.0,True,True,False,False,22.210532971709156
86d3e6aa816c38f9,2018-10-30,127160,매직마이크로,KOSDAQ,baseline,opening_gapdown_v1,-18.952234206471495,2630.0,3340.0,26.996197718631176,0.8003422053231939,26.195855513307983,36.50190114068441,-4.372623574144486,True,True,True,True,27.52975517983907
c6127512fbeb981e,2018-10-31,000100,유한양행,KOSPI,baseline,opening_gapdown_v1,-5.4123711340206215,183500.0,167500.0,-8.719346049046317,0.39348773841961854,-9.112833787465936,0.5449591280654031,-10.354223433242504,False,False,True,True,28.963535035581998
b5a806b8f3c06b96,2018-10-31,161390,한국타이어,KOSPI,baseline,opening_gapdown_v1,-2.457002457002455,39700.0,41400.0,4.282115869017633,0.6078337531486147,3.674282115869018,4.282115869017633,0.0,True,True,False,False,27.923895187053034
e376194e445ca912,2018-11-01,298050,효성첨단소재,KOSPI,baseline,opening_gapdown_v1,-2.8708133971291905,101500.0,100500.0,-0.9852216748768461,0.5255665024630543,-1.5107881773399003,2.9556650246305383,-1.4778325123152691,True,True,True,False,29.268425901068255
d1e6a2c338b88841,2018-11-02,021240,코웨이,KOSPI,baseline,opening_gapdown_v1,-2.56024096385542,64700.0,66300.0,2.472952086553315,0.6936785162287481,1.779273570324567,3.554868624420404,-2.782071097372485,True,True,True,True,28.647137281397562
e23a82cc003825fc,2018-11-12,068760,셀트리온제약,KOSDAQ,baseline,opening_gapdown_v1,-3.710575139146566,51900.0,48400.0,-6.743737957610785,0.8080346820809248,-7.551772639691709,0.0,-6.743737957610785,False,False,True,True,27.004032457067893
4aada52879b34fef,2018-11-13,007630,폴루스바이오팜,KOSPI,baseline,opening_gapdown_v1,-3.8694074969770287,7950.0,8310.0,4.528301886792452,0.6073584905660377,3.920943396226414,8.176100628930815,-1.2578616352201255,True,True,True,False,24.18309096118061
eefd7c3288509763,2018-11-13,071970,STX중공업,KOSPI,baseline,opening_gapdown_v1,-3.57142857142857,1350.0,1320.0,-2.2222222222222254,0.4522222222222222,-2.6744444444444477,12.222222222222223,-4.444444444444439,True,True,True,True,20.752159157249977
de07dbcd6a5071f6,2018-11-13,025620,제이준코스메틱,KOSPI,baseline,opening_gapdown_v1,-3.2558139534883734,10400.0,10950.0,5.288461538461542,0.5184615384615385,4.770000000000003,5.769230769230771,-1.4423076923076872,True,True,True,False,29.45861071295633
ca70582165bddd2b,2018-11-15,083660,CSA 코스믹,KOSDAQ,baseline,opening_gapdown_v1,-3.759398496240607,4480.0,4815.0,7.477678571428581,0.5648214285714286,6.912857142857153,9.263392857142861,-2.00892857142857,True,True,True,True,26.049705512201925
3357e17c7ed9e978,2018-11-20,011070,LG이노텍,KOSPI,baseline,opening_gapdown_v1,-2.4752475247524774,98500.0,96500.0,-2.030456852791873,0.5345685279187817,-2.565025380710655,0.4060913705583813,-2.233502538071064,False,False,True,True,27.62098687258883
d6a5a6a157783c4f,2018-11-20,007630,폴루스바이오팜,KOSPI,baseline,opening_gapdown_v1,-2.264600715137066,8200.0,8090.0,-1.3414634146341475,0.5958536585365855,-1.937317073170733,1.2195121951219523,-2.4390243902439046,True,False,True,True,29.044987995024783
10103887951ca2c0,2018-11-21,011070,LG이노텍,KOSPI,baseline,opening_gapdown_v1,-3.1088082901554404,93500.0,95300.0,1.9251336898395754,0.5508556149732621,1.3742780748663135,2.4598930481283476,-0.9625668449197877,True,True,False,False,24.40727385474571
9db319e616e1b8e3,2018-11-21,035420,NAVER,KOSPI,baseline,opening_gapdown_v1,-2.314814814814814,105500.0,106500.0,0.9478672985782088,0.5143601895734597,0.4335071090047491,1.4218009478673022,-0.9478672985781977,True,False,False,False,29.52419837719168
d12f4de618b70aec,2018-11-21,168330,내츄럴엔도텍,KOSDAQ,baseline,opening_gapdown_v1,-2.0408163265306145,14400.0,15250.0,5.902777777777768,0.43833333333333335,5.4644444444444344,7.638888888888884,-2.083333333333337,True,True,True,True,29.828479343568674
1eaecc95023300e6,2018-11-30,108230,톱텍,KOSDAQ,baseline,opening_gapdown_v1,-9.275053304904047,8510.0,7540.0,-11.398354876615747,0.5825264394829612,-11.980881316098708,3.525264394829608,-12.103407755581664,True,True,True,True,27.736820956021333
2c75ff07eea5f92a,2018-12-06,010600,웰바이오텍,KOSPI,baseline,opening_gapdown_v1,-4.387568555758681,5230.0,5450.0,4.206500956022952,0.8036137667304015,3.4028871892925503,9.560229445506696,-2.48565965583174,True,True,True,True,26.326435064654746
9dc003493f076546,2018-12-06,150840,인트로메딕,KOSDAQ,baseline,opening_gapdown_v1,-3.2258064516129004,5100.0,4715.0,-7.549019607843133,0.8182352941176471,-8.367254901960779,8.23529411764705,-7.549019607843133,True,True,True,True,22.781276536821707
6471906d7e57c350,2018-12-07,028040,미래SCI,KOSDAQ,baseline,opening_gapdown_v1,-5.494505494505497,1720.0,1900.0,10.465116279069765,0.4044186046511628,10.060697674418602,26.16279069767442,0.0,True,True,False,False,13.157800404003027
2242d7f61807de73,2018-12-10,063570,한국전자금융,KOSDAQ,baseline,opening_gapdown_v1,-2.0895522388059695,9840.0,9470.0,-3.760162601626016,0.5348780487804878,-4.295040650406504,0.5081300813008172,-4.268292682926833,False,False,True,True,26.122549757734404
aa5d4d0e443ee760,2018-12-12,010600,웰바이오텍,KOSPI,baseline,opening_gapdown_v1,-2.631578947368418,3700.0,4035.0,9.054054054054061,0.6354054054054055,8.418648648648656,16.216216216216207,0.0,True,True,False,False,17.059754183985817
f07604272ee1647a,2018-12-18,054220,비츠로시스,KOSDAQ,baseline,opening_gapdown_v1,-4.716981132075471,1010.0,1000.0,-0.990099009900991,0.527029702970297,-1.517128712871288,6.930693069306937,-1.08910891089109,True,True,True,False,26.150401402054158
31953528678da16b,2018-12-18,196170,알테오젠,KOSDAQ,baseline,opening_gapdown_v1,-3.7254901960784292,24550.0,25100.0,2.2403258655804503,0.8409979633401221,1.3993279022403282,7.942973523421593,-0.40733197556007683,True,True,False,False,29.00377093440349
933a0f44ffbe91d3,2018-12-18,007630,폴루스바이오팜,KOSPI,baseline,opening_gapdown_v1,-2.4074074074074026,5270.0,5390.0,2.2770398481973375,0.7992599620493358,1.4777798861480016,11.195445920303616,-3.7950664136622403,True,True,True,True,22.684107330691532
31d7a4a4f2940b51,2018-12-20,002210,동성제약,KOSPI,baseline,opening_gapdown_v1,-3.7288135593220306,14200.0,15400.0,8.450704225352123,0.4412676056338028,8.00943661971832,13.0281690140845,-1.0563380281690127,True,True,True,False,19.851691603231544
7cd505dc94fd55bf,2018-12-20,150840,인트로메딕,KOSDAQ,baseline,opening_gapdown_v1,-2.4822695035460973,4125.0,3760.0,-8.84848484848485,0.5936363636363636,-9.442121212121213,0.0,-11.39393939393939,False,False,True,True,23.06269480102614
46eb11b656a6b69a,2018-12-21,138360,에이씨티,KOSDAQ,baseline,opening_gapdown_v1,-2.1791767554479424,4040.0,4165.0,3.0940594059405857,0.6012871287128713,2.4927722772277146,6.188118811881194,0.0,True,True,False,False,27.953711580680775
a571344273e0dba4,2018-12-24,900100,뉴프라이드,KOSDAQ,baseline,opening_gapdown_v1,-16.561844863731658,1990.0,1985.0,-0.2512562814070307,0.3807537688442211,-0.6320100502512518,7.035175879396993,-1.005025125628145,True,True,True,False,24.156170859978886
890245964c5cab23,2018-12-26,150840,인트로메딕,KOSDAQ,baseline,opening_gapdown_v1,-4.76923076923077,3095.0,3300.0,6.623586429725359,0.7146526655896608,5.908933764135698,15.993537964458815,-1.4539579967689842,True,True,True,False,17.97350717315453
cce9eb229dcf2070,2018-12-26,006490,인스코비,KOSPI,baseline,opening_gapdown_v1,-3.4115138592750505,4530.0,4780.0,5.518763796909498,0.5611258278145695,4.957637969094929,18.984547461368663,-8.94039735099338,True,True,True,True,24.95595881541344
0c9283af8ba22dc0,2018-12-26,002210,동성제약,KOSPI,baseline,opening_gapdown_v1,-3.401360544217691,14200.0,14050.0,-1.0563380281690127,0.4412676056338028,-1.4976056338028154,3.5211267605633756,-1.7605633802816878,True,True,True,False,22.729283938443203
6866ca25eb6b93bb,2019-01-03,011070,LG이노텍,KOSPI,baseline,opening_gapdown_v1,-2.0310633213859064,82000.0,81700.0,-0.3658536585365857,0.5958536585365855,-0.9617073170731711,2.195121951219514,-2.4390243902439046,True,True,True,True,29.393313619678196
2dbdba44dfcb39fb,2019-01-08,007460,에이프로젠 KIC,KOSPI,baseline,opening_gapdown_v1,-4.7761194029850795,3190.0,3435.0,7.68025078369905,0.7002194357366771,6.980031347962372,7.993730407523514,-6.583072100313481,True,True,True,True,21.365185194912357
e6f8866b6aa42974,2019-01-09,097230,한진중공업,KOSPI,baseline,opening_gapdown_v1,-2.7649769585253448,1055.0,1075.0,1.8957345971563955,0.5143601895734597,1.3813744075829357,5.687203791469186,-1.4218009478673022,True,True,True,False,19.17535781168884
df31a01edf58296c,2019-01-15,195440,퓨전데이타,KOSDAQ,baseline,opening_gapdown_v1,-3.5555555555555562,1085.0,1075.0,-0.9216589861751112,0.5064976958525346,-1.428156682027646,5.990783410138256,-3.686635944700456,True,True,True,True,27.366190505311508
b5a0c72ef32be484,2019-01-18,007460,에이프로젠 KIC,KOSPI,baseline,opening_gapdown_v1,-3.6395147313691534,2780.0,2940.0,5.755395683453246,0.769568345323741,4.985827338129505,18.345323741007192,-0.8992805755395739,True,True,False,False,20.171810126353705
25b267e08cfccb3a,2019-02-07,197210,리드,KOSDAQ,baseline,opening_gapdown_v1,-3.5055350553505504,5230.0,4885.0,-6.596558317399614,0.8036137667304015,-7.400172084130015,2.103250478011476,-7.7437858508604185,True,True,True,True,10.109674419196423
697153e303c61f6f,2019-02-08,141020,포티스,KOSDAQ,baseline,opening_gapdown_v1,-19.169329073482434,1265.0,1345.0,6.324110671936767,0.4671541501976285,5.856956521739138,15.810276679841895,-1.9762845849802368,True,True,True,False,15.427769652422583
23b9737df68b80ad,2019-02-12,141020,포티스,KOSDAQ,baseline,opening_gapdown_v1,-7.194244604316546,1290.0,1210.0,-6.2015503875969,0.4625581395348837,-6.664108527131783,5.03875968992249,-9.689922480620151,True,True,True,True,15.956368745192307
4f5f9352208d79ff,2019-02-13,168330,내츄럴엔도텍,KOSDAQ,baseline,opening_gapdown_v1,-4.147465437788023,10400.0,10450.0,0.48076923076922906,0.5184615384615385,-0.03769230769230947,3.8461538461538547,-5.09615384615385,True,True,True,True,29.647070066211626
b8c980fa98b93371,2019-02-13,222810,한류AI센터,KOSDAQ,baseline,opening_gapdown_v1,-3.2608695652173947,3115.0,3705.0,18.9406099518459,0.7115409309791332,18.229069020866767,34.349919743178184,-5.61797752808989,True,True,True,True,12.370341474364139
4fcda352e2c2c184,2019-02-18,127160,매직마이크로,KOSDAQ,baseline,opening_gapdown_v1,-3.2745591939546626,1920.0,1925.0,0.26041666666667407,0.38625,-0.12583333333332591,5.208333333333326,-1.041666666666663,True,True,True,False,20.744202002335
653575fdc8467843,2019-02-18,087730,네패스신소재,KOSDAQ,baseline,opening_gapdown_v1,-2.2727272727272707,43000.0,43600.0,1.3953488372093092,0.5788372093023256,0.8165116279069836,4.418604651162794,-0.6976744186046546,True,True,False,False,29.449292041158913
ce727deb29056a1e,2019-02-22,034020,두산중공업,KOSPI,baseline,opening_gapdown_v1,-7.096069868995636,8510.0,8350.0,-1.8801410105757976,0.5825264394829612,-2.462667450058759,1.0575793184488758,-3.055229142185667,True,False,True,True,29.184876728273935
5ddc28ba98c30040,2019-03-04,011390,부산산업,KOSPI,baseline,opening_gapdown_v1,-10.689655172413792,129500.0,137000.0,5.791505791505802,0.4616602316602316,5.3298455598455705,11.196911196911197,0.0,True,True,False,False,25.83777691235356
cafcd6b8566ce38f,2019-03-04,064510,에코마이스터,KOSDAQ,baseline,opening_gapdown_v1,-9.205983889528191,7890.0,7970.0,1.0139416983523386,0.6102281368821293,0.4037135614702093,7.35107731305451,-1.0139416983523497,True,True,True,False,28.385861852207228
c32cb53380fac744,2019-03-04,094940,푸른기술,KOSDAQ,baseline,opening_gapdown_v1,-8.933717579250722,15800.0,16500.0,4.430379746835444,0.419873417721519,4.010506329113926,10.443037974683534,-0.31645569620253333,True,True,False,False,25.61611008843137
8f5b8ab23b914676,2019-03-07,045390,대아티아이,KOSDAQ,baseline,opening_gapdown_v1,-2.077151335311578,6600.0,6400.0,-3.0303030303030276,0.6845454545454546,-3.714848484848482,1.5151515151515138,-3.7878787878787845,True,False,True,True,26.585153525686806
c1e068d22cc2bf67,2019-03-07,064510,에코마이스터,KOSDAQ,baseline,opening_gapdown_v1,-2.075226977950717,7550.0,7310.0,-3.1788079470198682,0.6273509933774835,-3.806158940397352,2.251655629139071,-3.576158940397356,True,True,True,True,24.034587592319724
0e8da5bf24682396,2019-03-07,094940,푸른기술,KOSDAQ,baseline,opening_gapdown_v1,-2.071005917159763,16550.0,15900.0,-3.92749244712991,0.4112688821752266,-4.338761329305137,2.114803625377637,-3.92749244712991,True,True,True,True,26.61037938514113
9222d727609d3860,2019-03-08,008970,동양철관,KOSPI,baseline,opening_gapdown_v1,-2.9197080291970767,1330.0,1370.0,3.007518796992481,0.4555639097744361,2.551954887218045,6.766917293233088,0.0,True,True,False,False,29.662326698874466
079892cbe276947b,2019-03-08,064510,에코마이스터,KOSDAQ,baseline,opening_gapdown_v1,-2.4623803009575895,7130.0,7210.0,1.1220196353436185,0.6507573632538569,0.47126227208976157,3.0855539971949453,-0.7012622720897643,True,True,False,False,22.257637653447375
5e53b6724c9b61af,2019-03-08,002150,도화엔지니어링,KOSPI,baseline,opening_gapdown_v1,-2.2050716648291058,8870.0,9190.0,3.6076662908681056,0.5682187147688839,3.0394475760992217,11.048478015783548,-0.7891770011273946,True,True,False,False,29.26482778865588
f43bcdd102c8a260,2019-03-13,103230,에스앤더블류,KOSDAQ,baseline,opening_gapdown_v1,-5.232558139534882,8150.0,7600.0,-6.748466257668717,0.5980981595092024,-7.34656441717792,2.331288343558291,-8.588957055214719,True,True,True,True,17.203549188178073
870d8219fecf9922,2019-03-18,103130,웅진에너지,KOSPI,baseline,opening_gapdown_v1,-7.1729957805907185,1100.0,1100.0,0.0,0.5027272727272728,-0.5027272727272728,3.1818181818181746,-3.6363636363636376,True,True,True,True,19.48886101873967
18fc519623d5a3b4,2019-03-18,069540,라이트론,KOSDAQ,baseline,opening_gapdown_v1,-7.161803713527847,7000.0,5420.0,-22.571428571428577,0.6585714285714286,-23.230000000000004,5.000000000000004,-24.142857142857142,True,True,True,True,26.66651587367282
d77cbedf94ae5496,2019-03-18,123260,파인넥스,KOSDAQ,baseline,opening_gapdown_v1,-3.1372549019607843,988.0,755.0,-23.582995951417008,0.5336437246963562,-24.116639676113365,0.0,-26.61943319838057,False,False,True,True,25.329449213698155
22a7b9d5409839ef,2019-03-20,007630,폴루스바이오팜,KOSPI,baseline,opening_gapdown_v1,-7.317073170731703,2470.0,2360.0,-4.453441295546556,0.8372874493927125,-5.290728744939268,19.433198380566807,-8.502024291497978,True,True,True,True,23.515660667550122
b1cba93a515f59df,2019-03-20,112240,에스에프씨,KOSDAQ,baseline,opening_gapdown_v1,-3.875968992248058,2480.0,2715.0,9.4758064516129,0.8348387096774194,8.640967741935482,11.491935483870975,-2.620967741935487,True,True,True,True,27.6065093821708
2d695ddc19e816f3,2019-03-22,158310,인터불스,KOSDAQ,baseline,opening_gapdown_v1,-11.217948717948723,1385.0,2025.0,46.209386281588436,0.44660649819494586,45.76277978339349,46.209386281588436,-4.332129963898912,True,True,True,True,23.241053495067817
8f0c66441155456f,2019-03-25,267850,아시아나IDT,KOSPI,baseline,opening_gapdown_v1,-6.153846153846154,12200.0,13450.0,10.245901639344268,0.47590163934426233,9.770000000000007,12.295081967213118,-0.4098360655737654,True,True,False,False,29.019598295829823
1bf0854523a868ed,2019-03-25,047820,초록뱀,KOSDAQ,baseline,opening_gapdown_v1,-2.5078369905956133,1555.0,1545.0,-0.6430868167202619,0.42292604501607717,-1.0660128617363391,3.536977491961424,-0.6430868167202619,True,True,False,False,29.915201906184393
469a7e83834c1633,2019-03-25,025980,아난티,KOSDAQ,baseline,opening_gapdown_v1,-2.348993288590606,14550.0,14300.0,-1.718213058419249,0.4361855670103093,-2.1543986254295584,1.7182130584192379,-8.247422680412376,True,False,True,True,29.116952693975634
03b44c1a8a9e03c6,2019-03-28,054180,중앙오션,KOSDAQ,baseline,opening_gapdown_v1,-8.92857142857143,2550.0,2500.0,-1.9607843137254943,0.8182352941176471,-2.7790196078431415,9.215686274509792,-1.9607843137254943,True,True,True,False,26.77974151038606
d0ea3f576eae9095,2019-03-29,010170,대한광통신,KOSDAQ,baseline,opening_gapdown_v1,-2.716049382716046,3940.0,4005.0,1.6497461928933976,0.6107106598984772,1.0390355329949204,2.6649746192893398,-4.060913705583758,True,True,True,True,20.903382170903825
97aaf7e45580a1d0,2019-03-29,015760,한국전력,KOSPI,baseline,opening_gapdown_v1,-2.1207177814029365,30000.0,29900.0,-0.33333333333332993,0.73,-1.06333333333333,1.0000000000000009,-0.8333333333333304,True,False,False,False,26.559083894831062
a657caebb3eb4356,2019-04-02,950160,코오롱티슈진,KOSDAQ,baseline,opening_gapdown_v1,-13.871635610766042,20800.0,19700.0,-5.288461538461542,0.9511538461538461,-6.239615384615388,1.9230769230769162,-8.173076923076927,True,False,True,True,10.126123946633498
575885bb6a3271c6,2019-04-02,102940,코오롱생명과학,KOSDAQ,baseline,opening_gapdown_v1,-7.400379506641364,48800.0,47450.0,-2.7663934426229497,0.5373770491803279,-3.3037704918032778,1.741803278688514,-3.4836065573770503,True,False,True,True,15.795526777638315
2b3de495ecdbf103,2019-04-04,102940,코오롱생명과학,KOSDAQ,baseline,opening_gapdown_v1,-3.400000000000003,48300.0,48400.0,0.20703933747412417,0.5405590062111801,-0.33351966873705596,2.3809523809523725,-0.6211180124223614,True,True,False,False,18.9952785747209
19d0f8bde3ee0458,2019-04-04,950160,코오롱티슈진,KOSDAQ,baseline,opening_gapdown_v1,-2.4330900243308973,20050.0,19850.0,-0.9975062344139696,0.9781296758104738,-1.9756359102244434,1.74563591022443,-2.244389027431426,True,False,True,True,11.873063449344826
848e1608b0271389,2019-04-09,950160,코오롱티슈진,KOSDAQ,baseline,opening_gapdown_v1,-3.4574468085106336,18150.0,17450.0,-3.8567493112947604,0.3952892561983471,-4.252038567493107,1.377410468319562,-5.785123966942152,True,False,True,True,11.02284290689444
f9f23e64208f8482,2019-04-10,102940,코오롱생명과학,KOSDAQ,baseline,opening_gapdown_v1,-2.5028441410693936,42850.0,45050.0,5.134189031505243,0.5800583430571762,4.554130688448067,8.984830805134191,-0.9334889148191361,True,True,False,False,16.163079763845474
2c5ba7009f256268,2019-04-15,950160,코오롱티슈진,KOSDAQ,baseline,opening_gapdown_v1,-2.849740932642486,18750.0,19750.0,5.333333333333323,0.39,4.943333333333324,29.066666666666663,-7.9999999999999964,True,True,True,True,19.952679113881544
0a9eb734120e5e82,2019-04-16,950160,코오롱티슈진,KOSDAQ,baseline,opening_gapdown_v1,-8.354430379746836,18100.0,18100.0,0.0,0.39574585635359116,-0.39574585635359116,7.182320441988943,-4.143646408839774,True,True,True,True,22.3317934289162
576544f527927ad0,2019-04-16,102940,코오롱생명과학,KOSDAQ,baseline,opening_gapdown_v1,-6.735751295336789,45000.0,44300.0,-1.5555555555555545,0.5633333333333334,-2.118888888888888,2.6666666666666616,-3.77777777777778,True,True,True,True,26.181989734800354
72ec30e785638a6d,2019-04-17,950160,코오롱티슈진,KOSDAQ,baseline,opening_gapdown_v1,-2.7624309392265234,17600.0,17000.0,-3.409090909090906,0.40045454545454545,-3.8095454545454515,2.2727272727272707,-4.545454545454541,True,True,True,True,19.986189773743945
378ca6b6077bbebc,2019-04-17,102940,코오롱생명과학,KOSDAQ,baseline,opening_gapdown_v1,-2.257336343115124,43300.0,43000.0,-0.6928406466512715,0.5764203233256351,-1.2692609699769066,3.9260969976905313,-1.61662817551963,True,True,True,False,23.110359329421087
d8030b546221bd12,2019-04-26,234920,자이글,KOSDAQ,baseline,opening_gapdown_v1,-2.135231316725983,8250.0,7140.0,-13.454545454545453,0.5936363636363636,-14.048181818181817,1.8181818181818077,-15.393939393939393,True,False,True,True,24.98272664831019
9f69cc994234d53d,2019-05-02,102940,코오롱생명과학,KOSDAQ,baseline,opening_gapdown_v1,-2.1479713603818618,41000.0,40800.0,-0.4878048780487809,0.5958536585365855,-1.0836585365853664,2.682926829268295,-1.2195121951219523,True,True,True,False,24.076275280853082
5c650dcc4e695539,2019-05-07,102940,코오롱생명과학,KOSDAQ,baseline,opening_gapdown_v1,-25.518925518925517,30500.0,30550.0,0.16393442622950616,0.7218032786885247,-0.5578688524590185,5.901639344262288,-5.573770491803276,True,True,True,True,23.34091371652751
7cc9bfdca74f0500,2019-05-07,064350,현대로템,KOSPI,baseline,opening_gapdown_v1,-3.5885167464114853,20150.0,20300.0,0.7444168734491274,0.9744168734491315,-0.2300000000000041,1.985111662531014,-0.2481389578163795,True,False,False,False,28.24299365365519
09920d86e465da43,2019-05-07,027390,한화갤러리아타임월드,KOSPI,baseline,opening_gapdown_v1,-2.7444253859348233,28350.0,28600.0,0.8818342151675429,0.759100529100529,0.12273368606701385,2.998236331569659,-0.17636684303351524,True,True,False,False,27.620802732167974
a629cd7245f9e028,2019-05-08,950160,코오롱티슈진,KOSDAQ,baseline,opening_gapdown_v1,-5.726872246696035,10700.0,10900.0,1.869158878504673,0.510373831775701,1.3587850467289722,15.88785046728971,-1.869158878504673,True,True,True,False,12.892191146863723
0f6d736c74803326,2019-05-08,065660,안트로젠,KOSDAQ,baseline,opening_gapdown_v1,-2.0733652312599715,61400.0,60700.0,-1.140065146579805,0.7185993485342019,-1.858664495114007,3.2573289902280145,-1.4657980456026065,True,True,True,False,28.372164492935994
f0e3ffc7305a56f2,2019-05-10,045390,대아티아이,KOSDAQ,baseline,opening_gapdown_v1,-3.652173913043477,5540.0,5680.0,2.5270758122743597,0.7715162454873645,1.7555595667869952,3.068592057761732,-0.18050541516245744,True,True,False,False,25.225761164338948
d5c72aa896fbce80,2019-05-10,074610,나노메딕스,KOSPI,baseline,opening_gapdown_v1,-3.2786885245901676,3835.0,3840.0,0.1303780964797996,0.6211342894393742,-0.4907561929595746,6.51890482398958,-1.3037809647979182,True,True,True,False,20.788826698744472
5728498b62f51acc,2019-05-10,011760,현대상사,KOSPI,baseline,opening_gapdown_v1,-2.4774774774774744,21650.0,21800.0,0.6928406466512715,0.9228406466512702,-0.22999999999999865,3.002309468822162,0.0,True,True,False,False,29.345875433913037
00bb9bf6f4717303,2019-05-13,042000,카페24,KOSDAQ,baseline,opening_gapdown_v1,-4.81400437636762,87000.0,71600.0,-17.701149425287355,0.5748275862068966,-18.275977011494252,0.0,-17.701149425287355,False,False,True,True,26.221628921585648
f5e6b61dc4f83c20,2019-05-13,102940,코오롱생명과학,KOSDAQ,baseline,opening_gapdown_v1,-3.4375000000000044,30900.0,30200.0,-2.265372168284785,0.7154368932038835,-2.980809061488668,2.9126213592232997,-2.4271844660194164,True,True,True,True,21.00757721605197
68370f2993d0d4e0,2019-05-13,067080,대화제약,KOSDAQ,baseline,opening_gapdown_v1,-2.6881720430107503,18100.0,17250.0,-4.6961325966850875,0.39574585635359116,-5.091878453038679,0.8287292817679592,-6.077348066298338,False,False,True,True,29.049242485977913
05f1a54b80bfca43,2019-05-14,219550,MP한강,KOSDAQ,baseline,opening_gapdown_v1,-4.641350210970463,1130.0,1145.0,1.327433628318575,0.49548672566371676,0.8319469026548583,6.194690265486735,-0.4424778761061954,True,True,False,False,21.67152174952932
b8f11ff8ad0defd3,2019-05-14,006260,LS,KOSPI,baseline,opening_gapdown_v1,-4.101995565410199,43250.0,44650.0,3.2369942196531776,0.5768208092485549,2.6601734104046226,4.161849710982657,0.0,True,True,False,False,22.108997591214745
161b9eb9449746b9,2019-05-14,005690,파미셀,KOSPI,baseline,opening_gapdown_v1,-3.7151702786377694,9330.0,10350.0,10.932475884244376,0.5515434083601286,10.380932475884247,14.683815648445876,0.0,True,True,False,False,21.499303111812367
9548eea0dcaed778,2019-05-15,950160,코오롱티슈진,KOSDAQ,baseline,opening_gapdown_v1,-14.932126696832581,9400.0,10200.0,8.51063829787233,0.5491489361702128,7.9614893617021165,10.63829787234043,-0.10638297872340718,True,True,False,False,17.73172189961302
42c0da83e132f871,2019-05-15,102940,코오롱생명과학,KOSDAQ,baseline,opening_gapdown_v1,-7.9032258064516085,28550.0,30400.0,6.479859894921192,0.7553940455341506,5.724465849387041,6.479859894921192,-0.17513134851138146,True,True,False,False,22.19725533576195
723abff8efcdfa37,2019-05-15,015760,한국전력,KOSPI,baseline,opening_gapdown_v1,-2.0484171322160183,26300.0,26300.0,0.0,0.8003422053231939,-0.8003422053231939,1.1406844106463865,-1.520912547528519,True,False,True,False,28.217087488729547
85f234bab5422688,2019-05-16,025620,제이준코스메틱,KOSPI,baseline,opening_gapdown_v1,-3.6312849162011163,6900.0,6860.0,-0.5797101449275366,0.6647826086956522,-1.244492753623189,2.3188405797101463,-1.0144927536231862,True,True,True,False,20.741600283724324
1c9ca978cf5c3084,2019-05-16,088350,한화생명,KOSPI,baseline,opening_gapdown_v1,-2.6388888888888906,3505.0,3520.0,0.42796005706133844,0.657960057061341,-0.23000000000000254,2.1398002853067144,-0.14265335235378318,True,True,False,False,23.420571703554018
cf08d4398ac480e7,2019-05-20,950160,코오롱티슈진,KOSDAQ,baseline,opening_gapdown_v1,-2.2935779816513735,10650.0,10400.0,-2.3474178403755874,0.5116901408450705,-2.859107981220658,1.8779342723004744,-4.694835680751175,True,False,True,True,23.356324807858087
412af8362bea422f,2019-05-21,950160,코오롱티슈진,KOSDAQ,baseline,opening_gapdown_v1,-3.3653846153846145,10050.0,10200.0,1.4925373134328401,0.5285074626865672,0.9640298507462729,11.442786069651746,-1.2935323383084563,True,True,True,False,22.192517984904853
d6dcb5023af3f825,2019-05-21,006490,인스코비,KOSPI,baseline,opening_gapdown_v1,-2.898550724637683,3350.0,3490.0,4.179104477611939,0.6777611940298508,3.5013432835820884,5.37313432835822,-0.14925373134327957,True,True,False,False,20.042913739270958
bc27a0b8af99c923,2019-05-21,058820,CMG제약,KOSDAQ,baseline,opening_gapdown_v1,-2.5265957446808485,3665.0,3885.0,6.002728512960442,0.6392769440654843,5.363451568894958,6.821282401091411,-0.13642564802183177,True,True,False,False,25.246676634093348
071dcdfb802e21fa,2019-05-23,045890,GV,KOSDAQ,baseline,opening_gapdown_v1,-19.874804381846634,2560.0,2520.0,-1.5625,0.8159375,-2.3784375,11.328125,-6.4453125,True,True,True,True,20.63462201736776
a2c1cc5a469e1216,2019-05-24,007390,네이처셀,KOSDAQ,baseline,opening_gapdown_v1,-3.3816425120772986,10000.0,10400.0,4.0000000000000036,0.53,3.4700000000000033,4.499999999999993,0.0,True,True,False,False,22.751790996485127
d62612c6f9ce15f8,2019-05-24,218410,RFHIC,KOSDAQ,baseline,opening_gapdown_v1,-2.626262626262621,24100.0,21750.0,-9.75103734439834,0.8524066390041494,-10.603443983402489,0.8298755186721962,-14.10788381742739,False,False,True,True,29.083970072108315
a279442eb9d32efc,2019-05-24,214420,토니모리,KOSPI,baseline,opening_gapdown_v1,-2.0449897750511203,9580.0,9580.0,0.0,0.5431524008350731,-0.5431524008350731,3.131524008350728,-0.10438413361169019,True,True,False,False,21.30556347041029
e42f3f3f544e8503,2019-05-27,044060,조광ILI,KOSDAQ,baseline,opening_gapdown_v1,-5.21739130434783,7630.0,6560.0,-14.02359108781127,0.6231847968545215,-14.646775884665793,1.4416775884665833,-18.2175622542595,True,False,True,True,29.80333676965259
6af2b2c3cd273cc6,2019-05-27,069080,웹젠,KOSDAQ,baseline,opening_gapdown_v1,-3.2154340836012874,15050.0,15300.0,1.661129568106312,0.42933554817275743,1.2317940199335546,2.3255813953488413,-0.9966777408637828,True,True,False,False,23.45512638348316
ceb757cc3f325c4d,2019-05-27,112040,위메이드,KOSDAQ,baseline,opening_gapdown_v1,-2.5862068965517238,33900.0,34000.0,0.2949852507374562,0.6724778761061947,-0.3774926253687385,3.2448377581120846,-4.572271386430682,True,True,True,True,25.505840115416788
a7da9c5914acb03a,2019-05-29,102940,코오롱생명과학,KOSDAQ,baseline,opening_gapdown_v1,-21.372549019607845,20050.0,20000.0,-0.24937655860348684,0.9781296758104738,-1.2275062344139607,5.486284289276799,-6.483790523690769,True,True,True,True,23.00742351042318
0815addc8def8735,2019-05-29,002020,코오롱,KOSPI,baseline,opening_gapdown_v1,-3.488372093023251,16600.0,16400.0,-1.2048192771084376,0.41072289156626507,-1.6155421686747027,3.3132530120481896,-3.6144578313253017,True,True,True,True,14.544621602551814
13605b73608d60f1,2019-05-30,027410,BGF,KOSPI,baseline,opening_gapdown_v1,-2.297297297297296,7230.0,7170.0,-0.8298755186721962,0.6449377593360996,-1.4748132780082959,2.3513139695712226,-1.2448132780082943,True,True,True,False,29.215619077337664
db1ba598ce87b5a7,2019-05-31,003060,에이프로젠제약,KOSPI,baseline,opening_gapdown_v1,-2.4590163934426257,1785.0,1845.0,3.3613445378151363,0.39806722689075635,2.96327731092438,5.3221288515406195,0.0,True,True,False,False,18.124980926872
de90c5772c105239,2019-06-04,092200,디아이씨,KOSPI,baseline,opening_gapdown_v1,-8.725761772853192,3295.0,3300.0,0.15174506828528056,0.6852352048558422,-0.5334901365705617,1.8209408194233667,-3.034901365705611,True,False,True,True,15.694739187609528
265aa3e18b161314,2019-06-26,009730,코센,KOSDAQ,baseline,opening_gapdown_v1,-2.2950819672131195,1490.0,1620.0,8.7248322147651,0.43134228187919466,8.293489932885905,13.422818791946312,-3.0201342281879207,True,True,True,True,20.783964285883542
79142967372038bf,2019-06-26,226950,올릭스,KOSDAQ,baseline,opening_gapdown_v1,-2.043010752688168,45550.0,47200.0,3.6223929747530192,0.5593084522502744,3.063084522502745,4.720087815587259,-0.4390779363336983,True,True,False,False,23.80567384958964
965bed7e68962cf2,2019-06-26,045890,GV,KOSDAQ,baseline,opening_gapdown_v1,-2.0408163265306145,1680.0,1695.0,0.8928571428571397,0.4085714285714286,0.4842857142857111,2.083333333333326,-3.2738095238095233,True,True,True,True,19.0124479523723
29a0a9f9d0a77aaa,2019-06-28,263050,유틸렉스,KOSDAQ,baseline,opening_gapdown_v1,-3.074866310160429,72500.0,69100.0,-4.689655172413798,0.6437931034482759,-5.333448275862074,4.137931034482767,-6.482758620689655,True,True,True,True,29.055478046275354
e2ee4ddad80858f6,2019-06-28,045890,GV,KOSDAQ,baseline,opening_gapdown_v1,-2.259887005649719,1730.0,1670.0,-3.4682080924855474,0.40341040462427746,-3.871618497109825,1.4450867052023142,-4.6242774566473965,True,False,True,True,23.592184049297614
fb8a15c27c094baf,2019-07-01,028300,에이치엘비,KOSDAQ,baseline,opening_gapdown_v1,-17.847025495750714,29000.0,38350.0,32.24137931034483,0.7472413793103448,31.494137931034487,47.06896551724138,-1.551724137931032,True,True,True,False,18.053217984858122
4867365805551927,2019-07-04,067630,에이치엘비생명과학,KOSDAQ,baseline,opening_gapdown_v1,-3.076923076923077,6930.0,6850.0,-1.1544011544011523,0.6629004329004329,-1.8173015873015852,1.443001443001446,-2.3088023088023046,True,False,True,True,26.89996400429962
e272c78b814974d6,2019-07-04,028300,에이치엘비,KOSDAQ,baseline,opening_gapdown_v1,-2.770448548812665,36850.0,36000.0,-2.3066485753052923,0.637055630936228,-2.94370420624152,1.4925373134328401,-4.070556309362283,True,False,True,True,23.317764313247423
9447c849b5aeafe3,2019-07-04,226950,올릭스,KOSDAQ,baseline,opening_gapdown_v1,-2.0118343195266286,41400.0,41200.0,-0.48309178743961567,0.5923188405797102,-1.0754106280193259,1.6908212560386549,-2.4154589371980673,True,False,True,True,27.25069858299203
60a83b1f84970689,2019-07-05,142760,바이오리더스,KOSDAQ,baseline,opening_gapdown_v1,-6.385281385281383,8650.0,9250.0,6.936416184971095,0.5768208092485549,6.35959537572254,7.3988439306358345,0.0,True,True,False,False,22.27431377217897
e53c0f1e6a927ffa,2019-07-09,215090,리퓨어유니맥스,KOSDAQ,baseline,opening_gapdown_v1,-21.990740740740744,3370.0,4495.0,33.382789317507424,0.6751038575667656,32.707685459940656,33.382789317507424,-10.237388724035611,True,True,True,True,22.276342240547876
e3b8328a68d205ad,2019-07-09,272450,진에어,KOSPI,baseline,opening_gapdown_v1,-2.3872679045092826,18400.0,18450.0,0.27173913043478937,0.3930434782608696,-0.12130434782608024,3.8043478260869623,0.0,True,True,False,False,29.797083053916182
2df26d53aa16ea0d,2019-07-09,049080,기가레인,KOSDAQ,baseline,opening_gapdown_v1,-2.0588235294117685,1665.0,1720.0,3.3033033033033066,0.4101801801801802,2.8931231231231265,9.609609609609615,0.0,True,True,False,False,25.828371536752925
35676937dde138ae,2019-07-10,005830,DB손해보험,KOSPI,baseline,opening_gapdown_v1,-2.583025830258301,52800.0,52400.0,-0.7575757575757569,0.7981818181818182,-1.5557575757575752,1.5151515151515138,-1.7045454545454586,True,False,True,False,29.807065233669192
53263876b7a649fc,2019-07-10,001820,삼화콘덴서,KOSPI,baseline,opening_gapdown_v1,-2.1205357142857095,43850.0,43950.0,0.22805017103761926,0.5720752565564424,-0.34402508551882316,3.7628278221208733,0.0,True,True,False,False,21.16949060723428
2d77f7e87e16a222,2019-07-10,038060,루멘스,KOSDAQ,baseline,opening_gapdown_v1,-2.020202020202022,1940.0,2015.0,3.8659793814433074,0.38463917525773195,3.4813402061855756,5.154639175257736,0.0,True,True,False,False,29.48152720219457
5b5fc03ce1a4fc0b,2019-07-11,215090,리퓨어유니맥스,KOSDAQ,baseline,opening_gapdown_v1,-16.706161137440755,3515.0,3010.0,-14.366998577524893,0.65674253200569,-15.023741109530583,17.496443812233274,-15.931721194879088,True,True,True,True,24.070830365773503
798b982629a77aa1,2019-07-12,215090,리퓨어유니맥스,KOSDAQ,baseline,opening_gapdown_v1,-3.6544850498338888,2900.0,2830.0,-2.4137931034482807,0.7472413793103448,-3.1610344827586254,14.999999999999991,-7.758620689655171,True,True,True,True,17.705385059686023
a4e7056c742e0035,2019-07-16,215090,리퓨어유니맥스,KOSDAQ,baseline,opening_gapdown_v1,-2.371541501976282,2470.0,2210.0,-10.526315789473683,0.8372874493927125,-11.363603238866396,5.06072874493928,-16.80161943319838,True,True,True,True,15.830919103119612
206c1df011de3a3c,2019-07-19,215090,리퓨어유니맥스,KOSDAQ,baseline,opening_gapdown_v1,-7.420494699646641,2620.0,2620.0,0.0,0.8025190839694656,-0.8025190839694656,12.595419847328237,-1.526717557251911,True,True,True,False,26.283021442638145
65684619d6c31ee5,2019-07-25,183490,엔지켐생명과학,KOSDAQ,baseline,opening_gapdown_v1,-2.003642987249543,53800.0,55800.0,3.7174721189590976,0.7876208178438662,2.9298513011152316,5.390334572490696,0.0,True,True,False,False,28.26545572677591
5d4bcc1e128b6f8c,2019-07-29,197210,리드,KOSDAQ,baseline,opening_gapdown_v1,-6.417112299465244,3500.0,3020.0,-13.714285714285712,0.6585714285714286,-14.372857142857141,2.1428571428571352,-18.571428571428573,True,True,True,True,28.647812526554745
ed8306f47248a7a6,2019-07-29,064350,현대로템,KOSPI,baseline,opening_gapdown_v1,-2.8735632183908066,16900.0,16250.0,-3.8461538461538436,0.4075147928994083,-4.253668639053252,0.591715976331364,-4.142011834319526,False,False,True,True,27.91142379803921
302b5aa9d2bda804,2019-07-29,226950,올릭스,KOSDAQ,baseline,opening_gapdown_v1,-2.4930747922437657,35200.0,34200.0,-2.840909090909094,0.6561363636363636,-3.4970454545454577,1.9886363636363535,-2.840909090909094,True,False,True,True,25.87776236592147
8818b26aaae6fff9,2019-07-30,087730,에스모 머티리얼즈,KOSDAQ,baseline,opening_gapdown_v1,-4.751619870410362,4410.0,5260.0,19.27437641723355,0.5701360544217687,18.70424036281178,20.63492063492063,0.0,True,True,False,False,24.35100121549884
9558278a5c423f35,2019-07-30,115450,지트리비앤티,KOSDAQ,baseline,opening_gapdown_v1,-4.655870445344135,23550.0,23800.0,1.0615711252653925,0.8669426751592357,0.19462845010615681,7.218683651804669,0.0,True,True,False,False,26.884005704342457
96a97ca36613d3db,2019-07-30,192250,케이사인,KOSDAQ,baseline,opening_gapdown_v1,-3.731343283582089,1290.0,1300.0,0.7751937984496138,0.4625581395348837,0.31263565891473005,3.488372093023262,0.0,True,True,False,False,28.327195058417345
1f89907c1e77a952,2019-07-31,011690,유양디앤유,KOSPI,baseline,opening_gapdown_v1,-4.283360790774305,5810.0,6780.0,16.695352839931154,0.7463511187607573,15.949001721170397,17.039586919104988,0.0,True,True,False,False,20.33424033808099
836762a9fa95e33b,2019-07-31,078340,컴투스,KOSDAQ,baseline,opening_gapdown_v1,-2.8344671201814053,85700.0,88300.0,3.033838973162184,0.5800583430571762,2.453780630105008,5.017502917152861,0.0,True,True,False,False,27.042598841587818
cf7d30d4b21b45fe,2019-07-31,183490,엔지켐생명과학,KOSDAQ,baseline,opening_gapdown_v1,-2.4144869215291798,48500.0,47850.0,-1.3402061855670055,0.5392783505154639,-1.8794845360824695,1.855670103092777,-8.865979381443301,True,False,True,True,22.671852415038444
9071558e41b0da7f,2019-08-01,197210,리드,KOSDAQ,baseline,opening_gapdown_v1,-2.8301886792452824,3090.0,3185.0,3.07443365695792,0.7154368932038835,2.3589967637540363,9.223300970873783,0.0,True,True,False,False,27.075632417332542
2aa45aeac4ab1033,2019-08-01,161390,한국타이어앤테크놀로지,KOSPI,baseline,opening_gapdown_v1,-2.4271844660194164,30150.0,30300.0,0.4975124378109541,0.7275124378109453,-0.2299999999999912,3.482587064676612,0.0,True,True,False,False,28.92016951832204
cfa7a9376f337c6d,2019-08-01,090430,아모레퍼시픽,KOSPI,baseline,opening_gapdown_v1,-2.1428571428571463,137000.0,133500.0,-2.5547445255474477,0.44897810218978107,-3.0037226277372286,0.36496350364962904,-4.379562043795615,False,False,True,True,24.443118279876614
046003681b7ca243,2019-08-02,208340,파멥신,KOSDAQ,baseline,opening_gapdown_v1,-6.359945872801087,34600.0,34300.0,-0.8670520231213841,0.6635260115606936,-1.5305780346820776,4.046242774566466,-1.8786127167630062,True,True,True,False,26.204368197899782
bedba8551bd0c717,2019-08-02,263050,유틸렉스,KOSDAQ,baseline,opening_gapdown_v1,-6.196213425129082,54500.0,57000.0,4.587155963302747,0.7804587155963303,3.806697247706417,7.1559633027522995,-1.834862385321101,True,True,True,False,27.14850638974609
e7faf1662a3637b2,2019-08-02,200230,텔콘RF제약,KOSDAQ,baseline,opening_gapdown_v1,-5.286343612334798,4300.0,4445.0,3.3720930232558066,0.5788372093023256,2.793255813953481,6.162790697674425,-0.9302325581395321,True,True,False,False,25.95617418934428
5dca9b0040def18d,2019-08-05,197210,리드,KOSDAQ,baseline,opening_gapdown_v1,-19.475655430711612,2150.0,2050.0,-4.651162790697672,0.9276744186046512,-5.578837209302323,3.488372093023262,-10.697674418604652,True,True,True,True,23.90568853670611
3765607afcc2e40f,2019-08-05,161890,한국콜마,KOSPI,baseline,opening_gapdown_v1,-3.6121673003802313,50700.0,50000.0,-1.3806706114398382,0.821715976331361,-2.202386587771199,2.564102564102555,-2.1696252465483234,True,True,True,True,26.902356169774947
e452af7343cc356c,2019-08-05,161390,한국타이어앤테크놀로지,KOSPI,baseline,opening_gapdown_v1,-3.316749585406298,29150.0,29150.0,0.0,0.7445797598627788,-0.7445797598627788,1.7152658662092701,-3.6020583190394473,True,False,True,True,24.892331978057413
6488a2678f5262e1,2019-08-06,006620,동구바이오제약,KOSDAQ,baseline,opening_gapdown_v1,-11.111111111111116,12000.0,12000.0,0.0,0.48,-0.48,9.166666666666657,-5.833333333333335,True,True,True,True,6.816148364286434
5473754b3aa12ba9,2019-08-06,085370,루트로닉,KOSDAQ,baseline,opening_gapdown_v1,-9.677419354838712,5600.0,5600.0,0.0,0.7657142857142857,-0.7657142857142857,11.071428571428577,-0.7142857142857117,True,True,False,False,16.328952671238298
6576a24298307074,2019-08-06,054670,대한뉴팜,KOSDAQ,baseline,opening_gapdown_v1,-9.528907922912211,8450.0,8770.0,3.7869822485207205,0.5850295857988166,3.201952662721904,14.082840236686401,0.0,True,True,False,False,27.241820256289103
167f0377a214852e,2019-08-07,041960,코미팜,KOSDAQ,baseline,opening_gapdown_v1,-13.41991341991342,10000.0,10200.0,2.0000000000000018,0.53,1.4700000000000017,16.999999999999993,-2.6000000000000023,True,True,True,True,15.108396368756047
950779e31d3793d5,2019-08-07,089590,제주항공,KOSPI,baseline,opening_gapdown_v1,-4.1666666666666625,23000.0,23350.0,1.521739130434785,0.8821739130434783,0.6395652173913067,2.60869565217392,-2.1739130434782594,True,True,True,True,22.99119857164135
4c1a26a236133025,2019-08-07,192250,케이사인,KOSDAQ,baseline,opening_gapdown_v1,-3.056768558951961,1110.0,1170.0,5.405405405405395,0.5002702702702703,4.905135135135124,7.2072072072072,0.0,True,True,False,False,23.889076038487346
d1dbb0836c69e233,2019-08-12,041960,코미팜,KOSDAQ,baseline,opening_gapdown_v1,-2.0746887966805017,11800.0,11050.0,-6.355932203389836,0.4842372881355932,-6.840169491525429,4.237288135593231,-16.86440677966101,True,True,True,True,25.366849760239802
7b68bf81be834b8b,2019-08-16,102940,코오롱생명과학,KOSDAQ,baseline,opening_gapdown_v1,-10.1010101010101,13350.0,14800.0,10.861423220973787,0.45471910112359554,10.406704119850192,12.734082397003753,-1.4981273408239737,True,True,True,False,24.882879513477207
75d3a155fc99661a,2019-08-16,215600,신라젠,KOSDAQ,baseline,opening_gapdown_v1,-3.308823529411764,13150.0,13600.0,3.4220532319391594,0.4581368821292776,2.9639163498098817,7.984790874524705,-3.041825095057038,True,True,True,True,14.759859409744081
8b471f176cfbe8e5,2019-08-16,041510,에스엠,KOSDAQ,baseline,opening_gapdown_v1,-3.187919463087252,28850.0,28250.0,-2.0797227036395194,0.7499306759098787,-2.829653379549398,0.0,-5.025996533795496,False,False,True,True,28.399288369135604
b2aec339c102d233,2019-08-23,236200,슈프리마,KOSDAQ,baseline,opening_gapdown_v1,-2.145922746781115,22800.0,23400.0,2.6315789473684292,0.8878947368421052,1.743684210526324,5.043859649122817,-0.21929824561403022,True,True,False,False,29.54857199577785
fcbb9f1c64736ff0,2019-08-26,192820,코스맥스,KOSPI,baseline,opening_gapdown_v1,-3.7868162692847096,68600.0,68600.0,0.0,0.6673177842565597,-0.6673177842565597,1.4577259475218707,-1.3119533527696792,True,False,True,False,25.954095718563806
725cf88340655077,2019-08-26,048260,오스템임플란트,KOSDAQ,baseline,opening_gapdown_v1,-3.0430220356768123,46200.0,44150.0,-4.43722943722944,0.5546753246753247,-4.991904761904764,0.6493506493506551,-4.545454545454541,False,False,True,True,19.5476121116467
557a387c282637d7,2019-08-26,071840,롯데하이마트,KOSPI,baseline,opening_gapdown_v1,-2.72873194221509,30300.0,30400.0,0.3300330033003229,0.725049504950495,-0.3950165016501721,2.1452145214521545,-0.16501650165016146,True,True,False,False,28.827230760597786
7314e368545ccff9,2019-08-29,035290,더블유에프엠,KOSDAQ,baseline,opening_gapdown_v1,-4.897959183673473,2330.0,2285.0,-1.931330472102999,0.8737768240343348,-2.805107296137334,6.4377682403433445,-14.163090128755362,True,True,True,True,27.152421318511998
9bd6079883b96eea,2019-09-17,035290,더블유에프엠,KOSDAQ,baseline,opening_gapdown_v1,-7.352941176470584,1260.0,1220.0,-3.1746031746031744,0.4680952380952381,-3.6426984126984125,9.126984126984116,-6.746031746031744,True,True,True,True,23.47618233790888
a87b0181bb37c252,2019-09-18,197210,리드,KOSDAQ,baseline,opening_gapdown_v1,-3.880597014925369,1610.0,1330.0,-17.391304347826086,0.4163354037267081,-17.807639751552795,1.2422360248447228,-22.04968944099379,True,False,True,True,27.061852284334492
db5e2f82395d5edd,2019-09-19,215600,신라젠,KOSDAQ,baseline,opening_gapdown_v1,-4.761904761904767,11000.0,10950.0,-0.4545454545454519,0.5027272727272728,-0.9572727272727247,2.2727272727272707,-3.6363636363636376,True,True,True,True,27.55443715946936
1483f64d1220f31c,2019-09-23,035290,더블유에프엠,KOSDAQ,baseline,opening_gapdown_v1,-7.207207207207212,1030.0,1175.0,14.077669902912614,0.5212621359223301,13.556407766990285,35.92233009708738,-3.592233009708734,True,True,True,True,23.564168010340367
9b1ca49d6c69a746,2019-09-23,048260,오스템임플란트,KOSDAQ,baseline,opening_gapdown_v1,-4.555555555555557,42950.0,43850.0,2.0954598370197974,0.5792433061699651,1.5162165308498323,2.79394644935973,-2.211874272409775,True,True,True,True,29.79358741976091
994c6023187a5817,2019-09-26,084990,헬릭스미스,KOSDAQ,baseline,opening_gapdown_v1,-4.761904761904767,80000.0,76000.0,-5.000000000000004,0.605,-5.605000000000004,2.2499999999999964,-18.625000000000004,True,True,True,True,21.884917448882817
65dd831261b6a79c,2019-09-26,091970,나노캠텍,KOSDAQ,baseline,opening_gapdown_v1,-2.8862478777589184,2860.0,2535.0,-11.363636363636365,0.7544755244755245,-12.118111888111889,1.7482517482517501,-14.685314685314687,True,False,True,True,17.529193543772877
4a9cd1df8ec528c9,2019-09-30,087730,에스모 머티리얼즈,KOSDAQ,baseline,opening_gapdown_v1,-21.254355400696866,2260.0,2010.0,-11.061946902654862,0.893716814159292,-11.955663716814154,12.389380530973447,-11.061946902654862,True,True,True,True,18.146685458420563
ea8670aada56aea5,2019-09-30,196490,디에이테크놀로지,KOSDAQ,baseline,opening_gapdown_v1,-19.705882352941174,1365.0,1455.0,6.593406593406592,0.44978021978021976,6.143626373626373,19.780219780219777,-2.197802197802201,True,True,True,True,26.481708860232757
7e429dfe2ad0223a,2019-10-01,263920,블러썸엠앤씨,KOSDAQ,baseline,opening_gapdown_v1,-13.578947368421057,8210.0,6700.0,-18.39220462850183,0.5954080389768575,-18.987612667478686,10.71863580998782,-19.001218026796586,True,True,True,True,24.882943179993802
61c9a921518b64af,2019-10-01,087730,에스모 머티리얼즈,KOSDAQ,baseline,opening_gapdown_v1,-2.985074626865669,1950.0,2150.0,10.256410256410264,0.38384615384615384,9.87256410256411,14.871794871794863,-7.179487179487176,True,True,True,True,14.276653367237728
cac0924f9f678dee,2019-10-01,009620,삼보산업,KOSDAQ,baseline,opening_gapdown_v1,-2.500000000000002,1170.0,1285.0,9.829059829059839,0.48641025641025637,9.342649572649583,18.803418803418804,-0.42735042735042583,True,True,False,False,28.92879587725041
7b7a4ed15919ce27,2019-10-02,087730,에스모 머티리얼즈,KOSDAQ,baseline,opening_gapdown_v1,-3.488372093023251,2075.0,2155.0,3.855421686746996,0.9528915662650602,2.9025301204819356,25.542168674698786,-1.4457831325301207,True,True,True,False,17.366162232503058
686c8b0f8b99d282,2019-10-02,197210,리드,KOSDAQ,baseline,opening_gapdown_v1,-2.9126213592232997,1000.0,1025.0,2.499999999999991,0.53,1.969999999999991,5.499999999999994,-1.0000000000000009,True,True,True,False,24.98032324127975
f525bc6fa6c4d0cf,2019-10-02,091970,나노캠텍,KOSDAQ,baseline,opening_gapdown_v1,-2.5210084033613467,2320.0,2340.0,0.8620689655172376,0.876551724137931,-0.014482758620693481,9.913793103448265,-2.8017241379310387,True,True,True,True,17.01035558204238
33571744387821c3,2019-10-21,001140,카리스국보,KOSPI,baseline,opening_gapdown_v1,-2.6119402985074647,3915.0,3580.0,-8.556832694763727,0.6131417624521073,-9.169974457215835,1.2771392081736943,-10.344827586206895,True,False,True,True,26.705677302740156
3f04c1615582366c,2019-10-23,091970,나노캠텍,KOSDAQ,baseline,opening_gapdown_v1,-3.5010940919037226,2205.0,2185.0,-0.9070294784580546,0.9102721088435374,-1.8173015873015919,1.5873015873015817,-1.5873015873015928,True,False,True,False,22.338065759621117
83b2c54ee017629a,2019-10-28,217730,강스템바이오텍,KOSDAQ,baseline,opening_gapdown_v1,-10.880829015544046,8600.0,7990.0,-7.093023255813957,0.5788372093023256,-7.671860465116283,1.3953488372093092,-10.232558139534886,True,False,True,True,27.62280168831232
87691f85d633d185,2019-11-11,042000,카페24,KOSDAQ,baseline,opening_gapdown_v1,-5.096660808435849,54000.0,54000.0,0.0,0.7855555555555556,-0.7855555555555556,1.4814814814814836,-3.518518518518521,True,False,True,True,26.04723164984304
9bbeab690105a12d,2019-11-21,318000,한국바이오젠,KOSDAQ,baseline,opening_gapdown_v1,-2.0289855072463725,6760.0,6830.0,1.0355029585798814,0.6737869822485207,0.36171597633136066,3.698224852071008,0.0,True,True,False,False,24.786600678317896
d39e10edbbbd427d,2019-12-03,038160,팍스넷,KOSDAQ,baseline,opening_gapdown_v1,-8.722109533468558,4500.0,4055.0,-9.888888888888891,0.5633333333333334,-10.452222222222224,3.3333333333333437,-13.888888888888884,True,True,True,True,18.596098577691933
9f8a996dccb31e05,2019-12-03,036180,영인프런티어,KOSDAQ,baseline,opening_gapdown_v1,-8.435582822085886,5970.0,5200.0,-12.897822445561136,0.7325125628140703,-13.630335008375207,4.690117252931314,-15.410385259631488,True,True,True,True,16.99914544412644
df7ac9e3835dbab2,2019-12-03,203650,드림시큐리티,KOSDAQ,baseline,opening_gapdown_v1,-3.0303030303030276,2560.0,2665.0,4.1015625,0.8159375,3.285625,4.6875,-1.171875,True,True,True,False,28.773376453782333
34e7ab742c0be298,2019-12-04,065620,제낙스,KOSDAQ,baseline,opening_gapdown_v1,-3.9800995024875663,1930.0,1985.0,2.849740932642497,0.385440414507772,2.464300518134725,10.103626943005173,-2.072538860103623,True,True,True,True,29.278259743639424
ff20855a6ffa0919,2019-12-04,204990,현성바이탈,KOSDAQ,baseline,opening_gapdown_v1,-3.9525691699604737,1215.0,1260.0,3.703703703703698,0.47691358024691355,3.2267901234567846,11.522633744855959,-4.938271604938271,True,True,True,True,24.379996838046466
13d0bb14a317a9f6,2019-12-04,058220,아리온,KOSDAQ,baseline,opening_gapdown_v1,-3.3707865168539297,1290.0,1305.0,1.1627906976744207,0.4625581395348837,0.700232558139537,7.364341085271309,-1.5503875968992276,True,True,True,False,26.552330398204518
bdeab87a9623a0ff,2019-12-05,036180,영인프런티어,KOSDAQ,baseline,opening_gapdown_v1,-2.072538860103623,5670.0,4170.0,-26.455026455026452,0.759100529100529,-27.21412698412698,0.5291005291005346,-28.306878306878303,False,False,True,True,22.685094573572584
eb7b7a9857875402,2019-12-06,160600,에스엔텍비엠,KOSDAQ,baseline,opening_gapdown_v1,-2.287581699346408,1495.0,1510.0,1.0033444816053505,0.4306688963210702,0.5726755852842803,4.013377926421402,-0.33444816053511683,True,True,False,False,17.161356516580852
81e8a4d12f5592ff,2019-12-09,160600,에스엔텍비엠,KOSDAQ,baseline,opening_gapdown_v1,-2.98013245033113,1465.0,1520.0,3.754266211604085,0.43477815699658706,3.319488054607498,7.167235494880542,0.0,True,True,False,False,16.871318825945636
c76292b88e1ccef4,2019-12-10,036180,영인프런티어,KOSDAQ,baseline,opening_gapdown_v1,-2.0142180094786744,4135.0,4290.0,3.7484885126964906,0.5927569528415961,3.1557315598548943,14.026602176541726,0.0,True,True,False,False,20.540353434789665
6103ab2bb31bf40a,2019-12-20,052190,이에스에이,KOSDAQ,baseline,opening_gapdown_v1,-15.398886827458258,2280.0,2060.0,-9.649122807017541,0.8878947368421052,-10.537017543859646,4.166666666666674,-17.105263157894733,True,True,True,True,29.386397976678836
dd64d2aadeb29457,2019-12-26,200230,텔콘RF제약,KOSDAQ,baseline,opening_gapdown_v1,-19.780219780219777,4380.0,5030.0,14.840182648401834,0.5724657534246576,14.267716894977177,20.319634703196353,-4.908675799086759,True,True,True,True,26.651984687105013
2b6a35b6fc0b007a,2019-12-26,143160,아이디스,KOSDAQ,baseline,opening_gapdown_v1,-5.777777777777782,21200.0,24000.0,13.207547169811317,0.9375471698113208,12.269999999999996,15.566037735849058,0.0,True,True,False,False,22.550070220586576
6e3e5c3c6812a0a8,2019-12-27,053660,현진소재,KOSDAQ,baseline,opening_gapdown_v1,-2.487562189054726,980.0,908.0,-7.346938775510203,0.5361224489795918,-7.883061224489795,4.081632653061229,-8.775510204081638,True,True,True,True,21.314162362856166
c84c5118bf520e10,2020-01-06,009190,대양금속,KOSPI,baseline,opening_gapdown_v1,-18.243243243243246,6050.0,6240.0,3.140495867768589,0.7258677685950413,2.4146280991735476,9.752066115702473,-4.793388429752065,True,True,True,True,22.290462699970917
ba153fe20408afa6,2020-01-06,067160,아프리카TV,KOSDAQ,baseline,opening_gapdown_v1,-4.1322314049586755,58000.0,55400.0,-4.482758620689653,0.7472413793103448,-5.229999999999998,0.0,-4.655172413793107,False,False,True,True,28.70352523182629
4056a1712fdfb18c,2020-01-06,052190,이에스에이,KOSDAQ,baseline,opening_gapdown_v1,-3.6363636363636376,1590.0,1635.0,2.8301886792452935,0.4186792452830189,2.4115094339622747,6.60377358490567,-4.402515723270439,True,True,True,True,29.325693935436604
ec8ea00945aa388b,2020-01-08,009190,대양금속,KOSPI,baseline,opening_gapdown_v1,-2.7692307692307683,6320.0,5870.0,-7.120253164556967,0.7046835443037975,-7.824936708860765,2.215189873417711,-7.911392405063289,True,True,True,True,22.02124998097021
243330ffb965ead1,2020-01-08,030000,제일기획,KOSPI,baseline,opening_gapdown_v1,-2.0408163265306145,21600.0,21450.0,-0.694444444444442,0.9244444444444444,-1.6188888888888864,1.620370370370372,-0.92592592592593,True,False,False,False,29.01588144751146
4d2b724fba89b80d,2020-01-13,294870,HDC현대산업개발,KOSPI,baseline,opening_gapdown_v1,-3.797468354430378,22800.0,22600.0,-0.8771929824561431,0.8878947368421052,-1.7650877192982484,0.21929824561404132,-2.1929824561403466,False,False,True,True,28.38619845324918
8db376a82d118353,2020-01-13,052190,이에스에이,KOSDAQ,baseline,opening_gapdown_v1,-3.754266211604096,1410.0,1455.0,3.1914893617021267,0.4427659574468085,2.748723404255318,3.900709219858145,-1.773049645390068,True,True,True,False,28.64381131775636
f8ef277885df9ad5,2020-01-20,009190,대양금속,KOSPI,baseline,opening_gapdown_v1,-16.57559198542805,4580.0,4505.0,-1.637554585152834,0.5575109170305677,-2.1950655021834016,2.6200873362445476,-8.733624454148469,True,True,True,True,20.685837941699674
e96618668c541a29,2020-01-21,052190,이에스에이,KOSDAQ,baseline,opening_gapdown_v1,-3.985507246376807,1325.0,1295.0,-2.264150943396226,0.4564150943396227,-2.7205660377358485,1.5094339622641506,-2.6415094339622636,True,False,True,True,28.830052245125955
008428b3281843d2,2020-01-22,900300,오가닉티코스메틱,KOSDAQ,baseline,opening_gapdown_v1,-2.2026431718061623,1110.0,1115.0,0.45045045045044585,0.5002702702702703,-0.04981981981982442,4.504504504504503,-1.3513513513513487,True,True,True,False,29.987504480844038
41f7beb24db7f2bc,2020-01-28,004800,효성,KOSPI,baseline,opening_gapdown_v1,-3.8461538461538436,70000.0,71100.0,1.5714285714285792,0.6585714285714286,0.9128571428571506,3.571428571428581,0.0,True,True,False,False,29.43221952792348
44807cae604f3f29,2020-01-28,096770,SK이노베이션,KOSPI,baseline,opening_gapdown_v1,-3.4615384615384603,125500.0,125000.0,-0.3984063745019917,0.4690438247011952,-0.8674501992031869,0.3984063745019917,-1.9920318725099584,False,False,True,False,27.064831302250013
ef37ff1e8337e938,2020-01-28,002070,남영비비안,KOSPI,baseline,opening_gapdown_v1,-3.3333333333333326,14500.0,17900.0,23.448275862068968,0.43689655172413794,23.01137931034483,26.206896551724146,-5.862068965517242,True,True,True,True,27.16925971869732
aaddf9e61c9000b8,2020-01-30,052190,이에스에이,KOSDAQ,baseline,opening_gapdown_v1,-2.409638554216864,1215.0,1185.0,-2.4691358024691357,0.47691358024691355,-2.9460493827160494,2.0576131687242816,-3.292181069958844,True,True,True,True,28.238452915254342
70df4981b0d5a89c,2020-01-31,001120,LG상사,KOSPI,baseline,opening_gapdown_v1,-2.766798418972327,12300.0,12100.0,-1.6260162601625994,0.4739024390243902,-2.09991869918699,2.4390243902439046,-2.4390243902439046,True,True,True,True,22.564839211439732
f0168cd4f1fa1abf,2020-02-03,299900,위지윅스튜디오,KOSDAQ,baseline,opening_gapdown_v1,-5.147864184008766,4330.0,4675.0,7.9676674364896005,0.5764203233256351,7.391247113163965,9.237875288683606,0.0,True,True,False,False,26.379889862016057
0d1ef648e823a830,2020-02-03,020560,아시아나항공,KOSPI,baseline,opening_gapdown_v1,-5.0438596491228065,4330.0,4585.0,5.889145496535786,0.5764203233256351,5.312725173210151,6.120092378752884,-0.5773672055427226,True,True,False,False,24.60554551153298
dddd24117eed548d,2020-02-03,028050,삼성엔지니어링,KOSPI,baseline,opening_gapdown_v1,-4.927536231884055,16400.0,16550.0,0.9146341463414531,0.4129268292682927,0.5017073170731604,2.7439024390243816,-1.5243902439024404,True,True,True,False,28.081046054616863
0a0ecfc5c4486b9f,2020-02-13,263920,블러썸엠앤씨,KOSDAQ,baseline,opening_gapdown_v1,-3.103448275862064,5620.0,7540.0,34.16370106761566,0.7638078291814947,33.39989323843417,34.16370106761566,0.0,True,True,False,False,28.016975362549914
72b8f89d7bbff091,2020-02-14,066430,와이오엠,KOSDAQ,baseline,opening_gapdown_v1,-3.0172413793103425,4500.0,3250.0,-27.77777777777778,0.5633333333333334,-28.34111111111111,1.333333333333342,-27.77777777777778,True,False,True,True,28.616054723261925
ad7f6de3bbeeafdf,2020-02-17,079970,투비소프트,KOSDAQ,baseline,opening_gapdown_v1,-19.851116625310173,1615.0,1895.0,17.3374613003096,0.41575851393188856,16.92170278637771,18.57585139318885,-5.263157894736848,True,True,True,True,26.988883684799006
ae6d50afca414637,2020-02-17,066430,와이오엠,KOSDAQ,baseline,opening_gapdown_v1,-17.846153846153847,2670.0,2420.0,-9.363295880149813,0.7917977528089888,-10.155093632958803,7.116104868913853,-12.734082397003743,True,True,True,True,20.287787333852023
70ca303df1a9bb0d,2020-02-21,045890,GV,KOSDAQ,baseline,opening_gapdown_v1,-3.363228699551568,2155.0,2175.0,0.9280742459396807,0.9260556844547563,0.0020185614849244082,14.153132250580036,0.0,True,True,False,False,25.945853486050567
abafbe3718b95204,2020-02-21,034730,SK,KOSPI,baseline,opening_gapdown_v1,-2.3094688221709014,211500.0,212500.0,0.47281323877068626,0.9392198581560284,-0.4664066193853421,3.0732860520094496,-0.23640661938534313,True,True,False,False,27.255765165069008
c96583597eb1aec3,2020-02-21,298050,효성첨단소재,KOSPI,baseline,opening_gapdown_v1,-2.1186440677966156,92400.0,92200.0,-0.21645021645021467,0.5546753246753247,-0.7711255411255393,1.6233766233766156,-0.649350649350644,True,False,False,False,28.299714156685965
4b3a81ca622d9cff,2020-02-24,045890,GV,KOSDAQ,baseline,opening_gapdown_v1,-5.747126436781613,2050.0,2180.0,6.341463414634152,0.9617073170731708,5.379756097560981,11.219512195121961,-7.073170731707313,True,True,True,True,24.860612021295623
772895e9e86a5e2f,2020-02-24,298690,에어부산,KOSPI,baseline,opening_gapdown_v1,-5.371428571428572,4140.0,4220.0,1.9323671497584627,0.5923188405797102,1.3400483091787525,3.5024154589371914,-2.4154589371980673,True,True,True,True,20.49977172938769
b445d2469cf63ecd,2020-02-24,089590,제주항공,KOSPI,baseline,opening_gapdown_v1,-5.0847457627118615,19600.0,19300.0,-1.5306122448979553,0.38306122448979596,-1.9136734693877513,3.0612244897959107,-2.5510204081632626,True,True,True,True,26.81140649661654
96fcc21fe639c82d,2020-02-25,020560,아시아나항공,KOSPI,baseline,opening_gapdown_v1,-4.245283018867929,4060.0,4410.0,8.62068965517242,0.5994581280788177,8.021231527093603,14.16256157635467,0.0,True,True,False,False,23.93420369353602
d3b7b42597c8a5dd,2020-02-25,175250,아이큐어,KOSDAQ,baseline,opening_gapdown_v1,-3.7807183364839347,25450.0,27800.0,9.23379174852652,0.8193909626719057,8.414400785854616,10.019646365422407,0.0,True,True,False,False,24.84918819835029
ca611729e2753528,2020-02-25,217620,디딤,KOSDAQ,baseline,opening_gapdown_v1,-3.164556962025311,1530.0,1510.0,-1.3071895424836555,0.426078431372549,-1.7332679738562045,3.267973856209161,-8.16993464052288,True,True,True,True,25.52458499196743
b8946a72c8f8dd33,2020-02-26,263540,샘코,KOSDAQ,baseline,opening_gapdown_v1,-4.9676025917926525,4400.0,4535.0,3.0681818181818254,0.5709090909090909,2.4972727272727346,6.590909090909092,-0.1136363636363602,True,True,False,False,28.87570637628619
310346e3bca37e6c,2020-02-26,080220,제주반도체,KOSDAQ,baseline,opening_gapdown_v1,-3.4690799396681737,3200.0,3305.0,3.281249999999991,0.69875,2.582499999999991,3.281249999999991,-0.6249999999999978,True,True,False,False,29.184012275549804
ef7387a39add9810,2020-02-26,025980,아난티,KOSDAQ,baseline,opening_gapdown_v1,-3.369272237196763,7170.0,7320.0,2.092050209205021,0.6484100418410041,1.4436401673640167,4.044630404463034,-0.6973500697350032,True,True,False,False,28.409650174285204
0c602ca47f7a5897,2020-02-28,047810,한국항공우주,KOSPI,baseline,opening_gapdown_v1,-5.360443622920519,25600.0,25650.0,0.1953125,0.8159375,-0.620625,0.9765625,-2.5390625,False,False,True,True,24.15699318876804
7158ff4e09b58482,2020-02-28,021240,코웨이,KOSPI,baseline,opening_gapdown_v1,-4.829545454545459,67000.0,68900.0,2.8358208955223896,0.6777611940298508,2.158059701492539,3.731343283582089,0.0,True,True,False,False,26.198155307697192
8fbe4ad69658d6e0,2020-02-28,032350,롯데관광개발,KOSPI,baseline,opening_gapdown_v1,-4.054054054054057,10650.0,10450.0,-1.8779342723004744,0.5116901408450705,-2.389624413145545,3.2863849765258246,-4.694835680751175,True,True,True,True,27.190527893972785
63d97bd78af426b9,2020-03-02,000270,기아차,KOSPI,baseline,opening_gapdown_v1,-2.89655172413793,35200.0,34500.0,-1.9886363636363646,0.6561363636363636,-2.6447727272727284,4.2613636363636465,-1.9886363636363646,True,True,True,False,23.02278388424689
ee813d06c9adc502,2020-03-02,012330,현대모비스,KOSPI,baseline,opening_gapdown_v1,-2.619047619047621,204500.0,207000.0,1.2224938875305513,0.9634963325183374,0.2589975550122139,2.689486552567244,-2.444987775061125,True,True,True,True,27.148428692972658
d5a376098d2e8a8d,2020-03-02,143540,영우디에스피,KOSDAQ,baseline,opening_gapdown_v1,-2.3255813953488413,1680.0,1820.0,8.333333333333325,0.4085714285714286,7.924761904761897,9.226190476190466,-0.5952380952380931,True,True,False,False,29.288599446973194
4531b616ad3e11c6,2020-03-04,220100,퓨쳐켐,KOSDAQ,baseline,opening_gapdown_v1,-3.57142857142857,12150.0,12650.0,4.115226337448563,0.47691358024691355,3.63831275720165,5.3497942386831365,0.0,True,True,False,False,22.464680197093045
8faff42722bb5844,2020-03-06,032830,삼성생명,KOSPI,baseline,opening_gapdown_v1,-2.430555555555558,56200.0,55600.0,-1.0676156583629859,0.7638078291814947,-1.8314234875444806,1.067615658362997,-1.7793594306049876,True,False,True,False,20.353187554047906
97b18b954103e2d1,2020-03-06,005490,POSCO,KOSPI,baseline,opening_gapdown_v1,-2.030456852791873,193000.0,192000.0,-0.5181347150259086,0.385440414507772,-0.9035751295336806,0.5181347150259086,-0.5181347150259086,False,False,False,False,29.41757179530913
4931b6073bcff687,2020-03-09,010950,S-Oil,KOSPI,baseline,opening_gapdown_v1,-6.065318818040433,60400.0,58000.0,-3.9735099337748325,0.7266887417218544,-4.7001986754966865,0.3311258278145601,-4.139072847682124,False,False,True,True,22.958215669708963
7cef27c335f8fb53,2020-03-09,096770,SK이노베이션,KOSPI,baseline,opening_gapdown_v1,-6.018518518518523,101500.0,99100.0,-2.364532019704435,0.5255665024630543,-2.8900985221674893,1.4778325123152802,-2.463054187192115,True,False,True,True,22.36366631645285
9a50665a24819587,2020-03-09,028050,삼성엔지니어링,KOSPI,baseline,opening_gapdown_v1,-3.584229390681004,13450.0,12750.0,-5.2044609665427455,0.4530483271375465,-5.657509293680292,0.3717472118959009,-5.576208178438657,False,False,True,True,23.031046622930134
0cb7c6415c4af885,2020-03-10,104460,동양피엔에프,KOSDAQ,baseline,opening_gapdown_v1,-4.761904761904767,10000.0,10650.0,6.499999999999995,0.53,5.969999999999994,6.499999999999995,-0.8000000000000007,True,True,False,False,28.686180980149103
ab703d4542679f98,2020-03-10,009190,대양금속,KOSPI,baseline,opening_gapdown_v1,-4.545454545454541,2730.0,2940.0,7.692307692307687,0.7794505494505495,6.9128571428571375,7.692307692307687,-0.73260073260073,True,True,False,False,29.072034097031633
ecdf4c85746601c4,2020-03-10,041830,인바디,KOSDAQ,baseline,opening_gapdown_v1,-4.0000000000000036,18000.0,19100.0,6.111111111111112,0.3966666666666667,5.714444444444445,6.666666666666665,-0.8333333333333304,True,True,False,False,27.648813733013085
76caa2e27a01ccf1,2020-03-12,034020,두산중공업,KOSPI,baseline,opening_gapdown_v1,-5.710306406685239,3385.0,3275.0,-3.2496307237813937,0.6731314623338257,-3.9227621861152193,10.33973412112259,-5.022156573116687,True,True,True,True,16.81265780195342
611059ee33d6bb15,2020-03-12,011690,유양디앤유,KOSPI,baseline,opening_gapdown_v1,-4.0506329113924044,1895.0,1845.0,-2.638522427440637,0.388311345646438,-3.026833773087075,2.902374670184704,-5.013192612137207,True,True,True,True,29.731644501453687
72bd764c3d4bc24c,2020-03-12,041510,에스엠,KOSDAQ,baseline,opening_gapdown_v1,-3.831417624521072,25100.0,23400.0,-6.772908366533869,0.827609561752988,-7.600517928286857,2.1912350597609542,-9.561752988047811,True,True,True,True,25.5091403133938
e41ac5c2fb1333b2,2020-03-13,108670,LG하우시스,KOSPI,baseline,opening_gapdown_v1,-20.757180156657963,30350.0,36450.0,20.098846787479395,0.7242339373970346,19.37461285008236,20.263591433278428,0.0,True,True,False,False,14.369945465414233
ec3c7e4faedceef4,2020-03-13,138690,엘아이에스,KOSDAQ,baseline,opening_gapdown_v1,-18.47133757961783,5120.0,6200.0,21.09375,0.8159375,20.2778125,22.0703125,0.0,True,True,False,False,9.352070490728124
dcd6a0d270a20cb6,2020-03-13,122640,예스티,KOSDAQ,baseline,opening_gapdown_v1,-17.877906976744185,5650.0,6470.0,14.513274336283178,0.7609734513274335,13.752300884955744,15.04424778761062,0.0,True,True,False,False,20.86830810259093
f60b0a1094edf89a,2020-03-16,053590,한국테크놀로지,KOSDAQ,baseline,opening_gapdown_v1,-5.309734513274334,1070.0,799.0,-25.32710280373832,0.510373831775701,-25.837476635514022,4.672897196261672,-25.70093457943925,True,True,True,True,25.805473358598846
48fac5335ca9cd51,2020-03-16,111770,영원무역,KOSPI,baseline,opening_gapdown_v1,-3.9337474120082816,23200.0,23300.0,0.4310344827586299,0.876551724137931,-0.44551724137930115,1.724137931034475,-4.741379310344829,True,False,True,True,23.409021790480082
7364925b790b2b31,2020-03-16,000240,한국테크놀로지그룹,KOSPI,baseline,opening_gapdown_v1,-3.5140562248995977,9610.0,10150.0,5.619146722164414,0.5421748178980229,5.076971904266391,5.619146722164414,-0.8324661810613976,True,True,False,False,17.28500896255126
6a72e8aaf08cf682,2020-03-17,064480,브리지텍,KOSDAQ,baseline,opening_gapdown_v1,-15.107913669064743,1770.0,1940.0,9.604519774011289,0.3994915254237288,9.20502824858756,15.819209039548031,-3.9548022598870025,True,True,True,True,25.995086953204776
d3f3210882ceff0c,2020-03-17,241840,에이스토리,KOSDAQ,baseline,opening_gapdown_v1,-14.965034965034963,6080.0,5930.0,-2.4671052631578982,0.723421052631579,-3.1905263157894774,9.868421052631572,-3.7828947368421018,True,True,True,True,27.651979427713712
b7f59a3122b4b9d5,2020-03-17,009460,한창제지,KOSPI,baseline,opening_gapdown_v1,-14.28571428571429,2100.0,2420.0,15.238095238095228,0.9442857142857143,14.293809523809514,17.85714285714286,0.0,True,True,False,False,26.826155524784014
ffc1330b443c3fe1,2020-03-18,086250,이노와이즈,KOSDAQ,baseline,opening_gapdown_v1,-2.865329512893988,1695.0,1485.0,-12.389380530973447,0.4069911504424779,-12.796371681415925,3.2448377581120846,-12.389380530973447,True,True,True,True,28.652817983810237
aa4ffe873db6bfab,2020-03-18,175330,JB금융지주,KOSPI,baseline,opening_gapdown_v1,-2.7237354085603127,3750.0,3740.0,-0.2666666666666706,0.63,-0.8966666666666706,3.600000000000003,-0.2666666666666706,True,True,False,False,10.395890022096069
ad7558f450cbcbf0,2020-03-18,241560,두산밥캣,KOSPI,baseline,opening_gapdown_v1,-2.2556390977443663,19500.0,17150.0,-12.051282051282053,0.38384615384615384,-12.435128205128207,4.615384615384621,-12.051282051282053,True,True,True,True,17.66255652771791
0d8115f4bb28ef3c,2020-03-19,104460,동양피엔에프,KOSDAQ,baseline,opening_gapdown_v1,-2.837837837837842,7190.0,6010.0,-16.41168289290682,0.6472461752433936,-17.058929068150213,1.8080667593880495,-23.365785813630048,True,False,True,True,15.102595813905126
82c676e46c6517a6,2020-03-19,249420,일동제약,KOSPI,baseline,opening_gapdown_v1,-2.4154589371980673,10100.0,9280.0,-8.118811881188115,0.527029702970297,-8.645841584158413,6.435643564356441,-8.118811881188115,True,True,True,True,18.56571729227673
43c62d0ff4d3e71d,2020-03-19,011690,유양디앤유,KOSPI,baseline,opening_gapdown_v1,-2.298850574712641,1700.0,1220.0,-28.235294117647058,0.40647058823529414,-28.641764705882352,6.470588235294117,-28.235294117647058,True,True,True,True,28.94460736816164
761170e895cd6bf2,2020-03-20,095270,웨이브일렉트로,KOSDAQ,baseline,opening_gapdown_v1,-8.502415458937197,9470.0,8790.0,-7.180570221752902,0.5467898627243929,-7.7273600844772945,10.348468848996827,-21.752903907074973,True,True,True,True,20.33540627780475
07afdb61a99bfe7c,2020-03-20,119610,인터로조,KOSDAQ,baseline,opening_gapdown_v1,-5.027932960893855,17000.0,17700.0,4.117647058823537,0.40647058823529414,3.711176470588243,8.823529411764696,-0.588235294117645,True,True,False,False,18.816957408106433
c20aacd8ec2f9490,2020-03-20,089590,제주항공,KOSPI,baseline,opening_gapdown_v1,-4.0000000000000036,12000.0,12650.0,5.41666666666667,0.48,4.936666666666669,18.333333333333336,-7.916666666666671,True,True,True,True,16.729987628514394
89e6c2923ec6d2b3,2020-03-23,114190,강원,KOSDAQ,baseline,opening_gapdown_v1,-13.888888888888884,1550.0,2340.0,50.96774193548388,0.4235483870967742,50.544193548387106,50.96774193548388,0.0,True,True,False,False,21.847300842192922
3c9c84a292d8fe09,2020-03-23,222800,심텍,KOSDAQ,baseline,opening_gapdown_v1,-12.91291291291291,5800.0,5730.0,-1.2068965517241348,0.7472413793103448,-1.9541379310344795,5.1724137931034475,-7.068965517241377,True,True,True,True,28.301496597456406
9099a9004c6a7fd3,2020-03-23,054670,대한뉴팜,KOSDAQ,baseline,opening_gapdown_v1,-11.952861952861948,5230.0,6200.0,18.546845124282974,0.8036137667304015,17.743231357552574,43.21223709369024,0.0,True,True,False,False,23.114715623936874
6c0644bcf4df64c6,2020-03-24,282330,BGF리테일,KOSPI,baseline,opening_gapdown_v1,-3.0172413793103425,112500.0,122000.0,8.444444444444454,0.4966666666666667,7.9477777777777865,10.222222222222221,0.0,True,True,False,False,28.416572784043552
4f8fd6f375a23010,2020-03-24,000810,삼성화재,KOSPI,baseline,opening_gapdown_v1,-2.1818181818181848,134500.0,145000.0,7.806691449814118,0.4530483271375465,7.353643122676572,8.550185873605942,-1.8587360594795488,True,True,True,False,21.84118444491412
03a49418f74fce9c,2020-03-26,009190,대양금속,KOSPI,baseline,opening_gapdown_v1,-2.1406727828746197,1600.0,1710.0,6.875000000000009,0.4175,6.4575000000000085,18.437499999999996,-3.749999999999998,True,True,True,True,25.72291125814378
6b8f63ed27df6fc8,2020-03-30,042660,대우조선해양,KOSPI,baseline,opening_gapdown_v1,-4.545454545454541,12600.0,13300.0,5.555555555555558,0.4680952380952381,5.0874603174603195,5.952380952380953,-2.777777777777779,True,True,True,True,28.22602580051857
4f2c2cdf7c2ce68f,2020-03-30,064960,S&T모티브,KOSPI,baseline,opening_gapdown_v1,-3.512014787430684,26100.0,26950.0,3.256704980842917,0.8047126436781609,2.4519923371647563,3.831417624521083,-2.298850574712641,True,True,True,True,29.93007957202002
7cea9b8de9b014c3,2020-04-29,258610,이더블유케이,KOSDAQ,baseline,opening_gapdown_v1,-3.6206896551724155,5590.0,5190.0,-7.155635062611809,0.7666726296958855,-7.922307692307695,2.146690518783534,-7.871198568872984,True,True,True,True,24.011566830563908
6bf4fa513a526bcb,2020-05-04,258610,이더블유케이,KOSDAQ,baseline,opening_gapdown_v1,-3.4682080924855474,5010.0,5140.0,2.594810379241519,0.8288023952095809,1.766007984031938,12.774451097804395,-4.2914171656686655,True,True,True,True,22.675171803964332
455d45e3e29fd16c,2020-05-13,258610,이더블유케이,KOSDAQ,baseline,opening_gapdown_v1,-2.4950099800399195,4885.0,5050.0,3.377686796315249,0.5370624360286591,2.84062436028659,5.629477993858756,-1.1258955987717534,True,True,True,False,23.520654790975783
b969dffcbc3ae7d9,2020-05-18,263920,블러썸엠앤씨,KOSDAQ,baseline,opening_gapdown_v1,-4.883227176220806,2240.0,2185.0,-2.4553571428571397,0.8996428571428571,-3.354999999999997,5.35714285714286,-12.5,True,True,True,True,25.096870382597757
259141affa51f6e5,2020-05-21,258610,이더블유케이,KOSDAQ,baseline,opening_gapdown_v1,-2.2471910112359605,4350.0,4740.0,8.965517241379306,0.5748275862068966,8.390689655172409,18.850574712643684,-1.1494252873563204,True,True,True,False,21.978390218035813
469179a185fa8750,2020-06-12,006490,인스코비,KOSPI,baseline,opening_gapdown_v1,-6.451612903225811,2030.0,2105.0,3.6945812807881673,0.9689162561576354,2.7256650246305316,4.187192118226601,0.0,True,True,False,False,25.180127136095393
5b32b2927e86c517,2020-06-16,018700,바른손,KOSDAQ,baseline,opening_gapdown_v1,-3.5046728971962593,2065.0,2200.0,6.537530266343827,0.9563922518159806,5.581138014527847,13.075060532687655,-2.66343825665859,True,True,True,True,22.249106471451412
9110b5800c9d003d,2020-06-25,031430,신세계인터내셔날,KOSPI,baseline,opening_gapdown_v1,-2.2364217252396124,153000.0,148500.0,-2.941176470588236,0.426078431372549,-3.367254901960785,1.3071895424836555,-3.9215686274509776,True,False,True,True,21.973093875390944
84a2f315da7fe30d,2020-07-24,090740,아이엠이연이,KOSDAQ,baseline,opening_gapdown_v1,-2.5289778714436273,4625.0,4915.0,6.270270270270273,0.5543243243243243,5.715945945945949,10.054054054054063,-0.8648648648648671,True,True,False,False,29.39779871596744
a9dfe3ae6a88a070,2020-08-19,234340,세틀뱅크,KOSDAQ,baseline,opening_gapdown_v1,-3.2258064516129004,24000.0,24200.0,0.8333333333333304,0.855,-0.02166666666666961,5.208333333333326,-0.6249999999999978,True,True,False,False,27.315257871536787
c4eb47cc5091f91c,2020-08-19,082800,루미마이크로,KOSDAQ,baseline,opening_gapdown_v1,-2.536231884057971,1345.0,1410.0,4.832713754646845,0.4530483271375465,4.379665427509298,7.063197026022294,-0.371747211895912,True,True,False,False,26.841183798105945
9a1484acc2a85959,2020-08-19,084680,이월드,KOSPI,baseline,opening_gapdown_v1,-2.1052631578947323,3255.0,3405.0,4.608294930875578,0.6908294930875576,3.917465437788021,8.141321044546856,-0.9216589861751112,True,True,False,False,26.51927095289855
60932f32bc30db85,2020-08-21,148140,비디아이,KOSDAQ,baseline,opening_gapdown_v1,-2.810304449648715,4150.0,3855.0,-7.108433734939757,0.5914457831325302,-7.6998795180722865,1.5662650602409567,-10.361445783132528,True,False,True,True,23.20493451325966
7b57cd6d59008eef,2020-08-24,148150,세경하이테크,KOSDAQ,baseline,opening_gapdown_v1,-2.183406113537123,22400.0,23000.0,2.678571428571419,0.8996428571428571,1.7789285714285619,4.01785714285714,-0.8928571428571397,True,True,False,False,26.204159069323367
a370e537f1d486c6,2020-08-24,037070,파세코,KOSDAQ,baseline,opening_gapdown_v1,-2.164502164502169,11300.0,11550.0,2.212389380530966,0.49548672566371676,1.716902654867249,3.9823008849557473,-3.0973451327433676,True,True,True,True,27.47145669979679
1bc80c855fd379ba,2020-08-24,180640,한진칼,KOSPI,baseline,opening_gapdown_v1,-2.0000000000000018,73500.0,74700.0,1.6326530612244872,0.6381632653061224,0.9944897959183647,2.448979591836742,-1.3605442176870763,True,True,True,False,29.169290829235607
509abb878fb1f556,2020-09-04,089590,제주항공,KOSPI,baseline,opening_gapdown_v1,-2.7027027027026973,12600.0,12800.0,1.5873015873015817,0.4680952380952381,1.1192063492063435,2.3809523809523725,-0.3968253968253954,True,True,False,False,22.434198829673065
88f9de6362b625e0,2020-09-22,041920,메디아나,KOSDAQ,baseline,opening_gapdown_v1,-2.492211838006231,15650.0,15400.0,-1.5974440894568676,0.4216932907348243,-2.019137380191692,1.9169329073482455,-2.2364217252396124,True,False,True,True,25.19762786654566
d25630a90bab7b19,2020-09-24,153710,옵티팜,KOSDAQ,baseline,opening_gapdown_v1,-3.733333333333333,18050.0,17900.0,-0.8310249307479256,0.3962049861495845,-1.22722991689751,3.6011080332410073,-4.155124653739617,True,True,True,True,26.596457769662663
a7422242950daa55,2020-09-24,084990,헬릭스미스,KOSDAQ,baseline,opening_gapdown_v1,-3.432835820895519,32350.0,31050.0,-4.0185471406491535,0.6936785162287481,-4.7122256568779015,9.582689335394123,-6.646058732612059,True,True,True,True,25.182743836727724
68daaa92d9d61e86,2020-09-24,207760,미스터블루,KOSDAQ,baseline,opening_gapdown_v1,-3.3653846153846145,10050.0,9810.0,-2.3880597014925398,0.5285074626865672,-2.916567164179107,1.990049751243772,-2.985074626865669,True,False,True,True,26.931797307787136
496376910e54fe00,2020-10-07,026890,디피씨,KOSPI,baseline,opening_gapdown_v1,-2.7303754266211566,14250.0,14100.0,-1.0526315789473717,0.44052631578947365,-1.4931578947368453,2.1052631578947434,-1.403508771929829,True,True,True,False,29.27413275444661
9ea30872430d5e24,2020-10-15,026890,디피씨,KOSPI,baseline,opening_gapdown_v1,-3.676470588235292,13100.0,10900.0,-16.793893129770986,0.4590076335877863,-17.25290076335877,1.9083969465648831,-20.22900763358778,True,False,True,True,27.832747935763962
2790145fcafe4591,2020-10-19,084990,헬릭스미스,KOSDAQ,baseline,opening_gapdown_v1,-14.634146341463417,26250.0,21550.0,-17.9047619047619,0.8014285714285714,-18.70619047619047,3.4285714285714253,-17.9047619047619,True,True,True,True,29.35991205080566
4e392a70e7076eed,2020-10-20,084990,헬릭스미스,KOSDAQ,baseline,opening_gapdown_v1,-5.1044083526682105,20450.0,19600.0,-4.1564792176039145,0.9634963325183374,-5.119975550122252,2.2004889975550057,-11.002444987775062,True,True,True,True,20.019872016577878
6ec736a88d99706b,2020-10-20,005690,파미셀,KOSPI,baseline,opening_gapdown_v1,-2.564102564102566,15200.0,16250.0,6.907894736842102,0.4273684210526316,6.48052631578947,6.907894736842102,0.0,True,True,False,False,26.953040433922922
a8950201a6561ec8,2020-10-20,205470,휴마시스,KOSDAQ,baseline,opening_gapdown_v1,-2.4038461538461564,10150.0,10750.0,5.9113300492610765,0.5255665024630543,5.385763546798023,5.9113300492610765,0.0,True,True,False,False,28.141105663805874
08a067314cb2cfd6,2020-10-22,084990,헬릭스미스,KOSDAQ,baseline,opening_gapdown_v1,-5.1219512195122,19450.0,20450.0,5.141388174807204,0.38424164524421595,4.757146529562989,11.825192802056561,-1.285347043701801,True,True,True,False,21.31232284577787
289f59f611db4388,2020-10-26,257370,명성티엔에스,KOSDAQ,baseline,opening_gapdown_v1,-16.833333333333332,9980.0,9300.0,-6.813627254509013,0.5306012024048097,-7.344228456913823,2.7054108216432837,-6.813627254509013,True,True,True,True,22.89090916369642
84e7fd9700f27fcf,2020-10-26,008350,남선알미늄,KOSPI,baseline,opening_gapdown_v1,-2.4943310657596363,4300.0,3955.0,-8.02325581395349,0.5788372093023256,-8.602093023255815,1.1627906976744207,-8.372093023255811,True,False,True,True,25.916428733826507
430bc46d1152e01d,2020-10-26,247540,에코프로비엠,KOSDAQ,baseline,opening_gapdown_v1,-2.300739523418238,118900.0,114000.0,-4.121110176619003,0.4823128679562658,-4.603423044575269,0.925147182506314,-4.373423044575276,False,False,True,True,29.505161404652597
c7f1a69d6b0c366b,2020-10-27,001360,삼성제약,KOSPI,baseline,opening_gapdown_v1,-2.8490028490028463,3410.0,3430.0,0.5865102639296182,0.6698826979472141,-0.08337243401759586,3.079178885630496,0.0,True,True,False,False,27.77114216790787
b4945ebbca7a8132,2020-10-27,217820,엔에스,KOSDAQ,baseline,opening_gapdown_v1,-2.6905829596412523,10850.0,11500.0,5.990783410138256,0.5064976958525346,5.484285714285722,7.834101382488479,0.0,True,True,False,False,26.86085794889287
7b5064d6fdf27fb3,2020-10-27,336370,두산솔루스,KOSPI,baseline,opening_gapdown_v1,-2.5682182985553803,30350.0,31550.0,3.953871499176276,0.7242339373970346,3.229637561779241,5.601317957166385,-0.658978583196046,True,True,False,False,22.347843917213353
5c20e76e045f310c,2020-10-28,257370,명성티엔에스,KOSDAQ,baseline,opening_gapdown_v1,-3.5995500562429728,8570.0,8960.0,4.550758459743287,0.5800583430571762,3.970700116686111,8.051341890315044,-0.7001166861143493,True,True,False,False,13.45566173152794
840e2196f9cc1870,2020-10-28,003090,대웅,KOSPI,baseline,opening_gapdown_v1,-2.2222222222222254,22000.0,23950.0,8.863636363636363,0.9118181818181817,7.951818181818181,15.909090909090917,0.0,True,True,False,False,24.554323438606573
d10cda01273b6bde,2020-10-28,138080,오이솔루션,KOSDAQ,baseline,opening_gapdown_v1,-2.2222222222222254,44000.0,45800.0,4.090909090909101,0.5709090909090909,3.52000000000001,4.090909090909101,0.0,True,True,False,False,24.60172546164415
3e742a93cb8a844b,2020-10-29,257370,명성티엔에스,KOSDAQ,baseline,opening_gapdown_v1,-3.45982142857143,8650.0,8660.0,0.11560693641619046,0.5768208092485549,-0.4612138728323645,1.5028901734104094,-1.1560693641618491,True,False,True,False,14.367782756362033
0ea45b7e925822c3,2020-10-29,336370,두산솔루스,KOSPI,baseline,opening_gapdown_v1,-3.125,31000.0,31700.0,2.2580645161290214,0.7138709677419355,1.544193548387086,2.4193548387096753,-0.1612903225806428,True,True,False,False,28.132217157580357
362e564c75d1f555,2020-10-29,026890,디피씨,KOSPI,baseline,opening_gapdown_v1,-2.9556650246305383,9850.0,10050.0,2.0304568527918843,0.5345685279187817,1.4958883248731025,3.0456852791878264,-1.0152284263959421,True,True,True,False,25.903059658145835
2f2df392a844b7d3,2020-11-02,008350,남선알미늄,KOSPI,baseline,opening_gapdown_v1,-2.154626108998736,3860.0,4025.0,4.2746113989637236,0.6186010362694301,3.6560103626942935,4.404145077720201,0.0,True,True,False,False,22.153087525645006
188da727c43cee37,2020-11-04,084990,헬릭스미스,KOSDAQ,baseline,opening_gapdown_v1,-4.010025062656641,19150.0,20000.0,4.438642297650142,0.3866579634464752,4.0519843342036665,6.5274151436031325,-0.5221932114882533,True,True,False,False,27.40562419997454
4792c488559caaf9,2020-11-13,068940,아이씨케이,KOSDAQ,baseline,opening_gapdown_v1,-2.0979020979020935,3500.0,3390.0,-3.1428571428571472,0.6585714285714286,-3.801428571428576,0.7142857142857117,-4.714285714285715,False,False,True,True,28.942557777677365
40d41337ef29b966,2020-12-08,228760,지노믹트리,KOSDAQ,baseline,opening_gapdown_v1,-6.666666666666665,14000.0,14000.0,0.0,0.4442857142857143,-0.4442857142857143,6.071428571428572,-1.4285714285714235,True,True,True,False,28.1557545795542
acabefa8ede8798b,2020-12-16,110020,전진바이오팜,KOSDAQ,baseline,opening_gapdown_v1,-3.4653465346534684,7800.0,7760.0,-0.512820512820511,0.6146153846153847,-1.1274358974358956,1.9230769230769162,-4.358974358974354,True,False,True,True,19.740091540938593
1fb1c460229cb667,2020-12-24,141070,맥스로텍,KOSDAQ,baseline,opening_gapdown_v1,-3.92749244712991,1590.0,1605.0,0.9433962264151052,0.4186792452830189,0.5247169811320863,11.949685534591193,-0.3144654088050314,True,True,False,False,28.512037087757392
94385b44b5f02eda,2020-12-24,134060,이퓨쳐,KOSDAQ,baseline,opening_gapdown_v1,-3.0526315789473735,9210.0,8330.0,-9.554831704668842,0.5557328990228013,-10.110564603691644,3.148751357220414,-12.703583061889246,True,True,True,True,29.275442481045886
1a1b98f3eaa87578,2020-12-24,084650,랩지노믹스,KOSDAQ,baseline,opening_gapdown_v1,-2.1857923497267784,17900.0,18450.0,3.0726256983240274,0.3975977653631285,2.675027932960899,5.865921787709505,-0.27932960893854997,True,True,False,False,28.159310342935257
6abb1e7c9c885d61,2020-12-28,305090,마이크로디지탈,KOSDAQ,baseline,opening_gapdown_v1,-7.670454545454541,16250.0,16300.0,0.3076923076922977,0.4146153846153846,-0.10692307692308689,8.615384615384624,-1.538461538461533,True,True,True,False,25.940357721764073
10a79fbd668ea05c,2021-01-18,271980,제일약품,KOSPI,baseline,opening_gapdown_v1,-3.1481481481481444,52300.0,52100.0,-0.3824091778202643,0.8036137667304015,-1.1860229445506658,3.632887189292533,-1.5296367112810683,True,True,True,False,29.37051234107267
ff6cb31459c60a1b,2021-01-28,101140,인바이오젠,KOSPI,baseline,opening_gapdown_v1,-3.470437017994854,3755.0,3735.0,-0.5326231691078598,0.6294673768308922,-1.162090545938752,2.3968042609853635,-0.7989347536617841,True,True,False,False,27.177161684931093
e373074a72329728,2021-01-28,115450,지트리비앤티,KOSDAQ,baseline,opening_gapdown_v1,-2.428256070640178,22100.0,22200.0,0.4524886877828038,0.9087330316742082,-0.45624434389140434,7.239819004524883,-1.8099547511312264,True,True,True,False,29.969382088685265
c839b863f1c3183a,2021-01-28,140410,메지온,KOSDAQ,baseline,opening_gapdown_v1,-2.4199288256227747,137100.0,135600.0,-1.094091903719907,0.4488183807439825,-1.5429102844638896,1.604668125455877,-2.334062727935815,True,False,True,True,28.79273110766694
b1541ff8c8d475a8,2021-02-01,150840,인트로메딕,KOSDAQ,baseline,opening_gapdown_v1,-3.289473684210531,2205.0,2330.0,5.668934240362811,0.9102721088435374,4.758662131519273,10.20408163265305,-3.401360544217691,True,True,True,True,24.29134383570991
8e64c864d932aa3e,2021-02-01,950200,소마젠(Reg.S),KOSDAQ,baseline,opening_gapdown_v1,-3.1746031746031744,12200.0,12600.0,3.2786885245901676,0.47590163934426233,2.8027868852459052,4.508196721311486,-3.2786885245901676,True,True,True,True,29.421423889756227
7c8ae6fbf7d42d3f,2021-02-01,005690,파미셀,KOSPI,baseline,opening_gapdown_v1,-2.777777777777779,14000.0,15150.0,8.214285714285708,0.4442857142857143,7.769999999999994,8.214285714285708,0.0,True,True,False,False,26.631509696924354
bb30a497de61fcbc,2021-02-04,099410,동방선기,KOSDAQ,baseline,opening_gapdown_v1,-8.525345622119819,1985.0,1915.0,-3.5264483627204024,0.38113350125944584,-3.907581863979848,4.282115869017633,-5.5415617128463435,True,True,True,True,25.828179440492022
e0b506353481748a,2021-02-10,033540,파라텍,KOSDAQ,baseline,opening_gapdown_v1,-8.666666666666668,8220.0,8730.0,6.204379562043805,0.594963503649635,5.60941605839417,8.88077858880778,-3.5279805352798066,True,True,True,True,26.75934863796104
b8ce93c5291d8bc1,2021-02-10,007390,네이처셀,KOSDAQ,baseline,opening_gapdown_v1,-2.1329987452948562,7800.0,8250.0,5.769230769230771,0.6146153846153847,5.154615384615386,5.769230769230771,-0.38461538461538325,True,True,False,False,20.74401868304335
80d75880ff696526,2021-02-15,307280,원바이오젠,KOSDAQ,baseline,opening_gapdown_v1,-2.6022304832713727,2620.0,2480.0,-5.343511450381677,0.8025190839694656,-6.1460305343511425,0.7633587786259444,-7.061068702290074,False,False,True,True,29.433038754306494
1a4b1bb700b69780,2021-02-17,043200,파루,KOSDAQ,baseline,opening_gapdown_v1,-6.784660766961648,1580.0,1520.0,-3.797468354430378,0.419873417721519,-4.217341772151896,4.430379746835444,-5.063291139240511,True,True,True,True,12.059154520944958
21851dd6bf45a107,2021-02-17,028300,에이치엘비,KOSDAQ,baseline,opening_gapdown_v1,-2.1052631578947323,65100.0,62500.0,-3.9938556067588338,0.6908294930875576,-4.684685099846392,9.062980030721967,-5.990783410138246,True,True,True,True,19.543379658741415
d7bf49697782ec2d,2021-02-23,131220,대한과학,KOSDAQ,baseline,opening_gapdown_v1,-2.970297029702973,14700.0,15100.0,2.7210884353741527,0.4340816326530612,2.2870068027210912,5.442176870748305,0.0,True,True,False,False,29.397571802086134
2bb72e707f97a320,2021-02-23,067630,에이치엘비생명과학,KOSDAQ,baseline,opening_gapdown_v1,-2.4169184290030232,16150.0,15650.0,-3.095975232198145,0.41575851393188856,-3.5117337461300333,0.3095975232198178,-4.024767801857587,False,False,True,True,27.301862261331564
3b9ff3a53b33e314,2021-02-23,115450,지트리비앤티,KOSDAQ,baseline,opening_gapdown_v1,-2.3188405797101463,16850.0,18200.0,8.01186943620178,0.40804154302670625,7.603827893175073,11.275964391691385,-5.341246290801182,True,True,True,True,26.609736909319096
f5f161bd5c8cae33,2021-02-25,095270,웨이브일렉트로,KOSDAQ,baseline,opening_gapdown_v1,-2.7210884353741527,2860.0,2835.0,-0.8741258741258751,0.7544755244755245,-1.6286013986013996,1.3986013986013957,-9.790209790209792,True,False,True,True,17.437673615336195
0e24b230958a4014,2021-02-26,091090,세원셀론텍,KOSPI,baseline,opening_gapdown_v1,-3.9301310043668103,2200.0,2105.0,-4.318181818181821,0.9118181818181817,-5.230000000000003,0.6818181818181834,-4.545454545454541,False,False,True,True,28.42230838741513
3892b5fdf4b3bf19,2021-02-26,068330,일신바이오,KOSDAQ,baseline,opening_gapdown_v1,-3.809523809523807,6060.0,6120.0,0.990099009900991,0.725049504950495,0.26504950495049595,2.4752475247524774,-0.4950495049504955,True,True,False,False,29.483679839158555
879a619c1699548a,2021-02-26,218410,RFHIC,KOSDAQ,baseline,opening_gapdown_v1,-3.57142857142857,36450.0,37900.0,3.978052126200282,0.641522633744856,3.3365294924554263,6.172839506172845,-2.0576131687242816,True,True,True,True,29.385688663357243
7915d178ca41a331,2021-03-03,065680,우주일렉트로,KOSDAQ,baseline,opening_gapdown_v1,-2.9880478087649376,24350.0,24850.0,2.053388090349073,0.8460164271047228,1.2073716632443503,2.6694045174537884,-0.2053388090349051,True,True,False,False,29.262925059193833
45df9859ef7e8159,2021-03-04,012600,센트럴인사이트,KOSPI,baseline,opening_gapdown_v1,-4.625000000000002,7630.0,7260.0,-4.849279161205766,0.6231847968545215,-5.472463958060287,4.849279161205766,-5.897771952817821,True,True,True,True,25.42605719274829
908cc89113fef03d,2021-03-04,096530,씨젠,KOSDAQ,baseline,opening_gapdown_v1,-2.5700934579439227,125100.0,126400.0,1.0391686650679466,0.4698081534772182,0.5693605115907283,2.078337330135893,-1.918465227817745,True,True,True,False,29.670481676218714
cd46c751f242beed,2021-03-05,100090,삼강엠앤티,KOSDAQ,baseline,opening_gapdown_v1,-2.547770700636942,15300.0,15300.0,0.0,0.426078431372549,-0.426078431372549,0.9803921568627416,-3.5947712418300637,False,False,True,True,28.31767651629825
e67ceb9a479520f3,2021-03-05,285130,SK케미칼,KOSPI,baseline,opening_gapdown_v1,-2.377179080824088,308000.0,315000.0,2.2727272727272707,0.717012987012987,1.5557142857142838,4.545454545454541,-1.461038961038963,True,True,True,False,28.879839471514018
1f8abb76060be8ef,2021-03-05,227950,엔투텍,KOSDAQ,baseline,opening_gapdown_v1,-2.164502164502169,2260.0,2280.0,0.8849557522123908,0.893716814159292,-0.008761061946901294,1.7699115044247815,-1.5486725663716783,True,False,True,False,25.533231169904838
fdb0b56a845063fa,2021-03-08,091090,세원셀론텍,KOSPI,baseline,opening_gapdown_v1,-2.2900763358778664,1920.0,1840.0,-4.1666666666666625,0.38625,-4.552916666666663,0.0,-6.5104166666666625,False,False,True,True,22.57042985591491
f69703d661206364,2021-03-09,009900,명신산업,KOSPI,baseline,opening_gapdown_v1,-2.3575638506876273,24850.0,25900.0,4.225352112676051,0.8336217303822937,3.391730382293757,6.23742454728371,-3.420523138832998,True,True,True,True,29.083582095678594
cf5d0a36bc42865a,2021-03-09,101490,에스앤에스텍,KOSDAQ,baseline,opening_gapdown_v1,-2.187499999999998,31300.0,31300.0,0.0,0.7092332268370607,-0.7092332268370607,1.437699680511173,-3.0351437699680517,True,False,True,True,26.73229941506048
1404df1604540e3d,2021-03-09,089790,제이티,KOSDAQ,baseline,opening_gapdown_v1,-2.0330368487928796,7710.0,7850.0,1.8158236057068677,0.6191050583657588,1.196718547341109,3.2425421530480003,-3.5019455252918275,True,True,True,True,28.494459156333335
be01993d400ba5f8,2021-03-10,012600,센트럴인사이트,KOSPI,baseline,opening_gapdown_v1,-4.347826086956519,6820.0,5000.0,-26.68621700879765,0.6698826979472141,-27.356099706744864,0.0,-26.68621700879765,False,False,True,True,25.582372320721177
dac096e7fcbb0024,2021-03-10,053030,바이넥스,KOSDAQ,baseline,opening_gapdown_v1,-3.2163742690058506,16550.0,16250.0,-1.8126888217522619,0.4112688821752266,-2.2239577039274883,11.480362537764343,-6.344410876132933,True,True,True,True,27.928435758628382
0cdf4586d3579a06,2021-03-11,012600,센트럴인사이트,KOSPI,baseline,opening_gapdown_v1,-12.8,4360.0,3910.0,-10.321100917431192,0.5740366972477065,-10.895137614678898,13.761467889908264,-17.201834862385322,True,True,True,True,15.542478775852345
9be4d1161ca51302,2021-03-11,249420,일동제약,KOSPI,baseline,opening_gapdown_v1,-5.000000000000004,15200.0,15750.0,3.6184210526315708,0.4273684210526316,3.1910526315789394,6.578947368421062,-1.6447368421052655,True,True,True,False,28.751776476927418
06c18a578b1e0391,2021-03-11,950130,엑세스바이오,KOSDAQ,baseline,opening_gapdown_v1,-2.508960573476704,13600.0,14150.0,4.044117647058831,0.4505882352941176,3.5935294117647136,5.147058823529416,-2.941176470588236,True,True,True,True,24.547989667756866
a5e7b5676db07cd8,2021-03-17,012600,센트럴인사이트,KOSPI,baseline,opening_gapdown_v1,-3.7138927097661645,3500.0,2975.0,-15.000000000000002,0.6585714285714286,-15.658571428571431,1.4285714285714235,-15.000000000000002,True,False,True,True,12.132772905845542
8e8868a75dcd47e8,2021-03-18,012600,센트럴인사이트,KOSPI,baseline,opening_gapdown_v1,-4.201680672268903,2850.0,3325.0,16.666666666666675,0.7563157894736842,15.910350877192991,25.43859649122806,-5.6140350877192935,True,True,True,True,10.666135005079823
cc68d2c58891ea78,2021-03-18,073190,듀오백,KOSDAQ,baseline,opening_gapdown_v1,-2.5341130604288553,5000.0,4625.0,-7.499999999999996,0.83,-8.329999999999995,0.0,-13.4,False,False,True,True,27.09098200254101
263d04823b8a8e49,2021-03-19,244460,올리패스,KOSDAQ,baseline,opening_gapdown_v1,-2.4539877300613466,15900.0,16200.0,1.8867924528301883,0.4186792452830189,1.4681132075471695,3.4591194968553562,-0.3144654088050314,True,True,False,False,29.961420414966724
c1d35dda3cd651d1,2021-03-19,043200,파루,KOSDAQ,baseline,opening_gapdown_v1,-2.083333333333337,1410.0,1435.0,1.773049645390068,0.4427659574468085,1.3302836879432594,2.4822695035461084,-0.7092198581560294,True,True,False,False,27.04378555247783
9b47d7fbf27bd754,2021-03-24,025620,제이준코스메틱,KOSPI,baseline,opening_gapdown_v1,-4.335260115606932,1655.0,1610.0,-2.7190332326283984,0.4112688821752266,-3.1303021148036247,3.0211480362537735,-6.9486404833836835,True,True,True,True,17.244777279004154
a8e7bcbd6c7726c0,2021-03-24,099520,ITX-AI,KOSDAQ,baseline,opening_gapdown_v1,-3.731343283582089,1290.0,1405.0,8.914728682170537,0.4625581395348837,8.452170542635653,27.13178294573644,-6.5891472868217065,True,True,True,True,23.671865200355768
ba6ab426505f0e2e,2021-03-24,038060,루멘스,KOSDAQ,baseline,opening_gapdown_v1,-3.11804008908686,2175.0,1700.0,-21.83908045977011,0.9196551724137931,-22.758735632183903,0.9195402298850519,-23.678160919540225,False,False,True,True,26.18615980709616
2d04290b91873dbc,2021-03-26,038060,루멘스,KOSDAQ,baseline,opening_gapdown_v1,-2.9333333333333322,1820.0,1740.0,-4.395604395604391,0.39483516483516484,-4.790439560439555,0.5494505494505475,-10.439560439560436,False,False,True,True,25.963839319096238
f0e78e0fbac363d7,2021-03-26,012600,센트럴인사이트,KOSPI,baseline,opening_gapdown_v1,-2.011494252873558,3410.0,3005.0,-11.87683284457478,0.6698826979472141,-12.546715542521994,0.5865102639296182,-16.129032258064512,False,False,True,True,27.246120004098188
9293c477ca5eef87,2021-03-29,012600,센트럴인사이트,KOSPI,baseline,opening_gapdown_v1,-23.46089850249584,2300.0,2105.0,-8.478260869565213,0.8821739130434783,-9.360434782608692,23.913043478260864,-8.478260869565213,True,True,True,True,24.93853530528341
41f22cc46b85e389,2021-03-29,053450,세코닉스,KOSDAQ,baseline,opening_gapdown_v1,-2.6521060842433664,6240.0,5950.0,-4.6474358974358925,0.7107692307692308,-5.358205128205123,0.0,-6.891025641025639,False,False,True,True,28.22485802910191
81189de0f98de8b6,2021-03-31,038060,루멘스,KOSDAQ,baseline,opening_gapdown_v1,-6.686046511627907,1605.0,1535.0,-4.361370716510904,0.4169158878504673,-4.778286604361371,4.672897196261672,-7.788161993769471,True,True,True,True,23.336432969227204
3d2d354ecdac8cea,2021-04-29,064510,에코마이스터,KOSDAQ,baseline,opening_gapdown_v1,-3.58744394618834,1075.0,1070.0,-0.46511627906976605,0.5090697674418605,-0.9741860465116265,6.976744186046502,-4.651162790697672,True,True,True,True,27.090881316052133
e9f337d19f83a03b,2021-05-03,019490,하이트론,KOSPI,baseline,opening_gapdown_v1,-11.126373626373631,6470.0,6210.0,-4.0185471406491535,0.6936785162287481,-4.7122256568779015,9.891808346213281,-4.327666151468312,True,True,True,True,29.713743577660807
a3f8e32cf2142880,2021-05-03,182400,엔케이맥스,KOSDAQ,baseline,opening_gapdown_v1,-3.194888178913735,15150.0,14950.0,-1.320132013201325,0.42801980198019807,-1.7481518151815232,4.62046204620461,-2.970297029702973,True,True,True,True,25.76836032153996
a06eb6321acd0b2d,2021-05-03,030790,비케이탑스,KOSPI,baseline,opening_gapdown_v1,-2.5274725274725296,8870.0,8710.0,-1.8038331454340528,0.5682187147688839,-2.372051860202937,2.5930101465614364,-2.2547914317925577,True,True,True,True,29.83670285360614
e903c1e7f0283491,2021-05-04,348210,넥스틴,KOSDAQ,baseline,opening_gapdown_v1,-2.684563758389258,58000.0,60700.0,4.655172413793096,0.7472413793103448,3.9079310344827514,5.000000000000004,-2.931034482758621,True,True,True,True,26.44967998741376
bbc0e428efdbe2d2,2021-05-04,088800,에이스테크,KOSDAQ,baseline,opening_gapdown_v1,-2.547770700636942,15300.0,16100.0,5.228758169934644,0.426078431372549,4.802679738562095,7.516339869281041,-1.6339869281045805,True,True,True,False,21.231755045776907
b6f8e8ffd4a37d60,2021-05-04,268600,셀리버리,KOSDAQ,baseline,opening_gapdown_v1,-2.483900643974246,106000.0,113000.0,6.60377358490567,0.5130188679245283,6.090754716981142,9.433962264150942,-3.7735849056603765,True,True,True,True,28.520148014705654
065769eb3a9142d9,2021-05-11,094170,동운아나텍,KOSDAQ,baseline,opening_gapdown_v1,-3.2298136645962705,7790.0,6810.0,-12.58023106546855,0.6151091142490372,-13.195340179717586,0.38510911424902705,-13.093709884467264,False,False,True,True,25.903514433125025
7a17900e78b479fe,2021-05-11,088800,에이스테크,KOSDAQ,baseline,opening_gapdown_v1,-2.127659574468088,16100.0,15800.0,-1.8633540372670843,0.4163354037267081,-2.2796894409937924,0.9316770186335477,-1.8633540372670843,False,False,True,False,29.977735451299665
0a22f1a9daab97d8,2021-05-13,131390,원익피앤이,KOSDAQ,baseline,opening_gapdown_v1,-3.626943005181349,18600.0,18800.0,1.0752688172043001,0.39129032258064517,0.6839784946236549,3.2258064516129004,-0.5376344086021501,True,True,False,False,28.101075210513912
d54505a3ab135937,2021-05-13,126340,비나텍,KOSDAQ,baseline,opening_gapdown_v1,-3.125,35650.0,35400.0,-0.7012622720897643,0.6507573632538569,-1.3520196353436211,4.488078541374474,-1.5427769985974726,True,True,True,False,23.66792120000828
993b3ac75f3b2317,2021-05-13,000660,SK하이닉스,KOSPI,baseline,opening_gapdown_v1,-2.9288702928870314,116000.0,117500.0,1.2931034482758674,0.48862068965517247,0.804482758620695,2.155172413793105,-0.4310344827586188,True,True,False,False,29.671857901800692
f3f12d1acb65c8cc,2021-05-20,139670,키네마스터,KOSDAQ,baseline,opening_gapdown_v1,-17.14285714285714,23200.0,22450.0,-3.2327586206896575,0.876551724137931,-4.1093103448275885,5.81896551724137,-8.405172413793105,True,True,True,True,16.59623228514552
242699acb63970a7,2021-05-20,064260,다날,KOSDAQ,baseline,opening_gapdown_v1,-2.322206095791002,6730.0,6790.0,0.8915304606240682,0.6757652303120356,0.21576523031203254,3.268945022288272,-1.0401188707280795,True,True,True,False,28.957732175400153
6ac2a9dc9d272471,2021-05-24,322310,오로스테크놀로지,KOSDAQ,baseline,opening_gapdown_v1,-7.78097982708934,32000.0,31900.0,-0.31250000000000444,0.69875,-1.0112500000000044,5.312500000000009,-2.34375,True,True,True,True,27.879886994923197
42158fc867a29bea,2021-05-24,036090,위지트,KOSDAQ,baseline,opening_gapdown_v1,-3.436426116838487,1405.0,1430.0,1.7793594306049876,0.4435231316725979,1.3358362989323898,2.8469750889679624,-1.4234875444839812,True,True,True,False,28.694256292073476
c5d97b1f84fa12be,2021-05-24,156100,엘앤케이바이오,KOSDAQ,baseline,opening_gapdown_v1,-2.3640661938534313,20650.0,21850.0,5.811138014527839,0.9563922518159806,4.854745762711858,7.2639225181598155,-5.56900726392252,True,True,True,True,20.705652868469343
458d8afe9001bea3,2021-05-28,094860,네오리진,KOSDAQ,baseline,opening_gapdown_v1,-4.268292682926833,1570.0,1780.0,13.375796178343947,0.42108280254777075,12.954713375796176,17.834394904458595,-0.31847133757961776,True,True,False,False,25.867641754964268
c2d9524004a8e833,2021-06-04,156100,엘앤케이바이오,KOSDAQ,baseline,opening_gapdown_v1,-2.506265664160401,19450.0,19600.0,0.7712082262210762,0.38424164524421595,0.38696658097686026,4.884318766066831,-0.25706940874036244,True,True,False,False,28.960731856412963
d66fbb20a075855b,2021-06-25,121850,코이즈,KOSDAQ,baseline,opening_gapdown_v1,-4.027777777777775,3455.0,3680.0,6.512301013024602,0.6641534008683069,5.8481476121562945,11.432706222865407,-2.026049204052094,True,True,True,True,28.229874241369117
3fd227870ad410eb,2021-07-02,221610,자안바이오,KOSDAQ,baseline,opening_gapdown_v1,-11.31639722863741,7680.0,7400.0,-3.645833333333337,0.620625,-4.266458333333337,27.34375,-8.59375,True,True,True,True,17.020032306477702
dfa4021b6b500272,2021-07-02,219550,자안코스메틱,KOSDAQ,baseline,opening_gapdown_v1,-4.7186932849364815,5250.0,5600.0,6.666666666666665,0.8014285714285714,5.865238095238094,28.57142857142858,-5.9047619047619015,True,True,True,True,11.997941769058215
6ffa77ddc49c7810,2021-07-05,221610,자안바이오,KOSDAQ,baseline,opening_gapdown_v1,-4.054054054054057,7100.0,7170.0,0.9859154929577452,0.6525352112676056,0.33338028169013956,11.9718309859155,-0.14084507042253502,True,True,False,False,14.044304804811418
d35752bb0991e299,2021-07-09,053160,프리엠스,KOSDAQ,baseline,opening_gapdown_v1,-2.644230769230771,20250.0,21650.0,6.913580246913575,0.9707407407407408,5.9428395061728345,6.913580246913575,0.0,True,True,False,False,29.256492794146737
18f38e7ce25ccea2,2021-07-20,047040,대우건설,KOSPI,baseline,opening_gapdown_v1,-3.221288515406162,6910.0,7210.0,4.341534008683068,0.6641534008683069,3.677380607814761,4.630969609261948,0.0,True,True,False,False,28.945642141384738
df52ef3642fa0aeb,2021-07-20,058110,멕아이씨에스,KOSDAQ,baseline,opening_gapdown_v1,-2.583025830258301,13200.0,13400.0,1.5151515151515138,0.4572727272727273,1.0578787878787865,3.409090909090917,0.0,True,True,False,False,29.246617157817184
53b21bbcd93c6628,2021-07-29,241820,피씨엘,KOSDAQ,baseline,opening_gapdown_v1,-3.0439684329199523,43000.0,54900.0,27.674418604651162,0.5788372093023256,27.095581395348837,32.558139534883715,-1.1627906976744207,True,True,True,False,27.769998392912115
9de1a4f89877e029,2021-08-09,221610,자안바이오,KOSDAQ,baseline,opening_gapdown_v1,-2.5227043390514625,4830.0,4405.0,-8.7991718426501,0.5405590062111801,-9.339730848861281,2.1739130434782705,-8.902691511387161,True,True,True,True,26.59755310445101
fadd014d632544b5,2021-08-12,000660,SK하이닉스,KOSPI,baseline,opening_gapdown_v1,-3.3175355450236976,102000.0,100500.0,-1.4705882352941124,0.5241176470588236,-1.994705882352936,1.9607843137254832,-2.1568627450980427,True,False,True,True,28.667138899632292
c5f45871bd95b826,2021-08-12,006660,삼성공조,KOSPI,baseline,opening_gapdown_v1,-2.450980392156865,19900.0,19750.0,-0.7537688442211032,0.3807537688442211,-1.1345226130653243,2.261306532663321,-3.5175879396984966,True,True,True,True,23.474667596944442
d96ccfa766f626b8,2021-08-13,268600,셀리버리,KOSDAQ,baseline,opening_gapdown_v1,-2.4390243902439046,72000.0,77300.0,7.361111111111107,0.6466666666666667,6.714444444444441,15.694444444444455,-1.1111111111111072,True,True,True,False,25.18520693282038
bb13fdc5005d735d,2021-08-17,019490,하이트론,KOSPI,baseline,opening_gapdown_v1,-6.691449814126393,5020.0,4075.0,-18.824701195219127,0.827609561752988,-19.652310756972117,8.16733067729083,-18.924302788844628,True,True,True,True,21.890111747853197
f7d2c99c036f6e67,2021-08-17,207760,미스터블루,KOSDAQ,baseline,opening_gapdown_v1,-4.374364191251267,9400.0,8840.0,-5.957446808510635,0.5491489361702128,-6.5065957446808484,0.5319148936170137,-7.446808510638303,False,False,True,True,26.938925602442282
3fb98d73ef7c97cf,2021-08-17,080220,제주반도체,KOSDAQ,baseline,opening_gapdown_v1,-3.165735567970207,5200.0,5020.0,-3.4615384615384603,0.806923076923077,-4.268461538461537,2.8846153846153744,-3.8461538461538436,True,True,True,True,25.62611752378848
450b3257dd212ba0,2021-08-18,004980,성신양회,KOSPI,baseline,opening_gapdown_v1,-5.288461538461542,9850.0,10050.0,2.0304568527918843,0.5345685279187817,1.4958883248731025,3.5532994923857864,-0.10152284263958977,True,True,False,False,26.21419778262465
bc31d6a7adf4c0be,2021-08-18,108230,톱텍,KOSDAQ,baseline,opening_gapdown_v1,-4.313725490196074,9760.0,10200.0,4.508196721311486,0.5373770491803279,3.970819672131158,5.020491803278682,-0.4098360655737654,True,True,False,False,17.53494052693378
30d4350dabb16ff1,2021-08-18,053590,한국테크놀로지,KOSDAQ,baseline,opening_gapdown_v1,-4.29184549356223,1115.0,1200.0,7.623318385650224,0.49905829596412554,7.124260089686098,8.968609865470857,0.0,True,True,False,False,29.553405444500612
99c299afa6728568,2021-08-19,005320,국동,KOSPI,baseline,opening_gapdown_v1,-3.9399624765478425,2560.0,2500.0,-2.34375,0.8159375,-3.1596875,7.8125,-5.078125,True,True,True,True,26.25102333399589
cebdccc6cfe013ed,2021-08-19,086980,쇼박스,KOSDAQ,baseline,opening_gapdown_v1,-3.209242618741981,3770.0,3670.0,-2.652519893899208,0.6278779840848806,-3.2803978779840883,5.305039787798416,-4.244031830238725,True,True,True,True,27.091618249386286
7058d57506912bb0,2021-08-19,017550,수산중공업,KOSPI,baseline,opening_gapdown_v1,-2.5487256371814038,3250.0,3150.0,-3.076923076923077,0.6915384615384615,-3.7684615384615388,3.6923076923076836,-3.076923076923077,True,True,True,True,26.18390303096878
f2b241d5c758f70a,2021-08-23,072770,율호,KOSDAQ,baseline,opening_gapdown_v1,-5.361305361305357,2030.0,1965.0,-3.2019704433497553,0.9689162561576354,-4.170886699507391,1.724137931034475,-9.852216748768472,True,False,True,True,18.62137988033831
b0e28b0ef6dc72fa,2021-08-23,154040,솔루에타,KOSDAQ,baseline,opening_gapdown_v1,-2.3372287145242088,2925.0,3010.0,2.9059829059828957,0.7428205128205128,2.163162393162383,5.470085470085473,-0.17094017094017033,True,True,False,False,11.852003582393706
c4f999b81269ee18,2021-08-27,065440,이루온,KOSDAQ,baseline,opening_gapdown_v1,-2.786377708978327,3140.0,3030.0,-3.5031847133757954,0.7077070063694267,-4.210891719745222,1.5923566878981,-4.299363057324845,True,False,True,True,29.826556003514852
f5f699cac72d1750,2021-09-06,136510,쎄미시스코,KOSDAQ,baseline,opening_gapdown_v1,-2.0000000000000018,24500.0,25350.0,3.469387755102038,0.8422448979591837,2.6271428571428546,6.734693877551012,-1.8367346938775508,True,True,True,False,27.053103641098744
d4ca2ae9996f5aa8,2021-09-10,042040,케이피엠테크,KOSDAQ,baseline,opening_gapdown_v1,-2.631578947368418,1665.0,1715.0,3.003003003003002,0.4101801801801802,2.592822822822822,6.606606606606613,-2.4024024024024038,True,True,True,True,17.730848591228096
e244e3edb15c674d,2021-09-13,042670,두산인프라코어,KOSPI,baseline,opening_gapdown_v1,-9.864253393665157,9960.0,10400.0,4.417670682730934,0.5312048192771085,3.8864658634538256,6.425702811244971,-0.6024096385542133,True,True,False,False,25.49749743672875
f0a41a877be034e9,2021-09-13,035720,카카오,KOSPI,baseline,opening_gapdown_v1,-2.692307692307694,126500.0,124500.0,-1.5810276679841917,0.4671541501976285,-2.04818181818182,2.7667984189723382,-3.1620553359683834,True,True,True,True,29.906279505238018
db4475d072ef52a4,2021-09-13,042040,케이피엠테크,KOSDAQ,baseline,opening_gapdown_v1,-2.3323615160349864,1675.0,1600.0,-4.477611940298509,0.4091044776119403,-4.886716417910449,0.8955223880596996,-11.044776119402988,False,False,True,True,17.992579458070793
66ef86f3f57ced95,2021-09-23,035720,카카오,KOSPI,baseline,opening_gapdown_v1,-2.5104602510460206,116500.0,115000.0,-1.2875536480686733,0.4875107296137339,-1.775064377682407,1.2875536480686733,-2.145922746781115,True,False,True,True,23.43429978948086
556d31231b05c1a3,2021-09-23,090430,아모레퍼시픽,KOSPI,baseline,opening_gapdown_v1,-2.1052631578947323,186000.0,189500.0,1.8817204301075252,0.39129032258064517,1.49043010752688,2.4193548387096753,-0.5376344086021501,True,True,False,False,25.662584541098198
733681f716ebc906,2021-09-27,042040,케이피엠테크,KOSDAQ,baseline,opening_gapdown_v1,-2.5078369905956133,1555.0,1500.0,-3.5369774919614128,0.42292604501607717,-3.9599035369774898,0.6430868167202508,-4.180064308681675,False,False,True,True,25.136985419491978
c202e459525e09d2,2021-09-29,074600,원익QnC,KOSDAQ,baseline,opening_gapdown_v1,-4.175365344467641,22950.0,24000.0,4.575163398692816,0.8835947712418301,3.6915686274509865,4.575163398692816,-0.6535947712418277,True,True,False,False,27.186220842125252
ceb009e2ab2e53e0,2021-09-29,078150,HB테크놀러지,KOSDAQ,baseline,opening_gapdown_v1,-4.123711340206182,2325.0,2345.0,0.8602150537634357,0.8751612903225806,-0.014946236559144954,3.010752688172036,-0.21505376344086446,True,True,False,False,27.1677369205255
8086a8a7b51b75d6,2021-09-29,131400,이브이첨단소재,KOSDAQ,baseline,opening_gapdown_v1,-3.9682539682539653,1815.0,1845.0,1.6528925619834656,0.3952892561983471,1.2576033057851186,4.958677685950419,0.0,True,True,False,False,25.58550010132781
b87d96bf3ed9c37b,2021-09-30,030790,비케이탑스,KOSPI,baseline,opening_gapdown_v1,-4.347826086956519,4400.0,4155.0,-5.568181818181817,0.5709090909090909,-6.139090909090908,0.5681818181818121,-8.977272727272723,False,False,True,True,19.743339502230896
6159932e10053c4d,2021-10-01,011200,HMM,KOSPI,baseline,opening_gapdown_v1,-3.5608308605341255,32500.0,31800.0,-2.1538461538461506,0.6915384615384615,-2.8453846153846123,5.692307692307685,-3.8461538461538436,True,True,True,True,26.127825721600885
31d16aad8fce3bc6,2021-10-01,019170,신풍제약,KOSPI,baseline,opening_gapdown_v1,-2.622377622377625,55700.0,57600.0,3.411131059245953,0.7685996409335727,2.6425314183123803,5.565529622980248,0.0,True,True,False,False,25.63461532773225
7f17599d5dac4cf2,2021-10-01,069620,대웅제약,KOSPI,baseline,opening_gapdown_v1,-2.0618556701030966,142500.0,143000.0,0.35087719298245723,0.44052631578947365,-0.08964912280701642,1.0526315789473717,-1.0526315789473717,True,False,True,False,29.369617162847874
6d18bc5d4a729910,2021-10-05,001360,삼성제약,KOSPI,baseline,opening_gapdown_v1,-6.25,6000.0,6090.0,1.4999999999999902,0.73,0.7699999999999902,3.833333333333333,0.0,True,True,False,False,29.800696975052816
9e427cf98118a344,2021-10-05,299660,셀리드,KOSDAQ,baseline,opening_gapdown_v1,-4.59363957597173,81000.0,73400.0,-9.382716049382712,0.6003703703703704,-9.983086419753082,2.0987654320987703,-17.777777777777782,True,True,True,True,27.240655369934984
9df7fc816879fc02,2021-10-05,161390,한국타이어앤테크놀로지,KOSPI,baseline,opening_gapdown_v1,-3.4939759036144546,40050.0,41500.0,3.6204744069912698,0.6045318352059925,3.0159425717852772,5.118601747815221,0.0,True,True,False,False,27.369376692139113
c73fc93ea7e15605,2021-10-06,120240,대정화금,KOSDAQ,baseline,opening_gapdown_v1,-4.112554112554112,22150.0,21300.0,-3.8374717832957095,0.9072009029345373,-4.744672686230246,6.5462753950338515,-3.8374717832957095,True,True,True,True,21.74686472584318
c6c146074a0368e7,2021-10-06,030790,비케이탑스,KOSPI,baseline,opening_gapdown_v1,-2.9268292682926855,3980.0,3795.0,-4.648241206030146,0.6068844221105527,-5.255125628140699,5.150753768844218,-4.899497487437188,True,True,True,True,17.627907377281815
4817314fd2ba873a,2021-10-08,245620,EDGC,KOSDAQ,baseline,opening_gapdown_v1,-3.0211480362537735,3210.0,3385.0,5.451713395638635,0.6972897196261681,4.754423676012467,5.451713395638635,0.0,True,True,False,False,27.68574802699007
475922d75176f83a,2021-10-12,258610,이더블유케이,KOSDAQ,baseline,opening_gapdown_v1,-4.0925266903914626,5390.0,5430.0,0.7421150278293043,0.7865862708719851,-0.0444712430426808,7.792207792207795,-7.513914656771803,True,True,True,True,21.940031467186657
5dcfa20718fdb3a0,2021-10-12,230360,에코마케팅,KOSDAQ,baseline,opening_gapdown_v1,-3.1088082901554404,18700.0,16600.0,-11.229946524064172,0.39042780748663103,-11.620374331550803,0.8021390374331583,-11.497326203208559,False,False,True,True,28.155160413923966
a28b37b79cabf86c,2021-10-12,020180,대신정보통신,KOSDAQ,baseline,opening_gapdown_v1,-2.5559105431309903,1525.0,1380.0,-9.50819672131148,0.4267213114754098,-9.93491803278689,0.9836065573770592,-9.836065573770492,False,False,True,True,28.797338263185978
31a405d6eaa8b0e5,2021-10-13,258610,이더블유케이,KOSDAQ,baseline,opening_gapdown_v1,-3.314917127071826,5250.0,5390.0,2.6666666666666616,0.8014285714285714,1.8652380952380903,6.666666666666665,0.0,True,True,False,False,20.975272828254788
be23cbdf3d0b0639,2021-10-13,041960,코미팜,KOSDAQ,baseline,opening_gapdown_v1,-2.5191675794085433,8900.0,9230.0,3.707865168539315,0.5670786516853933,3.1407865168539217,7.078651685393256,0.0,True,True,False,False,28.695062542355558
e99d77a7dcc47a92,2021-10-19,269620,시스웍,KOSDAQ,baseline,opening_gapdown_v1,-2.651515151515149,1285.0,1290.0,0.3891050583657574,0.4634630350194553,-0.07435797665369792,5.836575875486383,-3.891050583657585,True,True,True,True,25.465383507918503
1454ba4316333cd0,2021-11-08,039240,경남스틸,KOSDAQ,baseline,opening_gapdown_v1,-18.339768339768337,4230.0,4340.0,2.6004728132387633,0.5846099290780142,2.0158628841607493,9.57446808510638,-1.4184397163120588,True,True,True,False,28.352751399923918
cb0bd2fa22e50b0e,2021-11-08,019170,신풍제약,KOSPI,baseline,opening_gapdown_v1,-3.9000000000000035,48050.0,46450.0,-3.329864724245579,0.5421748178980229,-3.872039542143602,0.10405827263266776,-7.388137356919877,False,False,True,True,29.989009004020815
45c1cb9528e12b8f,2021-11-08,025550,한국선재,KOSDAQ,baseline,opening_gapdown_v1,-3.4810126582278444,4575.0,4505.0,-1.5300546448087426,0.5578688524590164,-2.087923497267759,2.076502732240426,-4.1530054644808745,True,True,True,True,26.277979613280635
7a0815c2dea206d3,2021-11-09,042040,케이피엠테크,KOSDAQ,baseline,opening_gapdown_v1,-5.882352941176472,1120.0,1205.0,7.589285714285721,0.4978571428571429,7.091428571428578,8.482142857142861,-0.44642857142856984,True,True,False,False,26.450636642901188
b70dc85d3462a88b,2021-11-09,019170,신풍제약,KOSPI,baseline,opening_gapdown_v1,-2.0452099031216364,45500.0,46100.0,1.318681318681314,0.5596703296703297,0.7590109890109843,4.615384615384621,-0.1098901098901095,True,True,False,False,25.13329656927779
f7dcb8850e40f251,2021-11-10,073570,WI,KOSDAQ,baseline,opening_gapdown_v1,-2.651515151515149,1285.0,1285.0,0.0,0.4634630350194553,-0.4634630350194553,2.7237354085603016,-9.33852140077821,True,True,True,True,28.520597795115677
db43881b77f9926d,2021-11-10,042040,케이피엠테크,KOSDAQ,baseline,opening_gapdown_v1,-2.4896265560165998,1175.0,1165.0,-0.8510638297872353,0.48531914893617023,-1.3363829787234054,2.553191489361706,-1.276595744680853,True,True,True,False,28.285288421417306
a57f52b01a366e27,2021-11-10,950210,프레스티지바이오파마,KOSPI,baseline,opening_gapdown_v1,-2.336448598130836,20900.0,20650.0,-1.1961722488038284,0.9477033492822966,-2.143875598086125,3.1100478468899517,-5.502392344497609,True,True,True,True,29.257302059711265
bcf79fff6bd84979,2021-11-11,145020,휴젤,KOSDAQ,baseline,opening_gapdown_v1,-4.4551062371487316,139400.0,130000.0,-6.743185078909608,0.4452080344332855,-7.188393113342894,2.223816355810615,-7.890961262553797,True,True,True,True,23.934333994613766
c3051c6aef8ef2cb,2021-11-11,073570,WI,KOSDAQ,baseline,opening_gapdown_v1,-2.7237354085603127,1250.0,1235.0,-1.200000000000001,0.47,-1.670000000000001,6.000000000000005,-4.0000000000000036,True,True,True,True,27.3025139748098
7dd44d314f9308e8,2021-11-11,010170,대한광통신,KOSDAQ,baseline,opening_gapdown_v1,-2.447552447552448,2790.0,2675.0,-4.121863799283155,0.7676344086021506,-4.889498207885305,2.3297491039426577,-5.017921146953408,True,True,True,True,27.404812224080516
91f03e13eb08c04d,2021-11-12,003580,넥스트사이언스,KOSPI,baseline,opening_gapdown_v1,-3.154574132492116,15350.0,16000.0,4.234527687296419,0.4254397394136808,3.809087947882738,6.84039087947883,-1.6286644951140072,True,True,True,False,28.74918188321658
063f218b8abb26e8,2021-11-19,073240,금호타이어,KOSPI,baseline,opening_gapdown_v1,-2.5959367945823875,4315.0,4420.0,2.4333719582850577,0.5776245654692932,1.8557473928157644,3.128621089223649,-1.1587485515643148,True,True,True,False,22.690768179500353
243a0af06854b5c3,2021-11-22,073240,금호타이어,KOSPI,baseline,opening_gapdown_v1,-3.167420814479638,4280.0,4445.0,3.855140186915884,0.5804672897196261,3.274672897196258,4.088785046728982,0.0,True,True,False,False,22.551587611892643
e46ea7780d970ee4,2021-11-23,073240,금호타이어,KOSPI,baseline,opening_gapdown_v1,-4.2744656917885315,4255.0,4375.0,2.820211515863691,0.5825264394829612,2.2376850763807297,4.700352526439477,0.0,True,True,False,False,23.809797871700212
352672114a6b3e12,2021-11-25,019170,신풍제약,KOSPI,baseline,opening_gapdown_v1,-2.3319615912208547,35600.0,31350.0,-11.93820224719101,0.6513483146067416,-12.58955056179775,0.8426966292134797,-15.02808988764045,False,False,True,True,22.821350369243007
0a2b5178463595f9,2021-11-29,091810,티웨이항공,KOSPI,baseline,opening_gapdown_v1,-11.949685534591193,2800.0,2955.0,5.535714285714288,0.7657142857142857,4.770000000000002,7.14285714285714,0.0,True,True,False,False,17.74721861426694
9c05c5b959b2d688,2021-11-29,298690,에어부산,KOSPI,baseline,opening_gapdown_v1,-9.27152317880795,2055.0,2150.0,4.622871046228716,0.95992700729927,3.662944038929446,8.029197080291972,0.0,True,True,False,False,25.460742596695795
0a8b4f42de2a3aed,2021-11-29,039130,하나투어,KOSPI,baseline,opening_gapdown_v1,-9.02578796561605,63500.0,67100.0,5.6692913385826715,0.7024409448818898,4.966850393700781,8.661417322834652,0.0,True,True,False,False,27.25377319926818
7caf4e0a892645e7,2021-11-30,019170,신풍제약,KOSPI,baseline,opening_gapdown_v1,-6.480117820324005,31750.0,32900.0,3.622047244094495,0.7024409448818898,2.9196062992126053,11.496062992125978,-0.47244094488189115,True,True,False,False,26.845677498880647
10acbe0074aaf9de,2021-12-01,271940,일진하이솔루스,KOSPI,baseline,opening_gapdown_v1,-8.605851979345957,53100.0,50300.0,-5.273069679849341,0.7949717514124294,-6.06804143126177,1.6949152542372836,-5.932203389830503,True,False,True,True,27.68823323158213
3166ad231e59529a,2021-12-01,091810,티웨이항공,KOSPI,baseline,opening_gapdown_v1,-2.296819787985871,2765.0,2910.0,5.244122965641962,0.7724954792043399,4.471627486437622,5.244122965641962,-0.9041591320072317,True,True,False,False,12.378490858867437
401992f5fb418bfd,2021-12-01,032820,우리기술,KOSDAQ,baseline,opening_gapdown_v1,-2.2012578616352196,1555.0,1670.0,7.395498392282951,0.42292604501607717,6.9725723472668735,8.36012861736335,0.0,True,True,False,False,21.983360667830226
969778b6f6bbb06c,2021-12-02,010060,OCI,KOSPI,baseline,opening_gapdown_v1,-3.2110091743119296,105500.0,107000.0,1.4218009478673022,0.5143601895734597,0.9074407582938424,1.8957345971563955,-2.843601895734593,True,False,True,True,28.68604434483278
ac1da5d78689e496,2021-12-02,271560,오리온,KOSPI,baseline,opening_gapdown_v1,-3.0000000000000027,97000.0,100500.0,3.6082474226804218,0.5392783505154639,3.0689690721649576,4.123711340206193,-0.20618556701030855,True,True,False,False,29.988149616850308
989e34f4ff188318,2021-12-02,080160,모두투어,KOSDAQ,baseline,opening_gapdown_v1,-2.813299232736577,19000.0,19950.0,5.000000000000004,0.3878947368421053,4.612105263157899,6.315789473684208,-0.2631578947368429,True,True,False,False,23.59065145780707
9c3b4eaf415dff71,2021-12-20,383310,에코프로에이치엔,KOSDAQ,baseline,opening_gapdown_v1,-2.3591087811271283,74500.0,76500.0,2.684563758389258,0.6326845637583893,2.0518791946308683,3.7583892617449655,-2.8187919463087296,True,True,True,True,29.79211184775697
e5b85d2298952882,2021-12-28,011000,진원생명과학,KOSPI,baseline,opening_gapdown_v1,-2.614379084967322,14900.0,14850.0,-0.3355704697986628,0.43134228187919466,-0.7669127516778574,4.36241610738255,-1.342281879194629,True,True,True,False,29.167758446029254
889b988c6dbd834b,2022-01-06,035720,카카오,KOSPI,baseline,opening_gapdown_v1,-2.843601895734593,102500.0,100000.0,-2.4390243902439046,0.5226829268292683,-2.9617073170731727,0.4878048780487809,-2.536585365853661,False,False,True,True,27.35978749776828
53f1c7c9970ad5e9,2022-01-06,181340,이즈미디어,KOSDAQ,baseline,opening_gapdown_v1,-2.1582733812949617,13600.0,13150.0,-3.308823529411764,0.4505882352941176,-3.759411764705882,0.0,-5.882352941176472,False,False,True,True,22.11016850297662
9f061b72a479a96a,2022-01-13,012630,HDC,KOSPI,baseline,opening_gapdown_v1,-3.482045701849834,8870.0,8790.0,-0.9019165727170209,0.5682187147688839,-1.4701352874859048,1.3528748590755368,-1.6910935738444155,True,False,True,False,26.863370591868104
18e5c151b08ec9c0,2022-01-14,293490,카카오게임즈,KOSDAQ,baseline,opening_gapdown_v1,-3.0942334739803123,68900.0,70800.0,2.7576197387518153,0.6654136429608127,2.0922060957910027,3.6284470246734424,-0.8708272859216271,True,True,False,False,28.768298511133153
a83b41a9cb52dde8,2022-01-14,012630,HDC,KOSPI,baseline,opening_gapdown_v1,-2.8441410693970437,8540.0,7980.0,-6.5573770491803245,0.581288056206089,-7.138665105386414,1.1709601873536313,-6.908665105386413,True,False,True,True,23.154107831409533
5b4d84ce2d1da3a4,2022-01-14,067160,아프리카TV,KOSDAQ,baseline,opening_gapdown_v1,-2.605459057071957,157000.0,151300.0,-3.6305732484076425,0.42108280254777075,-4.051656050955414,0.0,-3.8853503184713367,False,False,True,True,29.326266392096144
90bd3bc0f870da60,2022-01-17,068760,셀트리온제약,KOSDAQ,baseline,opening_gapdown_v1,-5.285412262156452,89600.0,87100.0,-2.79017857142857,0.5648214285714286,-3.3549999999999986,6.13839285714286,-3.125,True,True,True,True,24.620034694433357
e4555120f0ce70ee,2022-01-17,294870,HDC현대산업개발,KOSPI,baseline,opening_gapdown_v1,-2.645502645502651,18400.0,18750.0,1.9021739130434812,0.3930434782608696,1.5091304347826116,7.608695652173902,-3.2608695652173947,True,True,True,True,27.03441207457891
c75000f1026c0526,2022-01-17,012630,HDC,KOSPI,baseline,opening_gapdown_v1,-2.506265664160401,7780.0,8080.0,3.8560411311054033,0.6156041131105399,3.2404370179948634,5.784061696658105,-0.899742930591263,True,True,False,False,17.795547155972884
8b7c7fb09643df2c,2022-01-18,294870,HDC현대산업개발,KOSPI,baseline,opening_gapdown_v1,-3.200000000000003,18150.0,16100.0,-11.29476584022039,0.3952892561983471,-11.690055096418737,0.8264462809917328,-11.845730027548207,False,False,True,True,26.61506009223004
1af41f38afeb5e37,2022-01-18,032300,한국파마,KOSDAQ,baseline,opening_gapdown_v1,-2.637889688249395,40600.0,39050.0,-3.817733990147787,0.5994581280788177,-4.4171921182266045,4.187192118226601,-4.187192118226601,True,True,True,True,27.103115467092593
71b7fe39f37a8c59,2022-01-18,039570,HDC랩스,KOSPI,baseline,opening_gapdown_v1,-2.357984994640938,9110.0,8540.0,-6.256860592755209,0.5593084522502744,-6.816169045005483,1.9758507135016368,-7.574094401756315,True,False,True,True,20.653448433771814
fb655789567d2a8a,2022-01-19,214260,라파스,KOSDAQ,baseline,opening_gapdown_v1,-4.594180704441042,31150.0,31400.0,0.8025682182985605,0.7115409309791332,0.09102728731942733,6.42054574638844,0.0,True,True,False,False,18.73796955534165
3ff1ecce9544d381,2022-01-19,151910,나노스,KOSDAQ,baseline,opening_gapdown_v1,-4.431818181818182,4205.0,4475.0,6.42092746730083,0.586718192627824,5.834209274673006,6.42092746730083,0.0,True,True,False,False,24.301898429091594
c9ab49730b061763,2022-01-19,035720,카카오,KOSPI,baseline,opening_gapdown_v1,-3.913043478260869,88400.0,90400.0,2.262443438914019,0.5693665158371041,1.693076923076915,2.262443438914019,-1.2443438914027105,True,True,True,False,20.405722218366037
5a4cc8a8f34101a4,2022-01-20,323990,박셀바이오,KOSDAQ,baseline,opening_gapdown_v1,-2.0161290322580627,36450.0,38150.0,4.663923182441709,0.641522633744856,4.0224005486968535,5.3497942386831365,0.0,True,True,False,False,27.920509218691535
eee8d851a33c7fa1,2022-01-21,012630,HDC,KOSPI,baseline,opening_gapdown_v1,-3.1680440771349905,7030.0,7070.0,0.5689900426742556,0.65674253200569,-0.08775248933143442,2.560455192034139,-0.7112375533428139,True,True,False,False,15.984435679926122
2daabda0c75d80d4,2022-01-21,294870,HDC현대산업개발,KOSPI,baseline,opening_gapdown_v1,-2.5974025974025983,15000.0,14200.0,-5.333333333333334,0.43000000000000005,-5.763333333333334,3.3333333333333437,-6.333333333333336,True,True,True,True,19.234873742274445
a2b0443d7a0f8086,2022-01-21,189330,씨이랩,KOSDAQ,baseline,opening_gapdown_v1,-2.249134948096887,28250.0,26800.0,-5.13274336283186,0.7609734513274335,-5.893716814159294,3.0088495575221197,-5.486725663716818,True,True,True,True,28.08486703708637
8f9c707369b6c193,2022-01-24,065660,안트로젠,KOSDAQ,baseline,opening_gapdown_v1,-24.32762836185819,30950.0,30150.0,-2.584814216478193,0.7146526655896608,-3.2994668820678537,3.392568659127626,-7.431340872374803,True,True,True,True,22.436708695203578
32825c29efcd2566,2022-01-24,298050,효성첨단소재,KOSPI,baseline,opening_gapdown_v1,-2.989690721649485,470500.0,476000.0,1.1689691817215797,0.5488097768331562,0.6201594048884235,2.444208289054206,-1.062699256110522,True,True,True,False,24.468827045503744
3b4b414a61a744e4,2022-01-24,144510,지씨셀,KOSDAQ,baseline,opening_gapdown_v1,-2.41116751269036,76900.0,74000.0,-3.771131339401823,0.6201170351105332,-4.391248374512356,2.3407022106632036,-4.16124837451235,True,True,True,True,23.897413192009296
1e9892331242d479,2022-01-25,013360,일성건설,KOSPI,baseline,opening_gapdown_v1,-2.0142180094786744,4135.0,3965.0,-4.111245465538094,0.5927569528415961,-4.70400241837969,4.474002418379697,-4.957678355501816,True,True,True,True,23.437244333396208
378e157071c975db,2022-01-26,192820,코스맥스,KOSPI,baseline,opening_gapdown_v1,-3.663500678426057,71000.0,72800.0,2.5352112676056304,0.6525352112676056,1.882676056338025,5.633802816901401,0.0,True,True,False,False,28.944535653154702
d8e3edaebbdebe7e,2022-01-26,090150,아이윈,KOSDAQ,baseline,opening_gapdown_v1,-2.4955436720142554,2735.0,2790.0,2.010968921389389,0.7784460694698354,1.2325228519195535,6.581352833638032,0.0,True,True,False,False,20.641110243616723
290755f52e8d9c46,2022-01-26,015020,이스타코,KOSPI,baseline,opening_gapdown_v1,-2.4553571428571397,2185.0,2480.0,13.501144164759715,0.9164988558352403,12.584645308924475,21.052631578947366,0.0,True,True,False,False,29.269158342471627
8395e7d787dd6057,2022-01-27,247540,에코프로비엠,KOSDAQ,baseline,opening_gapdown_v1,-4.170471841704715,314800.0,326100.0,3.58958068614994,0.7064930114358323,2.883087674714108,10.10165184243965,-0.6988564167725531,True,True,False,False,22.866501092826397
61c03119ebded43c,2022-01-27,026960,동서,KOSPI,baseline,opening_gapdown_v1,-2.321083172146998,25250.0,24550.0,-2.7722772277227747,0.824059405940594,-3.596336633663369,3.168316831683171,-2.7722772277227747,True,True,True,True,20.115698211856866
8b01742b522a584e,2022-01-27,185490,아이진,KOSDAQ,baseline,opening_gapdown_v1,-2.1897810218978075,13400.0,13050.0,-2.6119402985074647,0.4538805970149254,-3.06582089552239,1.8656716417910557,-7.462686567164178,True,False,True,True,28.35627212281929
6e5e1d365a02b534,2022-01-28,308170,센트랄모텍,KOSPI,baseline,opening_gapdown_v1,-4.473684210526319,18150.0,19400.0,6.887052341597788,0.3952892561983471,6.491763085399441,9.366391184573008,0.0,True,True,False,False,26.784837846145322
fdeea7e45d88f126,2022-01-28,278280,천보,KOSDAQ,baseline,opening_gapdown_v1,-2.0952380952380945,257000.0,256800.0,-0.07782101167315147,0.8136575875486382,-0.8914785992217896,1.7120622568093324,-5.2918287937743225,True,False,True,True,29.299493265341894
fe25aab71d8eb94b,2022-01-28,004720,팜젠사이언스,KOSPI,baseline,opening_gapdown_v1,-2.0000000000000018,8820.0,9630.0,9.183673469387754,0.5701360544217687,8.613537414965986,9.977324263038545,0.0,True,True,False,False,27.558832312724448
bde1920ef8c176ba,2022-02-04,150840,인트로메딕,KOSDAQ,baseline,opening_gapdown_v1,-4.088785046728971,4105.0,4295.0,4.628501827040199,0.5954080389768575,4.033093788063342,7.673568818513998,-2.192448233861144,True,True,True,True,29.787094532430075
13528e3a424e1ff6,2022-02-04,377030,맥스트,KOSDAQ,baseline,opening_gapdown_v1,-2.6252983293556076,40800.0,43750.0,7.230392156862742,0.5976470588235294,6.632745098039212,7.230392156862742,-1.3480392156862697,True,True,True,False,28.873620836554608
7e653920c5767640,2022-02-04,006650,대한유화,KOSPI,baseline,opening_gapdown_v1,-2.3026315789473673,148500.0,153500.0,3.367003367003374,0.432020202020202,2.934983164983172,3.703703703703698,0.0,True,True,False,False,29.650721429030597
a23cf10195676359,2022-02-07,247540,에코프로비엠,KOSDAQ,baseline,opening_gapdown_v1,-3.565114908662348,327300.0,325600.0,-0.5194011610143545,0.688295142071494,-1.2076963030858485,1.038802322028709,-7.424381301558203,True,False,True,True,27.599801659732904
ae94c6ca75fff2d1,2022-02-11,150840,인트로메딕,KOSDAQ,baseline,opening_gapdown_v1,-12.684729064039413,3545.0,4100.0,15.655853314527501,0.6531311706629055,15.002722143864595,18.476727785613534,-0.42313117066290484,True,True,False,False,29.34739496958342
593065494284c4b7,2022-02-11,058970,엠로,KOSDAQ,baseline,opening_gapdown_v1,-3.8922155688622784,16050.0,15550.0,-3.1152647975077885,0.4169158878504673,-3.532180685358256,1.5576323987538832,-4.049844236760125,True,False,True,True,29.31181637036657
fa07ebc542362812,2022-02-11,065660,안트로젠,KOSDAQ,baseline,opening_gapdown_v1,-2.7985074626865725,26050.0,25500.0,-2.111324376199619,0.8058157389635316,-2.917140115163151,1.151631477927073,-3.8387715930902067,True,False,True,True,23.33902132503873
6121807b77313e17,2022-02-14,012510,더존비즈온,KOSPI,baseline,opening_gapdown_v1,-3.7735849056603765,51000.0,51800.0,1.5686274509803866,0.8182352941176471,0.7503921568627395,2.941176470588225,-0.39215686274509665,True,True,False,False,28.799629331378526
c2e98384ea31a28c,2022-02-14,302440,SK바이오사이언스,KOSPI,baseline,opening_gapdown_v1,-3.525641025641024,150500.0,162500.0,7.973421926910307,0.42933554817275743,7.54408637873755,8.30564784053156,-0.33222591362126463,True,True,False,False,27.181618415521825
53ad7d6c669fa892,2022-02-14,183490,엔지켐생명과학,KOSDAQ,baseline,opening_gapdown_v1,-3.1367628607277265,38600.0,38800.0,0.5181347150259086,0.6186010362694301,-0.1004663212435215,2.849740932642497,-3.3678756476683946,True,True,True,True,27.029296494182617
1de5014e4483e2dc,2022-02-16,036570,엔씨소프트,KOSPI,baseline,opening_gapdown_v1,-5.945419103313842,482500.0,492500.0,2.0725388601036343,0.540880829015544,1.5316580310880903,3.0051813471502653,-1.6580310880829008,True,True,True,False,28.75141692611112
48d32829635f416a,2022-02-18,030350,드래곤플라이,KOSDAQ,baseline,opening_gapdown_v1,-2.050113895216399,2150.0,2185.0,1.6279069767441756,0.9276744186046512,0.7002325581395245,2.55813953488373,-1.8604651162790753,True,True,True,False,25.692530049199718
70d04c4277b338b9,2022-02-21,377480,마인즈랩,KOSDAQ,baseline,opening_gapdown_v1,-3.6945812807881784,19550.0,20550.0,5.115089514066495,0.3834526854219949,4.7316368286445005,6.13810741687979,-0.2557544757033292,True,True,False,False,29.59882741308455
1f773441643d44cb,2022-02-21,194480,데브시스터즈,KOSDAQ,baseline,opening_gapdown_v1,-2.44698205546493,59800.0,59700.0,-0.16722408026755842,0.7316722408026756,-0.898896321070234,0.5016722408026864,-2.5083612040133763,False,False,True,True,29.304167369553483
fd66bf41c28f4bca,2022-02-22,019490,하이트론,KOSPI,baseline,opening_gapdown_v1,-3.5335689045936425,2730.0,2955.0,8.241758241758234,0.7794505494505495,7.462307692307684,34.61538461538463,-2.0146520146520186,True,True,True,True,27.164677979720025
d0b7454606a673fd,2022-02-22,194480,데브시스터즈,KOSDAQ,baseline,opening_gapdown_v1,-3.350083752093802,57700.0,57300.0,-0.6932409012131768,0.7499306759098787,-1.4431715771230555,4.33275563258233,-0.8665511265164683,True,True,False,False,27.758117607701266
4b37006802611bf3,2022-02-22,036570,엔씨소프트,KOSPI,baseline,opening_gapdown_v1,-2.4793388429752095,472000.0,462500.0,-2.01271186440678,0.5477966101694915,-2.560508474576271,0.10593220338983578,-2.754237288135597,False,False,True,True,25.7094874096438
ad33cf92fbcb6336,2022-02-24,183490,엔지켐생명과학,KOSDAQ,baseline,opening_gapdown_v1,-2.0472440944881876,31100.0,30850.0,-0.8038585209003246,0.712315112540193,-1.5161736334405176,3.0546623794212246,-1.4469453376205754,True,True,True,False,23.928242341663164
a2b95006300980e5,2022-02-28,060230,얍엑스,KOSDAQ,baseline,opening_gapdown_v1,-2.2222222222222254,1100.0,1155.0,5.000000000000004,0.5027272727272728,4.4972727272727315,5.454545454545445,-0.9090909090909038,True,True,False,False,29.147071538343212
512e757c6d4a040a,2022-02-28,183490,엔지켐생명과학,KOSDAQ,baseline,opening_gapdown_v1,-2.070063694267521,30750.0,32800.0,6.666666666666665,0.7178048780487805,5.948861788617885,6.829268292682933,0.0,True,True,False,False,25.088618977814747
1317e6af4845f3ab,2022-02-28,036570,엔씨소프트,KOSPI,baseline,opening_gapdown_v1,-2.0270270270270285,435000.0,443500.0,1.9540229885057547,0.5748275862068966,1.3791954022988582,2.8735632183908066,-0.6896551724137945,True,True,False,False,19.595875474655188
85b87a2c54d420bf,2022-03-02,138690,엘아이에스,KOSDAQ,baseline,opening_gapdown_v1,-3.924914675767921,2815.0,2810.0,-0.1776198934280604,0.7628596802841918,-0.9404795737122522,4.97335701598578,-1.0657193605683846,True,True,True,False,27.468895692303647
cd7a671a86f257d9,2022-03-08,052020,에스티큐브,KOSDAQ,baseline,opening_gapdown_v1,-4.8338368580060465,4725.0,5560.0,17.67195767195766,0.5474603174603174,17.124497354497343,24.021164021164033,-4.232804232804233,True,True,True,True,21.939507814417013
aa1fb9f087b3bcd7,2022-03-08,194480,데브시스터즈,KOSDAQ,baseline,opening_gapdown_v1,-2.5500910746812377,53500.0,54200.0,1.3084112149532645,0.7907476635514018,0.5176635514018627,3.9252336448598157,-0.9345794392523366,True,True,False,False,28.993996456960218
f6718da7b5b9be23,2022-03-10,015020,이스타코,KOSPI,baseline,opening_gapdown_v1,-18.439716312056742,1150.0,1325.0,15.217391304347828,0.49086956521739133,14.726521739130437,18.260869565217398,-3.4782608695652195,True,True,True,True,24.492449384427914
e937911adbf6c534,2022-03-10,013360,일성건설,KOSPI,baseline,opening_gapdown_v1,-17.47899159663866,2455.0,2875.0,17.10794297352343,0.8409979633401221,16.266945010183306,18.737270875763755,-1.4256619144602856,True,True,True,False,25.59625047604996
ddd185f754b4c720,2022-03-10,053160,프리엠스,KOSDAQ,baseline,opening_gapdown_v1,-9.394313967861557,7330.0,7770.0,6.002728512960442,0.6392769440654843,5.363451568894958,6.957708049113243,-0.4092769440654842,True,True,False,False,26.02358789893482
58b5e33465374e10,2022-03-15,005070,코스모신소재,KOSPI,baseline,opening_gapdown_v1,-2.163833075734156,31650.0,31950.0,0.9478672985782088,0.7039336492890995,0.24393364928910932,3.3175355450236976,-0.6319115323854652,True,True,False,False,26.901333399965054
2d83085ad5d8821d,2022-03-15,383220,F&F,KOSPI,baseline,opening_gapdown_v1,-2.127659574468088,690000.0,689000.0,-0.14492753623188692,0.6647826086956522,-0.8097101449275391,4.492753623188417,-4.057971014492756,True,True,True,True,28.82695304428769
bd8fa36094f4ebf9,2022-03-15,051910,LG화학,KOSPI,baseline,opening_gapdown_v1,-2.0787746170678356,447500.0,439000.0,-1.8994413407821265,0.565195530726257,-2.4646368715083833,0.7821229050279266,-2.01117318435754,False,False,True,True,24.436837052940106
f58d55d477724bb1,2022-03-22,138690,엘아이에스,KOSDAQ,baseline,opening_gapdown_v1,-7.547169811320753,1960.0,1975.0,0.7653061224489832,0.38306122448979596,0.38224489795918726,6.3775510204081565,-0.7653061224489832,True,True,False,False,27.9584589226328
30caaf33f9d6e778,2022-03-23,140410,메지온,KOSDAQ,baseline,opening_gapdown_v1,-2.3809523809523836,82000.0,78500.0,-4.268292682926833,0.5958536585365855,-4.864146341463418,6.341463414634152,-6.951219512195117,True,True,True,True,23.678351184419824
ee3bd6e0b869d179,2022-03-24,214870,뉴지랩파마,KOSDAQ,baseline,opening_gapdown_v1,-2.035928143712573,8180.0,8350.0,2.0782396088019572,0.5967481662591687,1.4814914425427885,2.0782396088019572,-0.24449877750610804,True,True,False,False,23.339480222625937
f3d880efb789b82c,2022-03-29,136510,에디슨EV,KOSDAQ,baseline,opening_gapdown_v1,-18.36734693877551,10000.0,11600.0,15.999999999999993,0.53,15.469999999999994,49.0,-12.8,True,True,True,True,27.537988757143992
5cf9b5cfd2cd34b2,2022-04-04,033270,유나이티드제약,KOSPI,baseline,opening_gapdown_v1,-2.863688430698741,42400.0,43450.0,2.4764150943396235,0.5837735849056604,1.892641509433963,2.594339622641506,-0.2358490566037763,True,True,False,False,26.340131732247386
c5f963580397ffb0,2022-04-06,140410,메지온,KOSDAQ,baseline,opening_gapdown_v1,-2.066115702479343,23700.0,23600.0,-0.42194092827003704,0.8629113924050633,-1.2848523206751004,1.6877637130801704,-1.6877637130801704,True,False,True,False,24.315450370136716
7878b8cbf484e819,2022-04-07,033270,유나이티드제약,KOSPI,baseline,opening_gapdown_v1,-2.1739130434782594,31500.0,31700.0,0.6349206349206327,0.7061904761904763,-0.07126984126984359,4.285714285714293,-0.15873015873015817,True,True,False,False,14.680912427165197
845ca7e3aeef524c,2022-04-07,183490,엔지켐생명과학,KOSDAQ,baseline,opening_gapdown_v1,-2.135922330097084,25200.0,25650.0,1.7857142857142794,0.8252380952380952,0.9604761904761842,2.777777777777768,-1.388888888888884,True,True,True,False,26.177000954843024
742ae5407214b72b,2022-04-12,003580,넥스트사이언스,KOSPI,baseline,opening_gapdown_v1,-2.67857142857143,10900.0,11300.0,3.669724770642202,0.5052293577981651,3.164495412844037,5.9633027522935755,0.0,True,True,False,False,28.728240246732682
ae2a27d1cbb08806,2022-04-21,140410,메지온,KOSDAQ,baseline,opening_gapdown_v1,-2.6548672566371723,22000.0,21650.0,-1.5909090909090873,0.9118181818181817,-2.502727272727269,1.8181818181818077,-2.0454545454545503,True,False,True,True,26.887529999226814
99b3078521e80e93,2022-04-22,336060,웨이버스,KOSDAQ,baseline,opening_gapdown_v1,-3.8461538461538436,2250.0,2020.0,-10.222222222222221,0.8966666666666667,-11.118888888888888,0.22222222222221255,-14.000000000000002,False,False,True,True,20.668755148420345
442da4346f658b50,2022-04-25,140410,메지온,KOSDAQ,baseline,opening_gapdown_v1,-4.449648711943799,20400.0,20100.0,-1.4705882352941124,0.9652941176470587,-2.4358823529411713,2.941176470588225,-4.1666666666666625,True,True,True,True,24.686079827944155
678c854f99933ea5,2022-04-25,206560,덱스터,KOSDAQ,baseline,opening_gapdown_v1,-3.4482758620689613,18200.0,18450.0,1.3736263736263687,0.39483516483516484,0.9787912087912038,3.296703296703307,0.0,True,True,False,False,29.383843403686654
f0d370e971141be0,2022-04-25,101730,위메이드맥스,KOSDAQ,baseline,opening_gapdown_v1,-3.409090909090906,17000.0,17050.0,0.2941176470588225,0.40647058823529414,-0.11235294117647165,3.8235294117647145,0.0,True,True,False,False,27.323638477627824
372bcf8cd89e8b8f,2022-04-27,256840,한국비엔씨,KOSDAQ,baseline,opening_gapdown_v1,-4.629629629629628,10300.0,10450.0,1.4563106796116498,0.5212621359223301,0.9350485436893198,3.398058252427183,-1.4563106796116498,True,True,True,False,28.524546355959373
524560eee6bd5e82,2022-04-27,095660,네오위즈,KOSDAQ,baseline,opening_gapdown_v1,-4.618937644341803,20650.0,21050.0,1.937046004842613,0.9563922518159806,0.9806537530266324,3.14769975786926,0.0,True,True,False,False,29.77236141343542
5dbc0d22ec708e47,2022-04-27,101730,위메이드맥스,KOSDAQ,baseline,opening_gapdown_v1,-4.142011834319526,16200.0,16150.0,-0.30864197530864335,0.4151851851851852,-0.7238271604938286,1.2345679012345734,-3.0864197530864224,True,False,True,True,25.132920133690106
c6020a8fe915fec1,2022-04-28,263750,펄어비스,KOSDAQ,baseline,opening_gapdown_v1,-3.638814016172509,71500.0,67000.0,-6.2937062937062915,0.6495804195804196,-6.943286713286711,0.8391608391608463,-7.55244755244755,False,False,True,True,28.07399207413367
fd72d858a7ea55ea,2022-04-28,122640,예스티,KOSDAQ,baseline,opening_gapdown_v1,-3.4482758620689613,7000.0,7350.0,5.000000000000004,0.6585714285714286,4.341428571428576,5.85714285714285,-4.285714285714281,True,True,True,True,14.58862832027657
f35bc140026d6591,2022-05-02,289220,자이언트스텝,KOSDAQ,baseline,opening_gapdown_v1,-3.5058430717863076,28900.0,28550.0,-1.211072664359858,0.749031141868512,-1.96010380622837,0.6920415224913601,-2.422145328719727,False,False,True,True,21.64499015395836
e854c58679f0ee46,2022-05-02,101730,위메이드맥스,KOSDAQ,baseline,opening_gapdown_v1,-3.4810126582278444,15250.0,15750.0,3.2786885245901676,0.4267213114754098,2.851967213114758,3.934426229508192,-1.3114754098360604,True,True,True,False,21.906724367268012
074aa279a9f13e8a,2022-05-02,263750,펄어비스,KOSDAQ,baseline,opening_gapdown_v1,-3.372434017595305,65900.0,67800.0,2.8831562974203306,0.6852352048558422,2.1979210925644885,6.980273141122906,-0.15174506828528056,True,True,False,False,26.341248851273832
e289794a4ad77566,2022-05-06,256840,한국비엔씨,KOSDAQ,baseline,opening_gapdown_v1,-3.5140562248995977,9610.0,8790.0,-8.53277835587929,0.5421748178980229,-9.074953173777311,1.9771071800208206,-9.469302809573366,True,False,True,True,28.207154754106924
7d7f0d81f3ac6af2,2022-05-06,121800,비덴트,KOSDAQ,baseline,opening_gapdown_v1,-3.2727272727272716,13300.0,13350.0,0.3759398496240518,0.4555639097744361,-0.07962406015038431,1.8796992481203034,-1.1278195488721776,True,False,True,False,28.377312749054283
af93e0b8ecfb2e27,2022-05-06,067160,아프리카TV,KOSDAQ,baseline,opening_gapdown_v1,-2.985074626865669,104000.0,103500.0,-0.48076923076922906,0.5184615384615385,-0.9992307692307676,0.8653846153846123,-3.749999999999998,False,False,True,True,21.498348588065355
27ab4b47e9c31b95,2022-05-09,121800,비덴트,KOSDAQ,baseline,opening_gapdown_v1,-2.9962546816479363,12950.0,12950.0,0.0,0.4616602316602316,-0.4616602316602316,3.8610038610038533,-1.5444015444015413,True,True,True,False,26.442210831044875
d176823559ea49d9,2022-05-09,263750,펄어비스,KOSDAQ,baseline,opening_gapdown_v1,-2.0866773675762396,61000.0,60700.0,-0.4918032786885296,0.7218032786885247,-1.2136065573770543,3.4426229508196737,-0.8196721311475419,True,True,False,False,23.37664551053078
fe5b62de69cd25c6,2022-05-10,376300,디어유,KOSDAQ,baseline,opening_gapdown_v1,-7.064555420219243,38150.0,37000.0,-3.014416775884665,0.6231847968545215,-3.637601572739187,0.917431192660545,-8.125819134993451,False,False,True,True,24.72940994857433
c59bf6162c3d71c2,2022-05-10,256840,한국비엔씨,KOSDAQ,baseline,opening_gapdown_v1,-4.929577464788737,8100.0,8690.0,7.283950617283952,0.6003703703703704,6.683580246913581,10.246913580246918,0.0,True,True,False,False,21.623992697367072
39cd5c3359909e55,2022-05-10,299030,하나기술,KOSDAQ,baseline,opening_gapdown_v1,-4.778761061946901,53800.0,55600.0,3.3457249070631967,0.7876208178438662,2.5581040892193307,3.90334572490707,-0.371747211895912,True,True,False,False,24.13756843777945
6ae75b00c31ff7e5,2022-05-11,112610,씨에스윈드,KOSPI,baseline,opening_gapdown_v1,-4.046242774566478,49800.0,48450.0,-2.7108433734939763,0.5312048192771085,-3.242048192771085,0.20080321285140812,-4.919678714859432,False,False,True,True,26.6904229678171
91e5e6cb655c9d12,2022-05-11,042000,카페24,KOSDAQ,baseline,opening_gapdown_v1,-3.8461538461538436,16250.0,17050.0,4.923076923076919,0.4146153846153846,4.5084615384615345,4.923076923076919,0.0,True,True,False,False,28.780581194551203
f9fd3dcb5a503c25,2022-05-11,030790,비케이탑스,KOSPI,baseline,opening_gapdown_v1,-3.3582089552238847,1295.0,1540.0,18.918918918918926,0.4616602316602316,18.457258687258694,33.97683397683397,-2.316602316602312,True,True,True,True,28.47105094481276
201f513d1c180756,2022-05-12,121800,비덴트,KOSDAQ,baseline,opening_gapdown_v1,-4.7244094488189,12100.0,11600.0,-4.1322314049586755,0.4779338842975207,-4.610165289256196,0.4132231404958775,-5.371900826446286,False,False,True,True,24.33722229663323
c5ce80d88d6b3fe0,2022-05-12,041190,우리기술투자,KOSDAQ,baseline,opening_gapdown_v1,-4.115226337448563,6990.0,6300.0,-9.871244635193133,0.6591845493562232,-10.530429184549355,1.1444921316166035,-11.015736766809725,True,False,True,True,26.168741740140618
7f72b53770a6c471,2022-05-12,063080,컴투스홀딩스,KOSDAQ,baseline,opening_gapdown_v1,-3.9136302294197067,71200.0,65500.0,-8.00561797752809,0.6513483146067416,-8.65696629213483,1.1235955056179803,-8.98876404494382,True,False,True,True,17.498660273736604
d88813ec7578562c,2022-05-13,251270,넷마블,KOSPI,baseline,opening_gapdown_v1,-5.840286054827171,79000.0,72300.0,-8.481012658227849,0.609746835443038,-9.090759493670888,0.75949367088608,-9.873417721518985,False,False,True,True,20.269448874898245
00181c95455fe36c,2022-05-13,365590,하이딥,KOSDAQ,baseline,opening_gapdown_v1,-3.6666666666666625,1445.0,1480.0,2.422145328719716,0.4376124567474049,1.984532871972311,5.536332179930792,-2.076124567474047,True,True,True,True,8.162779406026218
f7499a4280c08f50,2022-05-17,217480,에스디생명공학,KOSDAQ,baseline,opening_gapdown_v1,-4.1860465116279055,2060.0,2025.0,-1.6990291262135915,0.9581553398058252,-2.657184466019417,1.9417475728155331,-4.126213592233007,True,False,True,True,22.037821046905123
56cab992109eea85,2022-05-17,121800,비덴트,KOSDAQ,baseline,opening_gapdown_v1,-2.1739130434782594,11250.0,11450.0,1.777777777777767,0.4966666666666667,1.2811111111111004,3.111111111111109,-0.4444444444444473,True,True,False,False,19.64616473167564
cee4fb3c6f75a5c3,2022-05-19,041190,우리기술투자,KOSDAQ,baseline,opening_gapdown_v1,-5.335365853658535,6210.0,6320.0,1.7713365539452575,0.7130917874396135,1.058244766505644,4.347826086956519,0.0,True,True,False,False,25.771157410337153
2c2cb4a95de819ec,2022-05-19,299900,위지윅스튜디오,KOSDAQ,baseline,opening_gapdown_v1,-5.214152700186214,25450.0,26000.0,2.16110019646365,0.8193909626719057,1.3417092337917444,3.143418467583503,0.0,True,True,False,False,26.678696579119787
51ef45f02b48664e,2022-05-19,019660,글로본,KOSDAQ,baseline,opening_gapdown_v1,-4.907975460122705,2325.0,2530.0,8.817204301075265,0.8751612903225806,7.942043010752684,10.752688172043001,0.0,True,True,False,False,27.60841797254848
b5b483c3f178d5e4,2022-06-08,321260,프로이천,KOSDAQ,baseline,opening_gapdown_v1,-2.020202020202022,2425.0,2290.0,-5.567010309278353,0.8485567010309278,-6.415567010309281,1.0309278350515427,-7.8350515463917585,True,False,True,True,14.565524347082103
b71cceef2b90e8be,2022-06-13,007340,디티알오토모티브,KOSPI,baseline,opening_gapdown_v1,-4.313099041533541,59900.0,60000.0,0.16694490818029983,0.7308347245409015,-0.5638898163606016,4.6744574290484175,-0.5008347245408995,True,True,False,False,28.493262855442737
2efce291c84cff9b,2022-06-13,300720,한일시멘트,KOSPI,baseline,opening_gapdown_v1,-3.508771929824561,16500.0,16000.0,-3.0303030303030276,0.41181818181818186,-3.4421212121212097,1.5151515151515138,-3.0303030303030276,True,False,True,True,26.78929068452763
3ff0028279c64d45,2022-06-13,026890,스틱인베스트먼트,KOSPI,baseline,opening_gapdown_v1,-3.4482758620689613,8120.0,7770.0,-4.31034482758621,0.5994581280788177,-4.909802955665028,1.6009852216748666,-4.926108374384242,True,False,True,True,29.854545776385223
81a348b7485ee4a5,2022-06-14,121800,비덴트,KOSDAQ,baseline,opening_gapdown_v1,-5.549738219895284,9020.0,9560.0,5.986696230598665,0.5625942350332594,5.4241019955654055,6.651884700665178,0.0,True,True,False,False,25.518073591825328
2affbdcf4204a589,2022-06-14,026890,스틱인베스트먼트,KOSPI,baseline,opening_gapdown_v1,-5.405405405405405,7350.0,7570.0,2.9931972789115635,0.6381632653061224,2.355034013605441,5.306122448979589,-0.6802721088435382,True,True,False,False,21.91606755635378
24c0f96337aaa831,2022-06-14,041190,우리기술투자,KOSDAQ,baseline,opening_gapdown_v1,-5.335628227194489,5500.0,5950.0,8.18181818181818,0.7754545454545455,7.4063636363636345,8.90909090909091,-0.363636363636366,True,True,False,False,27.23110538531064
a71a2ea9fe01bdc7,2022-06-15,352820,하이브,KOSPI,baseline,opening_gapdown_v1,-12.95336787564767,168000.0,145000.0,-13.690476190476186,0.4085714285714286,-14.099047619047615,0.29761904761904656,-17.261904761904766,False,False,True,True,27.38037576919126
1cca8d9909b35346,2022-06-15,019590,엠벤처투자,KOSDAQ,baseline,opening_gapdown_v1,-3.8297872340425587,1130.0,1165.0,3.0973451327433565,0.49548672566371676,2.60185840707964,4.867256637168138,-1.3274336283185861,True,True,True,False,29.690749875501808
900c00a4f1db034c,2022-06-15,000910,유니온,KOSPI,baseline,opening_gapdown_v1,-2.348993288590606,5820.0,5700.0,-2.0618556701030966,0.7454639175257731,-2.8073195876288697,2.9209621993127044,-3.0927835051546393,True,True,True,True,21.170467368259764
aa6f5a7f1c969d28,2022-06-16,105550,트루윈,KOSDAQ,baseline,opening_gapdown_v1,-2.2375215146299476,2840.0,2800.0,-1.4084507042253502,0.758169014084507,-2.1666197183098572,0.5281690140845008,-2.464788732394363,False,False,True,True,15.143904617335949
ff114758e0f9c7b3,2022-06-17,031860,엔에스엔,KOSDAQ,baseline,opening_gapdown_v1,-7.017543859649122,1060.0,1140.0,7.547169811320753,0.5130188679245283,7.034150943396225,9.433962264150942,-7.358490566037734,True,True,True,True,27.1072667727085
36fa307e7a7ca8b2,2022-06-17,311390,네오크레마,KOSDAQ,baseline,opening_gapdown_v1,-5.947955390334569,12650.0,13100.0,3.5573122529644285,0.4671541501976285,3.0901581027668,3.9525691699604737,-1.5810276679841917,True,True,True,False,29.991374083179906
6f3fcd0ee7dd5d8f,2022-06-17,003000,부광약품,KOSPI,baseline,opening_gapdown_v1,-5.82191780821918,8250.0,8630.0,4.6060606060606135,0.5936363636363636,4.01242424242425,4.9696969696969795,0.0,True,True,False,False,20.380546181909423
3a2393d1d328b4e4,2022-06-20,006740,영풍제지,KOSPI,baseline,opening_gapdown_v1,-2.1333333333333315,7340.0,7190.0,-2.043596730245234,0.6387193460490463,-2.6823160762942804,6.675749318801083,-2.997275204359673,True,True,True,True,28.246323586226055
873f9edb2eeab9aa,2022-06-23,041190,우리기술투자,KOSDAQ,baseline,opening_gapdown_v1,-2.7027027027026973,5040.0,4940.0,-1.9841269841269882,0.8252380952380952,-2.8093650793650835,3.1746031746031855,-2.3809523809523836,True,True,True,True,27.31716571706795
51c4be72236abd11,2022-06-23,123420,위메이드플레이,KOSDAQ,baseline,opening_gapdown_v1,-2.2556390977443663,19500.0,18200.0,-6.666666666666665,0.38384615384615384,-7.050512820512819,2.564102564102555,-9.743589743589743,True,True,True,True,27.810794224203335
a515535948ab2e65,2022-06-24,241690,유니테크노,KOSDAQ,baseline,opening_gapdown_v1,-3.888888888888886,5190.0,5540.0,6.743737957610785,0.8080346820809248,5.93570327552986,8.285163776493265,-2.6974951830443183,True,True,True,True,25.346654488867685
c26480da8f4701d8,2022-06-24,036120,SCI평가정보,KOSDAQ,baseline,opening_gapdown_v1,-3.8306451612903247,2385.0,2485.0,4.192872117400426,0.858930817610063,3.3339412997903626,8.176100628930815,0.0,True,True,False,False,16.719244458521374
6b0e9c6bf33cf87b,2022-06-24,091810,티웨이항공,KOSPI,baseline,opening_gapdown_v1,-3.6175710594315236,1865.0,1965.0,5.36193029490617,0.39085790884718496,4.971072386058985,6.702412868632712,0.0,True,True,False,False,21.379519417477667
dd6c5cd4e921d5b2,2022-06-29,299900,위지윅스튜디오,KOSDAQ,baseline,opening_gapdown_v1,-3.3898305084745783,19950.0,21450.0,7.518796992481214,0.3803759398496241,7.13842105263159,8.521303258145373,-3.007518796992481,True,True,True,True,28.952583356552964
64061b89e29815d9,2022-06-29,086390,유니테스트,KOSDAQ,baseline,opening_gapdown_v1,-2.638522427440637,18450.0,18300.0,-0.8130081300813052,0.39260162601626014,-1.2056097560975654,1.084010840108407,-1.6260162601625994,True,False,True,False,28.15846350226407
17995e47ba032277,2022-06-29,251370,와이엠티,KOSDAQ,baseline,opening_gapdown_v1,-2.4390243902439046,12000.0,12550.0,4.583333333333339,0.48,4.103333333333339,7.499999999999996,-2.9166666666666674,True,True,True,True,21.200771516120966
2c6f68d4004154df,2022-07-08,039130,하나투어,KOSPI,baseline,opening_gapdown_v1,-2.083333333333337,51700.0,53000.0,2.5145067698259194,0.8102707930367505,1.7042359767891688,6.769825918762096,0.0,True,True,False,False,29.59119426444272
d37dc7c0f3903f1a,2022-07-13,010950,S-Oil,KOSPI,baseline,opening_gapdown_v1,-2.3026315789473673,89100.0,89900.0,0.8978675645342271,0.5667003367003367,0.3311672278338904,1.3468013468013407,-2.805836139169471,True,False,True,True,28.714581307569844
a50d1b84b3516066,2022-07-25,035460,기산텔레콤,KOSDAQ,baseline,opening_gapdown_v1,-2.4806201550387597,3145.0,3260.0,3.6565977742448297,0.7069475357710652,2.9496502384737644,9.062003179650247,-0.15898251192368873,True,True,False,False,27.659309324621475
6a5fe6c3368b21ac,2022-08-18,151910,SBW생명과학,KOSDAQ,baseline,opening_gapdown_v1,-2.6030368763557465,2245.0,2150.0,-4.231625835189313,0.8981514476614699,-5.129777282850783,1.5590200445434244,-16.258351893095767,True,False,True,True,23.5842171214112
0aa186ea6e5056c6,2022-08-22,290650,엘앤씨바이오,KOSDAQ,baseline,opening_gapdown_v1,-2.099236641221369,25650.0,25650.0,0.0,0.8147953216374269,-0.8147953216374269,1.5594541910331383,-0.5847953216374324,True,False,False,False,28.593236354566173
4f372f8ccd7a973c,2022-08-23,192410,THQ,KOSDAQ,baseline,opening_gapdown_v1,-2.0872865275142316,2580.0,2515.0,-2.519379844961245,0.8113953488372093,-3.330775193798454,2.3255813953488413,-5.426356589147286,True,True,True,True,20.261554418883406
ad78cc66758d76d8,2022-08-29,214610,미코바이오메드,KOSDAQ,baseline,opening_gapdown_v1,-4.416761041902606,8440.0,8390.0,-0.5924170616113722,0.5854502369668246,-1.1778672985781968,1.1848341232227444,-5.924170616113744,True,False,True,True,27.733594447479206
0b27bdbe2d5095b2,2022-08-29,137310,에스디바이오센서,KOSPI,baseline,opening_gapdown_v1,-4.160688665710188,33400.0,33900.0,1.4970059880239583,0.6791017964071856,0.8179041916167727,2.6946107784431073,0.0,True,True,False,False,26.588990868210757
34d34c047cd960f1,2022-08-29,096530,씨젠,KOSDAQ,baseline,opening_gapdown_v1,-3.749999999999998,30800.0,30850.0,0.16233766233766378,0.717012987012987,-0.5546753246753232,1.9480519480519431,-0.32467532467532756,True,False,False,False,28.923584657710805
80818963a141b58f,2022-09-14,053800,안랩,KOSDAQ,baseline,opening_gapdown_v1,-3.2301480484522194,71900.0,72600.0,0.9735744089012455,0.6472461752433936,0.3263282336578519,1.3908205841446364,-1.2517385257301838,True,False,True,False,29.358367951726322
07c6675a59f6ae7a,2022-09-14,016790,카나리아바이오,KOSDAQ,baseline,opening_gapdown_v1,-2.864583333333337,18650.0,19400.0,4.021447721179627,0.39085790884718496,3.6305898123324423,8.579088471849872,-1.608579088471851,True,True,True,False,24.815749593663014
90aa1f2ff0415890,2022-09-14,180640,한진칼,KOSPI,baseline,opening_gapdown_v1,-2.6506024096385583,40400.0,40300.0,-0.24752475247524774,0.6012871287128713,-0.848811881188119,0.7425742574257432,-3.094059405940597,False,False,True,True,17.628550223760726
2c410dd10cc94ba7,2022-09-16,215200,메가스터디교육,KOSDAQ,baseline,opening_gapdown_v1,-2.3255813953488413,67200.0,68000.0,1.1904761904761862,0.6764285714285714,0.5140476190476149,1.6369047619047672,-0.5952380952380931,True,False,False,False,27.396823860843128
ceaba00e2f8a2a12,2022-09-19,016790,카나리아바이오,KOSDAQ,baseline,opening_gapdown_v1,-2.259887005649719,17300.0,17100.0,-1.1560693641618491,0.40341040462427746,-1.5594797687861266,2.8901734104046284,-2.8901734104046284,True,True,True,True,22.882591451236408
331849cb96e91344,2022-09-19,256840,한국비엔씨,KOSDAQ,baseline,opening_gapdown_v1,-2.0979020979020935,7000.0,6900.0,-1.4285714285714235,0.6585714285714286,-2.087142857142852,3.285714285714292,-4.285714285714281,True,True,True,True,25.720734975701873
614eeb2192fdb5fd,2022-09-20,068940,셀피글로벌,KOSDAQ,baseline,opening_gapdown_v1,-6.9158878504672945,2490.0,2345.0,-5.823293172690757,0.8324096385542169,-6.655702811244974,5.020080321285136,-19.477911646586342,True,True,True,True,28.38118321587359
326bbf498a1c3977,2022-09-21,175250,아이큐어,KOSDAQ,baseline,opening_gapdown_v1,-5.27086383601757,6470.0,6420.0,-0.7727975270479082,0.6936785162287481,-1.4664760432766561,5.1004636785162205,-0.9273570324574987,True,True,False,False,15.526955709628737
c494bfb00184bc13,2022-09-22,298000,효성화학,KOSPI,baseline,opening_gapdown_v1,-2.857142857142858,136000.0,141500.0,4.044117647058831,0.4505882352941176,3.5935294117647136,5.514705882352944,-4.411764705882348,True,True,True,True,24.16464882313612
9952e24a19945a82,2022-09-22,205470,휴마시스,KOSDAQ,baseline,opening_gapdown_v1,-2.7559055118110187,12350.0,12100.0,-2.0242914979757054,0.4729149797570851,-2.4972064777327905,1.2145748987854255,-3.6437246963562764,True,False,True,True,25.1860107610501
4dfc770fe0cb22b3,2022-09-22,294090,이오플로우,KOSDAQ,baseline,opening_gapdown_v1,-2.7439024390243927,15950.0,16550.0,3.7617554858934144,0.41808777429467087,3.3436677115987434,3.7617554858934144,-2.5078369905956133,True,True,True,True,25.08512353372734
aa687a0241e7498c,2022-09-23,302440,SK바이오사이언스,KOSPI,baseline,opening_gapdown_v1,-2.5669642857142905,87300.0,86200.0,-1.2600229095074411,0.5736426116838488,-1.83366552119129,1.4891179839633395,-2.0618556701030966,True,False,True,True,27.489136163043298
677c6b849d3c3f5c,2022-09-26,066410,버킷스튜디오,KOSDAQ,baseline,opening_gapdown_v1,-4.210526315789476,1820.0,1810.0,-0.5494505494505475,0.39483516483516484,-0.9442857142857124,3.8461538461538547,-1.6483516483516536,True,True,True,False,27.534232619307772
0a88357321b0285e,2022-09-26,205470,휴마시스,KOSDAQ,baseline,opening_gapdown_v1,-3.8961038961038974,11100.0,11000.0,-0.9009009009009028,0.5002702702702703,-1.401171171171173,4.054054054054057,-1.8018018018018056,True,True,True,False,20.377479694950978
89bdc59c595723e7,2022-09-26,950220,네오이뮨텍,KOSDAQ,baseline,opening_gapdown_v1,-3.8461538461538436,3500.0,3415.0,-2.4285714285714244,0.6585714285714286,-3.0871428571428527,3.7142857142857144,-3.1428571428571472,True,True,True,True,27.832000893660705
1a48607ef370068c,2022-09-27,095700,제넥신,KOSDAQ,baseline,opening_gapdown_v1,-5.957446808510635,22100.0,20700.0,-6.334841628959276,0.9087330316742082,-7.243574660633484,4.751131221719462,-9.728506787330316,True,True,True,True,25.83517189895808
36f78fe3c4db3ead,2022-09-27,179530,애드바이오텍,KOSDAQ,baseline,opening_gapdown_v1,-5.35714285714286,3180.0,3370.0,5.974842767295607,0.7016981132075472,5.27314465408806,23.42767295597483,-0.3144654088050314,True,True,False,False,16.407818452314075
b87c8c084dad6509,2022-09-27,080580,오킨스전자,KOSDAQ,baseline,opening_gapdown_v1,-3.561643835616435,17600.0,17700.0,0.5681818181818121,0.40045454545454545,0.16772727272726667,3.409090909090917,-8.238636363636365,True,True,True,True,26.608847102627635
70110830510d7f8e,2022-09-28,270520,지엔원에너지,KOSDAQ,baseline,opening_gapdown_v1,-3.157894736842104,2300.0,2380.0,3.4782608695652195,0.8821739130434783,2.5960869565217415,8.695652173913038,-4.130434782608694,True,True,True,True,27.309071445884825
beb035383cd6f73b,2022-09-28,080580,오킨스전자,KOSDAQ,baseline,opening_gapdown_v1,-3.1073446327683607,17150.0,18200.0,6.1224489795918435,0.4049271137026239,5.7175218658892195,6.997084548104948,0.0,True,True,False,False,23.494167625941614
369b951299612d52,2022-09-28,267850,아시아나IDT,KOSPI,baseline,opening_gapdown_v1,-2.892561983471076,11750.0,11550.0,-1.7021276595744705,0.48531914893617023,-2.1874468085106407,3.8297872340425476,-4.255319148936165,True,True,True,True,22.455057561951875
b3947bf94851b8cc,2022-09-29,004440,삼일씨엔에스,KOSPI,baseline,opening_gapdown_v1,-2.238805970149249,6550.0,6510.0,-0.6106870229007688,0.6880152671755726,-1.2987022900763414,12.977099236641232,-0.6106870229007688,True,True,False,False,22.186427906651346
d4fb174938c2d7d7,2022-09-30,101140,인바이오젠,KOSPI,baseline,opening_gapdown_v1,-4.81927710843374,1185.0,1255.0,5.907172995780585,0.4831645569620253,5.42400843881856,7.1729957805907185,-2.5316455696202556,True,True,True,True,14.048369983037745
0237386b0e58fd0a,2022-09-30,011070,LG이노텍,KOSPI,baseline,opening_gapdown_v1,-4.363636363636358,263000.0,273500.0,3.9923954372623527,0.8003422053231939,3.192053231939159,5.323193916349811,-0.1901140684410607,True,True,False,False,29.243216580150644
4c0beb260be7994a,2022-09-30,099220,SDN,KOSDAQ,baseline,opening_gapdown_v1,-4.30622009569378,2000.0,2120.0,6.000000000000005,0.98,5.020000000000005,7.499999999999996,-4.749999999999998,True,True,True,True,27.530758561940587
8a64e19b479f3cfd,2022-10-04,061250,화일약품,KOSDAQ,baseline,opening_gapdown_v1,-7.196029776674939,1870.0,1955.0,4.545454545454541,0.39042780748663103,4.15502673796791,6.417112299465244,-1.6042780748663055,True,True,True,False,26.8842289400078
1beee8cbce1e0fba,2022-10-05,035420,NAVER,KOSPI,baseline,opening_gapdown_v1,-3.399433427762044,170500.0,164000.0,-3.8123167155425186,0.4059530791788857,-4.2182697947214045,3.2258064516129004,-3.8123167155425186,True,True,True,True,15.984978042934827
f28c2838c8815568,2022-10-07,002790,아모레G,KOSPI,baseline,opening_gapdown_v1,-2.2304832713754608,26300.0,25650.0,-2.471482889733845,0.8003422053231939,-3.2718250950570384,2.091254752851701,-2.851711026615966,True,True,True,True,26.42490434881877
5fae888852231fb1,2022-10-07,323410,카카오뱅크,KOSPI,baseline,opening_gapdown_v1,-2.2222222222222254,19800.0,18350.0,-7.32323232323232,0.38151515151515153,-7.704747474747472,0.5050505050504972,-7.32323232323232,False,False,True,True,25.09472808483511
cbfa132e6ef96512,2022-10-07,382840,원준,KOSDAQ,baseline,opening_gapdown_v1,-2.1582733812949617,20400.0,20400.0,0.0,0.9652941176470587,-0.9652941176470587,2.6960784313725394,-0.7352941176470562,True,True,False,False,26.586704206819277
7927a8490e040f1d,2022-10-11,066410,버킷스튜디오,KOSDAQ,baseline,opening_gapdown_v1,-14.55108359133127,1380.0,1135.0,-17.753623188405797,0.4473913043478261,-18.20101449275362,5.072463768115942,-17.753623188405797,True,True,True,True,24.997608703303626
51c682764267799e,2022-10-11,036420,콘텐트리중앙,KOSPI,baseline,opening_gapdown_v1,-3.891050583657585,24700.0,24800.0,0.4048582995951344,0.8372874493927125,-0.43242914979757807,3.238866396761142,-5.263157894736848,True,True,True,True,28.455191830761237
58c035cb5ea2db4a,2022-10-11,005850,에스엘,KOSPI,baseline,opening_gapdown_v1,-3.8205980066445155,28950.0,28100.0,-2.936096718480141,0.7481347150259068,-3.684231433506048,0.17271157167531026,-3.9723661485319472,False,False,True,True,26.42899930653485
2cd61ce57da5f12c,2022-10-12,121800,비덴트,KOSDAQ,baseline,opening_gapdown_v1,-4.600484261501214,3940.0,4015.0,1.9035532994923887,0.6107106598984772,1.2928426395939114,6.725888324873086,-3.2994923857868064,True,True,True,True,20.395988032634648
d0d2a77f70d98c54,2022-10-12,066410,버킷스튜디오,KOSDAQ,baseline,opening_gapdown_v1,-3.964757709251099,1090.0,1110.0,1.83486238532109,0.5052293577981651,1.3296330275229247,8.715596330275233,-5.045871559633031,True,True,True,True,15.959869092193202
814ed780e47312d9,2022-10-12,048410,현대바이오,KOSDAQ,baseline,opening_gapdown_v1,-2.5839793281653756,18850.0,19400.0,2.917771883289122,0.38915119363395223,2.5286206896551695,4.244031830238737,0.0,True,True,False,False,28.198671088953176
18ea2aa9d40ba662,2022-10-13,263750,펄어비스,KOSDAQ,baseline,opening_gapdown_v1,-2.6128266033254133,41000.0,37750.0,-7.926829268292678,0.5958536585365855,-8.522682926829264,1.585365853658538,-8.90243902439024,True,False,True,True,28.96700384254669
dc7e723b46a35053,2022-10-13,323410,카카오뱅크,KOSPI,baseline,opening_gapdown_v1,-2.2535211267605604,17350.0,16550.0,-4.610951008645536,0.4029106628242075,-5.013861671469743,0.8645533141210304,-4.899135446685876,False,False,True,True,18.779889262275915
81aedefe026f21d7,2022-10-13,024120,KB오토시스,KOSDAQ,baseline,opening_gapdown_v1,-2.228412256267409,3510.0,3360.0,-4.273504273504269,0.6573504273504274,-4.930854700854696,0.8547008547008517,-4.843304843304841,False,False,True,True,28.04119638527345
8f0468a5808ccb20,2022-10-17,377300,카카오페이,KOSPI,baseline,opening_gapdown_v1,-6.9252077562326875,33600.0,34600.0,2.9761904761904656,0.6764285714285714,2.299761904761894,4.613095238095233,-3.4226190476190466,True,True,True,True,19.31077369686598
8f67a9be74265b1c,2022-10-17,323410,카카오뱅크,KOSPI,baseline,opening_gapdown_v1,-5.428571428571427,16550.0,16600.0,0.30211480362538623,0.4112688821752266,-0.10915407854984038,0.9063444108761365,-3.625377643504535,False,False,True,True,24.638041937249383
d634d12371a7a505,2022-10-17,036420,콘텐트리중앙,KOSPI,baseline,opening_gapdown_v1,-3.983228511530401,22900.0,22950.0,0.21834061135370675,0.8850218340611353,-0.6666812227074286,1.091703056768556,-3.4934497816593857,True,False,True,True,28.36183516662912
0013190097f2e5da,2022-11-02,217480,에스디생명공학,KOSDAQ,baseline,opening_gapdown_v1,-4.761904761904767,2200.0,1695.0,-22.95454545454545,0.9118181818181817,-23.86636363636363,0.0,-25.0,False,False,True,True,27.947887295790338
2b4bcd1dbabdd394,2022-11-03,217480,에스디생명공학,KOSDAQ,baseline,opening_gapdown_v1,-3.834808259587019,1630.0,1710.0,4.907975460122693,0.41404907975460126,4.493926380368092,7.975460122699385,-0.6134969325153339,True,True,False,False,21.580018237493988
70d550214bf67196,2022-11-03,121800,비덴트,KOSDAQ,baseline,opening_gapdown_v1,-2.8649386084583894,3560.0,3620.0,1.6853932584269593,0.6513483146067416,1.0340449438202177,2.2471910112359605,-0.2808988764044895,True,True,False,False,28.942089249565328
0c1a85c1a1f384cf,2022-11-03,011000,진원생명과학,KOSPI,baseline,opening_gapdown_v1,-2.6666666666666616,7300.0,7300.0,0.0,0.640958904109589,-0.640958904109589,1.3698630136986356,-0.5479452054794498,True,False,False,False,22.125677855102055
ec4c4d83be50bebc,2022-11-17,043090,엑서지21,KOSDAQ,baseline,opening_gapdown_v1,-2.564102564102566,2850.0,2600.0,-8.771929824561408,0.7563157894736842,-9.528245614035091,0.8771929824561431,-9.999999999999998,False,False,True,True,29.10344641325932
a72a0432da751c6a,2022-11-18,043090,엑서지21,KOSDAQ,baseline,opening_gapdown_v1,-2.115384615384619,2545.0,2740.0,7.662082514734769,0.8193909626719057,6.842691552062863,9.430255402750486,-2.5540275049115935,True,True,True,True,23.8933672564947
323df45158bd3e12,2022-12-07,057680,티사이언티픽,KOSDAQ,baseline,opening_gapdown_v1,-2.6156941649899346,2420.0,2435.0,0.6198347107438051,0.8498347107438017,-0.22999999999999654,2.2727272727272707,-4.1322314049586755,True,True,True,True,22.785068712604385
bb192c8c02aee5aa,2022-12-14,011080,형지I&C,KOSDAQ,baseline,opening_gapdown_v1,-6.818181818181824,1435.0,1395.0,-2.7874564459930307,0.4390592334494774,-3.226515679442508,1.3937282229965264,-5.574912891986061,True,False,True,True,28.620747402912144
3999d8b634b2eb53,2022-12-16,011080,형지I&C,KOSDAQ,baseline,opening_gapdown_v1,-2.1126760563380254,1390.0,1400.0,0.7194244604316502,0.4458273381294964,0.27359712230215383,2.517985611510798,-1.7985611510791366,True,True,True,False,27.30582339817427
c26c1db611672b2a,2022-12-16,005850,에스엘,KOSPI,baseline,opening_gapdown_v1,-2.004008016032066,24450.0,24900.0,1.8404907975460016,0.8434969325153374,0.9969938650306642,2.658486707566454,-0.2044989775051076,True,True,False,False,29.321230627932223
0dc3aab8b2e91457,2022-12-19,041590,플래스크,KOSDAQ,baseline,opening_gapdown_v1,-2.8340080971659964,1200.0,1200.0,0.0,0.48,-0.48,3.3333333333333437,-7.499999999999996,True,True,True,True,22.451610153136926
3c26fd02a7a10899,2022-12-23,107600,새빗켐,KOSDAQ,baseline,opening_gapdown_v1,-3.139534883720929,83300.0,81500.0,-2.1608643457383003,0.5901440576230492,-2.7510084033613493,1.680672268907557,-2.400960384153661,True,False,True,True,29.140026446379963
4c99e53073d949e5,2022-12-23,006490,인스코비,KOSPI,baseline,opening_gapdown_v1,-2.536231884057971,1345.0,1300.0,-3.3457249070631967,0.4530483271375465,-3.798773234200743,1.8587360594795488,-4.460966542750933,True,False,True,True,28.60173969234357
a023d028eddeddf9,2023-01-03,353200,대덕전자,KOSPI,baseline,opening_gapdown_v1,-2.452316076294281,17900.0,19550.0,9.21787709497206,0.3975977653631285,8.820279329608931,9.49720670391061,0.0,True,True,False,False,24.919416025467427
c9ac2b11c5c480e0,2023-01-03,003540,대신증권,KOSPI,baseline,opening_gapdown_v1,-2.049180327868849,11950.0,12050.0,0.8368200836819994,0.4810460251046025,0.35577405857739697,1.673640167364021,-0.8368200836820106,True,False,False,False,16.609398348652107
a6744bb85602a489,2023-01-04,153710,옵티팜,KOSDAQ,baseline,opening_gapdown_v1,-2.8614457831325324,6450.0,6750.0,4.651162790697683,0.6951162790697675,3.9560465116279153,13.178294573643413,0.0,True,True,False,False,9.249027680469652
726c3834f163e90b,2023-01-04,052600,한네트,KOSDAQ,baseline,opening_gapdown_v1,-2.579979360165119,4720.0,5020.0,6.355932203389836,0.5477966101694915,5.808135593220344,7.838983050847448,-0.4237288135593209,True,True,False,False,19.00965151384382
6a66f645997cb078,2023-01-04,002380,KCC,KOSPI,baseline,opening_gapdown_v1,-2.5125628140703515,194000.0,202000.0,4.123711340206193,0.38463917525773195,3.7390721649484613,4.381443298969079,-0.2577319587628857,True,True,False,False,24.23205420126547
f657e3652b890d75,2023-01-31,214870,뉴지랩파마,KOSDAQ,baseline,opening_gapdown_v1,-27.51842751842751,5900.0,6120.0,3.7288135593220417,0.7384745762711864,2.9903389830508553,19.491525423728806,0.0,True,True,False,False,25.706057990871585
90ac5d68c75746c1,2023-01-31,019660,글로본,KOSDAQ,baseline,opening_gapdown_v1,-11.871813546977418,1210.0,1508.0,24.628099173553707,0.4779338842975207,24.150165289256186,25.20661157024793,0.0,True,True,False,False,20.556701312052567
d8114f01323f3a2e,2023-03-08,078130,국일제지,KOSDAQ,baseline,opening_gapdown_v1,-2.2964509394572064,1872.0,1364.0,-27.13675213675214,0.3902564102564102,-27.52700854700855,1.6559829059829,-28.311965811965813,True,False,True,True,27.267004863555712
a35a6ec7b343221c,2023-03-09,078130,국일제지,KOSDAQ,baseline,opening_gapdown_v1,-6.231671554252194,1279.0,1012.0,-20.87568412822518,0.46455824863174355,-21.340242376856924,6.02032838154809,-22.204847537138395,True,True,True,True,13.507005135378819
ce3a87a1d38bd9cf,2023-03-10,249420,일동제약,KOSPI,baseline,opening_gapdown_v1,-2.0179372197309364,21850.0,21900.0,0.22883295194509046,0.9164988558352403,-0.6876659038901498,1.6018306636155666,-0.9153318077803174,True,False,False,False,24.632899990788445
215ffb10c2aff991,2023-03-14,047820,초록뱀미디어,KOSDAQ,baseline,opening_gapdown_v1,-2.3300970873786353,10060.0,9820.0,-2.385685884691846,0.5282107355864811,-2.913896620278327,2.385685884691857,-2.982107355864816,True,True,True,True,28.516684471972326
3eee0ac1a5e6508a,2023-03-16,089590,제주항공,KOSPI,baseline,opening_gapdown_v1,-2.7046263345195776,13670.0,13810.0,1.024140453547906,0.44945866861741035,0.5746817849304956,2.2677395757132457,-1.1704462326261877,True,True,True,False,28.21625125297787
92d6ef840ee4fca6,2023-03-16,079160,CJ CGV,KOSPI,baseline,opening_gapdown_v1,-2.2164276401564487,15000.0,14870.0,-0.8666666666666711,0.43000000000000005,-1.2966666666666713,2.1333333333333426,-2.6666666666666616,True,True,True,True,25.624533310744567
29b246390699f423,2023-04-04,047820,초록뱀미디어,KOSDAQ,baseline,opening_gapdown_v1,-2.296211251435132,8510.0,9190.0,7.9905992949471205,0.5825264394829612,7.408072855464159,16.3337250293772,0.0,True,True,False,False,16.516083523907113
6f709cae846a7a31,2023-04-06,238090,앤디포스,KOSDAQ,baseline,opening_gapdown_v1,-6.6066066066066025,3110.0,2800.0,-9.967845659163988,0.712315112540193,-10.68016077170418,1.9292604501607746,-9.967845659163988,True,False,True,True,20.600176086465098
a5bcea581f71c68b,2023-04-24,017390,서울가스,KOSPI,baseline,opening_gapdown_v1,-2.4598930481283476,456000.0,327500.0,-28.17982456140351,0.5589473684210526,-28.738771929824562,0.10964912280702066,-28.17982456140351,False,False,True,True,24.816331462578802
793e2cb9dfd74035,2023-04-25,030210,다올투자증권,KOSPI,baseline,opening_gapdown_v1,-17.355371900826444,3000.0,3270.0,9.000000000000007,0.73,8.270000000000007,9.83333333333334,-4.1666666666666625,True,True,True,True,23.93329660180366
732c503ae9b99c71,2023-04-26,030210,다올투자증권,KOSPI,baseline,opening_gapdown_v1,-3.0581039755351647,3170.0,3110.0,-1.8927444794952675,0.7031861198738171,-2.5959305993690847,6.309148264984232,-2.050473186119872,True,True,True,True,21.497613223957018
69679a5558639066,2023-04-26,005320,국동,KOSPI,baseline,opening_gapdown_v1,-2.6192703461178635,1041.0,1077.0,3.458213256484144,0.5181844380403459,2.940028818443798,4.995196926032652,-0.09606147934678733,True,True,False,False,24.663760874909187
fb72a2b975d80b61,2023-04-26,278280,천보,KOSDAQ GLOBAL,baseline,opening_gapdown_v1,-2.358974358974364,190400.0,182000.0,-4.411764705882348,0.387563025210084,-4.799327731092432,1.313025210084029,-5.4096638655462215,True,False,True,True,25.543794460429424
047f4741c07b8f09,2023-04-27,004690,삼천리,KOSPI,baseline,opening_gapdown_v1,-22.807017543859654,132000.0,124500.0,-5.681818181818176,0.4572727272727273,-6.139090909090903,8.18181818181818,-7.424242424242422,True,True,True,True,4.963859228419807
f650dc0e9b31849c,2023-04-27,032190,다우데이타,KOSDAQ,baseline,opening_gapdown_v1,-2.1486643437862996,16850.0,16490.0,-2.136498516320473,0.40804154302670625,-2.544540059347179,3.442136498516324,-4.391691394658759,True,True,True,True,8.521304866261957
98d3fe15f71219e4,2023-04-28,016710,대성홀딩스,KOSPI,baseline,opening_gapdown_v1,-26.517571884984026,23000.0,34050.0,48.04347826086956,0.8821739130434783,47.16130434782608,74.34782608695652,-1.7391304347826098,True,True,True,False,5.382327174237204
fa84ab67ea5e3bb5,2023-04-28,003100,선광,KOSDAQ,baseline,opening_gapdown_v1,-21.16336633663366,31850.0,41250.0,29.513343799058077,0.7009576138147566,28.81238618524332,60.439560439560445,-2.982731554160123,True,True,True,True,8.065507058827166
32f292a041957922,2023-05-02,017390,서울가스,KOSPI,baseline,opening_gapdown_v1,-2.9710711493354136,124100.0,112400.0,-9.427880741337635,0.4717405318291701,-9.899621273166805,4.029008863819494,-10.153102336825137,True,True,True,True,6.804288799841245
bd0ac109e86a4684,2023-05-02,032190,다우데이타,KOSDAQ,baseline,opening_gapdown_v1,-2.072538860103623,17010.0,16460.0,-3.233392122281009,0.4063668430335097,-3.6397589653145186,2.7630805408583203,-6.466784244562018,True,True,True,True,10.949028629958988
f23c1701890184be,2023-05-03,017390,서울가스,KOSPI,baseline,opening_gapdown_v1,-2.0462633451957313,110100.0,107800.0,-2.0890099909173454,0.5024795640326976,-2.591489554950043,6.630336058128972,-2.452316076294281,True,True,True,True,6.4778411971289955
bcf8ccc46ad558b2,2023-05-11,032190,다우데이타,KOSDAQ,baseline,opening_gapdown_v1,-2.5769956002514194,15500.0,15490.0,-0.0645161290322549,0.4235483870967742,-0.4880645161290291,3.9354838709677376,-0.3225806451612856,True,True,False,False,12.413753408340185
855d4cd1d28d293c,2023-05-11,047820,초록뱀미디어,KOSDAQ,baseline,opening_gapdown_v1,-2.1367521367521403,6870.0,6810.0,-0.8733624454148492,0.6666812227074236,-1.540043668122273,2.4745269286754024,-2.4745269286754024,True,True,True,True,27.280667844834795
48f8ed5bdedee9c9,2023-05-12,104460,디와이피엔에프,KOSDAQ,baseline,opening_gapdown_v1,-26.885644768856444,30050.0,28800.0,-4.159733777038266,0.7291680532445923,-4.888901830282858,1.1647254575707144,-4.159733777038266,True,False,True,True,24.352848550518843
7b9862793ad72e5c,2023-05-15,104460,디와이피엔에프,KOSDAQ,baseline,opening_gapdown_v1,-18.75,23400.0,22050.0,-5.769230769230771,0.871025641025641,-6.640256410256412,14.743589743589736,-7.264957264957261,True,True,True,True,11.55144253017697
8b6136c0179d70d8,2023-05-15,101730,위메이드맥스,KOSDAQ,baseline,opening_gapdown_v1,-2.7340513670256805,11740.0,11830.0,0.7666098807495692,0.48553662691652466,0.2810732538330445,5.621805792163537,-0.08517887563883608,True,True,False,False,27.41701169881688
b2dbb799110a0aea,2023-05-15,123420,위메이드플레이,KOSDAQ,baseline,opening_gapdown_v1,-2.5751072961373356,11350.0,11490.0,1.2334801762114544,0.4943171806167401,0.7391629955947143,5.110132158590308,-1.3215859030836996,True,True,True,False,23.212952590513623
6d7102c3057f55cf,2023-05-17,011000,진원생명과학,KOSPI,baseline,opening_gapdown_v1,-13.461538461538458,4500.0,4865.0,8.111111111111114,0.5633333333333334,7.547777777777781,9.777777777777775,-8.777777777777773,True,True,True,True,21.041758372140634
1bb004fe8b37fbb0,2023-05-31,036570,엔씨소프트,KOSPI,baseline,opening_gapdown_v1,-2.0092735703245768,317000.0,321000.0,1.2618296529968376,0.7031861198738171,0.5586435331230205,2.208201892744488,-1.2618296529968487,True,True,True,False,29.075021586266644
a24878d631a2f54a,2023-06-05,035290,골드앤에스,KOSDAQ,baseline,opening_gapdown_v1,-5.1446945337620615,2950.0,2180.0,-26.101694915254235,0.7384745762711864,-26.840169491525423,1.6949152542372836,-26.101694915254235,True,False,True,True,5.841055994945862
3f5cf1911d7217e9,2023-06-09,104460,디와이피엔에프,KOSDAQ,baseline,opening_gapdown_v1,-2.117647058823524,20800.0,20750.0,-0.24038461538461453,0.9511538461538461,-1.1915384615384608,2.8846153846153744,-1.4423076923076872,True,True,True,False,28.434115967775313
2033a31c6968b23e,2023-06-14,244460,올리패스,KOSDAQ,baseline,opening_gapdown_v1,-2.0270270270270285,2175.0,2120.0,-2.5287356321839094,0.9196551724137931,-3.4483908045977025,2.0689655172413834,-2.758620689655178,True,True,True,True,20.395811602265823
11fc2c3442c69fde,2023-06-15,275630,에스에스알,KOSDAQ,baseline,opening_gapdown_v1,-2.516411378555794,4455.0,4630.0,3.9281705948372547,0.5667003367003367,3.361470258136918,4.7138047138047146,0.0,True,True,False,False,28.808040925478608
3ba8059bc6c4c0dd,2023-06-19,095700,제넥신,KOSDAQ,baseline,opening_gapdown_v1,-2.089268755935425,10310.0,10390.0,0.7759456838021261,0.5209796314258002,0.25496605237632597,3.0067895247332777,-0.29097963142580285,True,True,False,False,29.08111611521859
4ef92476a083cfef,2023-06-22,079160,CJ CGV,KOSPI,baseline,opening_gapdown_v1,-3.9335664335664378,10990.0,10500.0,-4.458598726114649,0.5029754322111011,-4.9615741583257496,0.09099181073703999,-4.458598726114649,False,False,True,True,19.408395977060152
24e0acb45007cd42,2023-06-27,253450,스튜디오드래곤,KOSDAQ,baseline,opening_gapdown_v1,-2.9462738301559765,56000.0,54300.0,-3.035714285714286,0.7657142857142857,-3.8014285714285716,1.2499999999999956,-8.03571428571429,True,False,True,True,25.125108546196614
b55385c8a9cf4bdc,2023-06-30,025900,동화기업,KOSDAQ,baseline,opening_gapdown_v1,-2.015113350125941,38900.0,40000.0,2.8277634961439535,0.6156041131105399,2.2121593830334136,3.7275064267352276,-0.5141388174807249,True,True,False,False,21.794117474529926
1bbe10be587be071,2023-07-03,101730,위메이드맥스,KOSDAQ,baseline,opening_gapdown_v1,-2.316602316602312,10120.0,10680.0,5.533596837944654,0.5264426877470355,5.007154150197619,6.719367588932812,0.0,True,True,False,False,24.595822664727976
dd9d729cc6a7aaaf,2023-07-05,235980,메드팩토,KOSDAQ,baseline,opening_gapdown_v1,-3.0472636815920384,15590.0,14070.0,-9.749839640795377,0.42243104554201416,-10.172270686337392,0.7055805003207238,-9.942270686337395,False,False,True,True,19.77372452718693
70b6743bb0d1c9ce,2023-07-05,298000,효성화학,KOSPI,baseline,opening_gapdown_v1,-2.183908045977012,85100.0,80800.0,-5.052878965922448,0.5825264394829612,-5.635405405405409,0.8225616921269108,-5.522914218566388,False,False,True,True,22.221283073934686
5cad1179e2548393,2023-07-06,006360,GS건설,KOSPI,baseline,opening_gapdown_v1,-11.36993899057127,15980.0,14520.0,-9.136420525657075,0.4177346683354193,-9.554155193992493,0.06257822277846437,-9.637046307884855,False,False,True,True,26.049571822694077
3e6ae1fc1c96947f,2023-07-07,079160,CJ CGV,KOSPI,baseline,opening_gapdown_v1,-2.488687782805432,8620.0,8700.0,0.9280742459396807,0.5780278422273781,0.35004640371230256,2.088167053364276,-1.1600928074245953,True,True,True,False,16.563086762650528
da6697da9a15dc1d,2023-07-07,101390,아이엠,KOSDAQ,baseline,opening_gapdown_v1,-2.215657311669128,6620.0,6070.0,-8.308157099697889,0.6831722054380666,-8.991329305135956,1.2084592145015005,-8.610271903323262,True,False,True,True,27.868443516962017
1dbb6a87ad39369f,2023-07-07,317400,자이에스앤디,KOSPI,baseline,opening_gapdown_v1,-2.100161550888535,6060.0,6070.0,0.16501650165017256,0.725049504950495,-0.5600330033003225,2.1452145214521545,-0.990099009900991,True,True,False,False,29.760951127337137
aec3055ecbab572c,2023-07-10,024850,HLB이노베이션,KOSDAQ,baseline,opening_gapdown_v1,-2.688860435339313,3800.0,3565.0,-6.184210526315792,0.6247368421052631,-6.808947368421055,1.8421052631578894,-7.236842105263152,True,False,True,True,28.59614576058007
5370f446ac941d56,2023-07-10,013890,지누스,KOSPI,baseline,opening_gapdown_v1,-2.2403258655804503,24000.0,24450.0,1.8750000000000044,0.855,1.0200000000000045,2.2916666666666696,-1.2499999999999956,True,True,True,False,23.670748317584852
a8c1f85bec691b47,2023-07-17,067390,아스트,KOSDAQ,baseline,opening_gapdown_v1,-26.203208556149736,1380.0,1645.0,19.202898550724633,0.4473913043478261,18.75550724637681,29.565217391304355,-1.449275362318836,True,True,True,False,19.745791818474544
8e3971a91e823d6d,2023-07-17,352770,클리노믹스,KOSDAQ,baseline,opening_gapdown_v1,-2.127659574468088,4600.0,4615.0,0.3260869565217428,0.5560869565217391,-0.22999999999999632,1.9565217391304346,-0.9782608695652173,True,False,False,False,22.780522225430133
ccb00fc67e7c447a,2023-07-24,080580,오킨스전자,KOSDAQ,baseline,opening_gapdown_v1,-9.815950920245397,8820.0,6850.0,-22.335600907029473,0.5701360544217687,-22.905736961451243,0.6802721088435382,-22.335600907029473,False,False,True,True,17.19658618048335
5be210c13f8f5fb2,2023-07-25,080580,오킨스전자,KOSDAQ,baseline,opening_gapdown_v1,-12.408759124087588,6000.0,6820.0,13.666666666666671,0.73,12.936666666666671,23.666666666666657,-9.83333333333334,True,True,True,True,12.768361685175421
33dcfaa33801d29a,2023-07-25,361390,제노코,KOSDAQ,baseline,opening_gapdown_v1,-2.232398397252433,17080.0,16670.0,-2.4004683840749386,0.4056440281030445,-2.806112412177983,1.814988290398123,-2.634660421545665,True,False,True,True,21.140788620255393
f14307897ddc33b7,2023-07-26,060900,DGP,KOSDAQ,baseline,opening_gapdown_v1,-4.773869346733672,3790.0,3500.0,-7.651715039577834,0.625778364116095,-8.277493403693928,4.881266490765168,-14.775725593667543,True,True,True,True,27.212187670563424
833aa984da430c0d,2023-07-26,080580,오킨스전자,KOSDAQ,baseline,opening_gapdown_v1,-4.252199413489732,6530.0,5600.0,-14.241960183767233,0.6894180704441042,-14.931378254211337,2.14395099540583,-18.52986217457887,True,True,True,True,12.732209920814597
798b8877d4ed020c,2023-07-26,310200,애니플러스,KOSDAQ,baseline,opening_gapdown_v1,-2.844311377245512,3245.0,3240.0,-0.15408320493066618,0.6922496147919878,-0.846332819722654,4.6224961479198745,-3.852080123266566,True,True,True,True,26.702892307356393
801a606e67a24bf7,2023-07-27,078160,메디포스트,KOSDAQ,baseline,opening_gapdown_v1,-8.994708994709,8600.0,8830.0,2.674418604651163,0.5788372093023256,2.0955813953488374,9.18604651162791,-1.1627906976744207,True,True,True,False,13.323665177598627
28d88f92efe636c2,2023-07-27,060900,DGP,KOSDAQ,baseline,opening_gapdown_v1,-8.285714285714285,3210.0,3895.0,21.339563862928344,0.6972897196261681,20.642274143302174,26.012461059190038,0.0,True,True,False,False,24.589956775166826
58681c00d2807d6c,2023-07-27,018000,유니슨,KOSDAQ,baseline,opening_gapdown_v1,-5.963029218843174,1577.0,1624.0,2.9803424223208586,0.42023462270133166,2.560107799619527,5.580215599239069,0.0,True,True,False,False,28.29505509744834
6278e17a7fa12416,2023-07-28,080580,오킨스전자,KOSDAQ,baseline,opening_gapdown_v1,-5.263157894736848,6300.0,6420.0,1.904761904761898,0.7061904761904763,1.1985714285714217,4.920634920634925,-4.6031746031745975,True,True,True,True,19.553321972209233
6e59d6709edc8dba,2023-07-28,270520,지오릿에너지,KOSDAQ,baseline,opening_gapdown_v1,-2.9691211401425166,8170.0,8540.0,4.528763769889843,0.5971970624235007,3.9315667074663425,5.385556915544676,-1.9583843329253336,True,True,True,False,27.038905907480626
103f7cd61f857235,2023-07-28,900250,크리스탈신소재,KOSDAQ,baseline,opening_gapdown_v1,-2.7722772277227747,2455.0,2615.0,6.517311608961296,0.8409979633401221,5.676313645621174,8.146639511201625,-1.4256619144602856,True,True,True,False,28.803012537050094
f5d9e5faa1954e8c,2023-08-04,096610,알에프세미,KOSDAQ,baseline,opening_gapdown_v1,-2.517361111111116,11230.0,11460.0,2.048085485307216,0.4971415850400712,1.550943900267145,5.342831700801431,-1.1576135351736405,True,True,True,False,29.630694514146327
fe9b25a3c0ce9592,2023-08-08,161570,THE MIDONG,KOSDAQ,baseline,opening_gapdown_v1,-21.30325814536341,1570.0,1397.0,-11.019108280254775,0.42108280254777075,-11.440191082802546,7.0700636942675255,-11.019108280254775,True,True,True,True,28.190727685007573
8445a641edd8ae0a,2023-08-09,161570,THE MIDONG,KOSDAQ,baseline,opening_gapdown_v1,-4.509663564781674,1334.0,1291.0,-3.2233883058470747,0.45488755622188903,-3.678275862068964,7.946026986506749,-9.22038980509745,True,True,True,True,21.46065656252219
aaf0606e12f91313,2023-08-16,024900,덕양산업,KOSPI,baseline,opening_gapdown_v1,-5.0819672131147575,5790.0,5810.0,0.3454231433505983,0.7481347150259068,-0.40271157167530847,3.1088082901554515,-1.5544041450777257,True,True,True,False,29.853118381578426
8cd68b3336241274,2023-08-16,217730,강스템바이오텍,KOSDAQ,baseline,opening_gapdown_v1,-4.265402843601896,2020.0,2030.0,0.4950495049504955,0.9725742574257425,-0.47752475247524706,6.930693069306937,-1.1386138613861396,True,True,True,False,21.614890897402645
f1bb351018415455,2023-08-16,228670,레이,KOSDAQ,baseline,opening_gapdown_v1,-2.6548672566371723,27500.0,25000.0,-9.090909090909093,0.7754545454545455,-9.866363636363639,0.1818181818181719,-10.72727272727273,False,False,True,True,25.905409081395575
c9d8314c7441db86,2023-08-17,016790,카나리아바이오,KOSDAQ,baseline,opening_gapdown_v1,-3.4375000000000044,4635.0,4870.0,5.070118662351675,0.5536245954692557,4.516494066882419,11.542610571736777,-0.21574973031284195,True,True,False,False,25.467461570756655
b480fa939c333ce6,2023-08-17,011500,한농화성,KOSPI,baseline,opening_gapdown_v1,-3.114186851211076,14000.0,14850.0,6.071428571428572,0.4442857142857143,5.627142857142858,6.071428571428572,-0.2142857142857113,True,True,False,False,28.284732183415898
5f269f80c7774b55,2023-08-17,093520,매커스,KOSDAQ,baseline,opening_gapdown_v1,-2.4367385192127444,10410.0,10790.0,3.6503362151777186,0.5181844380403459,3.1321517771373726,5.379442843419779,0.0,True,True,False,False,28.74465275373852
975bf4c9fdda7b0e,2023-08-18,013310,아진산업,KOSDAQ,baseline,opening_gapdown_v1,-2.828054298642535,4295.0,4480.0,4.307334109429561,0.5792433061699651,3.7280908032595965,6.402793946449359,-1.2805587892898762,True,True,True,False,29.510168602777966
eb00584c278052e5,2023-08-18,200880,서연이화,KOSPI,baseline,opening_gapdown_v1,-2.7901077996195345,15330.0,16040.0,4.631441617742982,0.4256947162426614,4.20574690150032,5.348988910632757,0.0,True,True,False,False,29.927808649101735
541b503addc72de7,2023-08-18,024900,덕양산업,KOSPI,baseline,opening_gapdown_v1,-2.5817555938037917,5660.0,6270.0,10.77738515901061,0.7600353356890459,10.017349823321563,12.190812720848054,0.0,True,True,False,False,26.888527762992
c90aa08d6f986ada,2023-08-21,131400,이브이첨단소재,KOSDAQ,baseline,opening_gapdown_v1,-2.7972027972028024,4170.0,4485.0,7.5539568345323715,0.5897122302158274,6.964244604316544,9.95203836930456,0.0,True,True,False,False,25.3667194991814
ad8b7f06b7469230,2023-08-28,038110,에코플라스틱,KOSDAQ,baseline,opening_gapdown_v1,-5.965621840242674,4650.0,4785.0,2.9032258064516148,0.5525806451612904,2.3506451612903243,5.591397849462365,-2.043010752688168,True,True,True,True,28.92130652156483
11567b8c7dea2b1c,2023-09-13,101670,하이드로리튬,KOSDAQ,baseline,opening_gapdown_v1,-2.1341463414634165,16050.0,16170.0,0.7476635514018781,0.4169158878504673,0.33074766355141083,3.1152647975077885,0.0,True,True,False,False,22.843940698777814
27160c8474b52d00,2023-09-13,020150,롯데에너지머티리얼즈,KOSPI,baseline,opening_gapdown_v1,-2.0713463751438455,42550.0,42350.0,-0.4700352526439522,0.5825264394829612,-1.0525616921269134,2.3501762632197387,-1.0575793184488869,True,True,True,False,27.52277434215729
38b3e01fb37d0598,2023-09-22,016790,카나리아바이오,KOSDAQ,baseline,opening_gapdown_v1,-3.342245989304815,3615.0,3990.0,10.373443983402497,0.6449377593360996,9.728506224066397,13.001383125864452,-0.13831258644536604,True,True,False,False,29.66058906729441
361f8f31c92f28ff,2023-09-22,299660,셀리드,KOSDAQ,baseline,opening_gapdown_v1,-3.3333333333333326,4350.0,4260.0,-2.0689655172413834,0.5748275862068966,-2.64379310344828,3.218390804597693,-5.977011494252871,True,True,True,True,25.494269805601093
78fb83285b5bd778,2023-09-22,417010,나노팀,KOSDAQ,baseline,opening_gapdown_v1,-3.0037546933667114,15500.0,16040.0,3.483870967741942,0.4235483870967742,3.0603225806451677,3.483870967741942,-0.6451612903225823,True,True,False,False,28.137878046301438
c8538d6d0554e1d4,2023-09-25,037270,YG PLUS,KOSPI,baseline,opening_gapdown_v1,-2.123142250530785,4610.0,4690.0,1.7353579175704903,0.5553796095444685,1.1799783080260218,3.3622559652928485,-0.10845986984815426,True,True,False,False,29.484077616530044
404f43375950ee9d,2023-09-26,208340,파멥신,KOSDAQ,baseline,opening_gapdown_v1,-3.388494877856585,1226.0,1179.0,-3.8336052202283866,0.47469820554649267,-4.308303425774879,14.274061990212061,-7.09624796084829,True,True,True,True,20.34725437045637
705c6b17278da796,2023-09-27,005950,이수화학,KOSPI,baseline,opening_gapdown_v1,-3.074866310160429,14500.0,15400.0,6.206896551724128,0.43689655172413794,5.76999999999999,6.206896551724128,0.0,True,True,False,False,24.05166829515484
acee7f622b9f3cbf,2023-09-27,096770,SK이노베이션,KOSPI,baseline,opening_gapdown_v1,-2.941176470588236,145200.0,148800.0,2.4793388429751984,0.4366115702479339,2.0427272727272645,2.5482093663911742,0.0,True,True,False,False,27.636507157906138
734b10561af85c1b,2023-09-27,365340,성일하이텍,KOSDAQ,baseline,opening_gapdown_v1,-2.8518859245630135,105600.0,111800.0,5.8712121212121104,0.5140909090909092,5.357121212121202,10.511363636363647,0.0,True,True,False,False,26.83177809227594
6c8212321ca8c916,2023-10-04,006400,삼성SDI,KOSPI,baseline,opening_gapdown_v1,-5.56640625,483500.0,484500.0,0.20682523267838704,0.5402378490175801,-0.33341261633919306,2.2750775594622574,-1.2409513960703222,True,True,True,False,26.776436284851187
ac4cb209c91e52d5,2023-10-04,377460,위니아에이드,KOSDAQ,baseline,opening_gapdown_v1,-4.648160103292442,1477.0,1540.0,4.2654028436019065,0.4331144211238998,3.8322884224780065,18.34800270819228,-0.13540961408260443,True,True,False,False,12.930257722872653
fccedd1a807e204c,2023-10-04,112610,씨에스윈드,KOSPI,baseline,opening_gapdown_v1,-2.752293577981646,53000.0,49950.0,-5.75471698113208,0.7960377358490566,-6.550754716981136,0.18867924528302993,-6.132075471698117,False,False,True,True,27.740280611233743
8b3ccdbfcaa626e3,2023-10-06,377460,위니아에이드,KOSDAQ,baseline,opening_gapdown_v1,-6.004140786749479,1362.0,1475.0,8.29662261380324,0.45026431718061677,7.846358296622624,18.57562408223201,-0.1468428781204123,True,True,False,False,12.38789356855699
2a72caf028e342f7,2023-10-06,009900,명신산업,KOSPI,baseline,opening_gapdown_v1,-2.007083825265643,16600.0,17400.0,4.819277108433728,0.41072289156626507,4.408554216867463,5.180722891566258,0.0,True,True,False,False,22.768070061746684
dc3611038a5f0720,2023-10-10,003490,대한항공,KOSPI,baseline,opening_gapdown_v1,-2.6128266033254133,20500.0,20500.0,0.0,0.9617073170731708,-0.9617073170731708,1.7073170731707332,-0.9756097560975618,True,False,False,False,26.11485778844525
7c3a10f77b64db12,2023-10-13,377460,위니아에이드,KOSDAQ,baseline,opening_gapdown_v1,-2.906287069988134,1637.0,1641.0,0.24434941967013124,0.4132620647525962,-0.16891264508246495,17.104459376908988,-3.2376298106291945,True,True,True,True,29.156454443655548
763c5ce371d2cdc1,2023-10-16,101670,하이드로리튬,KOSDAQ,baseline,opening_gapdown_v1,-3.0421216848673938,12430.0,11970.0,-3.7007240547063502,0.47135156878519713,-4.172075623491548,2.6548672566371723,-6.033789219629925,True,True,True,True,29.24243925883873
371a2ef243959992,2023-10-17,214270,FSN,KOSDAQ,baseline,opening_gapdown_v1,-2.657004830917875,2015.0,2040.0,1.2406947890818865,0.9744168734491315,0.26627791563275494,5.210918114143914,-1.3399503722084316,True,True,True,False,24.78639810930035
d61b419584f4db3f,2023-10-18,069460,대호에이엘,KOSPI,baseline,opening_gapdown_v1,-11.081967213114751,1356.0,1126.0,-16.96165191740413,0.45123893805309734,-17.412890855457228,5.457227138643073,-21.091445427728615,True,True,True,True,22.83174636960817
52bce8c300de035f,2023-10-19,019170,신풍제약,KOSPI,baseline,opening_gapdown_v1,-19.397501836884643,10970.0,11030.0,0.5469462169553241,0.5034731084776664,0.04347310847765773,3.7374658158614293,-12.853236098450315,True,True,True,True,25.87256224511482
6ae2eb1a7a945908,2023-10-19,363250,진시스템,KOSDAQ,baseline,opening_gapdown_v1,-12.43980738362761,10910.0,11210.0,2.7497708524289566,0.5049770852428964,2.24479376718606,9.074243813015581,-2.5664527956003713,True,True,True,True,17.736920818322716
b3f4a0d3d598d9df,2023-10-19,140410,메지온,KOSDAQ,baseline,opening_gapdown_v1,-2.9957203994293913,34000.0,34600.0,1.764705882352935,0.6711764705882353,1.0935294117646996,3.088235294117636,-1.0294117647058787,True,True,True,False,27.232307951926998
b7c0f75101bc021f,2023-10-20,011810,STX,KOSPI,baseline,opening_gapdown_v1,-23.219584569732945,10350.0,10930.0,5.603864734299524,0.5198550724637682,5.084009661835756,8.115942028985511,-4.347826086956519,True,True,True,True,25.278893546903902
9bddfff0c967fcd4,2023-10-20,019170,신풍제약,KOSPI,baseline,opening_gapdown_v1,-3.5358114233907556,10640.0,11670.0,9.680451127819545,0.511954887218045,9.168496240601499,12.687969924812027,0.0,True,True,False,False,14.950436977159384
6358c747cc326057,2023-10-20,122870,와이지엔터테인먼트,KOSDAQ,baseline,opening_gapdown_v1,-3.284671532846717,53000.0,53700.0,1.3207547169811429,0.7960377358490566,0.5247169811320863,3.018867924528301,-0.18867924528301883,True,True,False,False,24.85048373034587
9eddfd8b7b701678,2023-10-23,001060,JW중외제약,KOSPI,baseline,opening_gapdown_v1,-14.457831325301207,24850.0,26700.0,7.444668008048283,0.8336217303822937,6.61104627766599,8.853118712273634,0.0,True,True,False,False,19.139203273265153
a3bf9425b1bef9d1,2023-10-23,378340,필에너지,KOSDAQ,baseline,opening_gapdown_v1,-5.825242718446599,18430.0,18700.0,1.4650027129679888,0.39277807921866525,1.0722246337493235,4.449267498643517,-1.8448182311448735,True,True,True,False,26.338022161579445
a1796c1b5fa14cec,2023-10-23,012450,한화에어로스페이스,KOSPI,baseline,opening_gapdown_v1,-4.042553191489362,90200.0,100300.0,11.197339246119743,0.5625942350332594,10.634745011086483,12.195121951219523,0.0,True,True,False,False,28.37350835190702
86af3ba1b1c59144,2023-10-24,310210,보로노이,KOSDAQ,baseline,opening_gapdown_v1,-4.761904761904767,34000.0,33650.0,-1.0294117647058787,0.6711764705882353,-1.700588235294114,2.499999999999991,-16.02941176470588,True,True,True,True,29.00104458167897
2e4082219d5dfd3d,2023-10-24,363250,진시스템,KOSDAQ,baseline,opening_gapdown_v1,-2.547770700636942,10710.0,12040.0,12.418300653594772,0.5101120448179272,11.908188608776845,14.659197012138181,-2.334267040149396,True,True,True,True,17.890290865186387
9796d38b98124a40,2023-10-26,006400,삼성SDI,KOSPI,baseline,opening_gapdown_v1,-6.2850729517396235,417500.0,423000.0,1.3173652694610682,0.5892814371257485,0.7280838323353197,4.191616766467066,0.0,True,True,False,False,28.481562841831206
331b90a1fe5e29f2,2023-10-26,372170,윤성에프앤씨,KOSDAQ,baseline,opening_gapdown_v1,-5.865314989138303,130000.0,132300.0,1.7692307692307674,0.4607692307692308,1.3084615384615366,5.692307692307685,-0.7692307692307665,True,True,False,False,28.06957029822962
75f581bc436053bc,2023-10-26,083310,엘오티베큠,KOSDAQ,baseline,opening_gapdown_v1,-5.605381165919288,21050.0,21250.0,0.9501187648456089,0.9425890736342043,0.0075296912114045655,3.562945368171011,-0.7125890736342066,True,True,False,False,28.96993322861016
020e044fc36b9c09,2023-10-30,372170,윤성에프앤씨,KOSDAQ,baseline,opening_gapdown_v1,-3.084040092521201,125700.0,126700.0,0.7955449482895727,0.46866348448687356,0.3268814638026991,3.182179793158313,-1.9093078758949833,True,True,True,False,24.79892273690237
8b4036d1ccc9a139,2023-10-30,336370,솔루스첨단소재,KOSPI,baseline,opening_gapdown_v1,-2.188183807439825,22350.0,23000.0,2.9082774049216997,0.9011409395973154,2.0071364653243844,3.1319910514541416,0.0,True,True,False,False,28.999865615928485
92a226631070eb1e,2023-10-30,310210,보로노이,KOSDAQ,baseline,opening_gapdown_v1,-2.1341463414634165,32100.0,32650.0,1.7133956386292892,0.6972897196261681,1.0161059190031212,4.049844236760114,-1.0903426791277204,True,True,True,False,27.058035739623094
e9b2a10f014f1c02,2023-11-02,057680,티사이언티픽,KOSDAQ,baseline,opening_gapdown_v1,-25.615763546798032,1510.0,1633.0,8.145695364238414,0.4286754966887417,7.717019867549672,28.741721854304636,-1.7218543046357615,True,True,True,False,21.149484866325082
204d7a4b45161dca,2023-11-02,066980,한성크린텍,KOSDAQ,baseline,opening_gapdown_v1,-4.809725158562372,1801.0,1691.0,-6.1077179344808386,0.3965741254858412,-6.50429205996668,13.548028872848427,-6.1077179344808386,True,True,True,True,18.264938076387935
dcd5f948dfb5cf3d,2023-11-03,066980,한성크린텍,KOSDAQ,baseline,opening_gapdown_v1,-11.23595505617978,1501.0,1828.0,21.7854763491006,0.4298667554963358,21.355609593604264,41.239173884077275,-0.06662225183211579,True,True,False,False,15.02452475425359
fb154bd6443a09de,2023-11-03,057680,티사이언티픽,KOSDAQ,baseline,opening_gapdown_v1,-8.573178199632581,1493.0,1675.0,12.190221031480242,0.4309377093101139,11.759283322170127,16.409912926992632,-0.20093770931011168,True,True,False,False,17.19715646364658
cd71e621a4e44aed,2023-11-03,009730,코센,KOSDAQ,baseline,opening_gapdown_v1,-7.473309608540923,2600.0,2820.0,8.461538461538453,0.806923076923077,7.654615384615376,13.461538461538458,0.0,True,True,False,False,18.164671718606257
b03afb44050d24d3,2023-11-09,175140,인포마크,KOSDAQ,baseline,opening_gapdown_v1,-2.4822695035460973,4125.0,4500.0,9.090909090909083,0.5936363636363636,8.497272727272719,14.303030303030306,-3.2727272727272716,True,True,True,True,14.794922457846042
cd3004b21d93f399,2023-11-10,175140,인포마크,KOSDAQ,baseline,opening_gapdown_v1,-4.444444444444439,4300.0,4150.0,-3.488372093023251,0.5788372093023256,-4.067209302325576,3.953488372093017,-5.116279069767438,True,True,True,True,18.06911509286934
d065a2a4d63c5320,2023-11-13,052020,에스티큐브,KOSDAQ,baseline,opening_gapdown_v1,-4.932182490752157,7710.0,8150.0,5.706874189364464,0.6191050583657588,5.087769130998705,11.543450064850846,0.0,True,True,False,False,28.997495203418865
50be691054776639,2023-11-14,440110,파두,KOSDAQ,baseline,opening_gapdown_v1,-14.390756302521012,16300.0,17710.0,8.650306748466253,0.41404907975460126,8.236257668711652,10.306748466257677,-0.30674846625766694,True,True,False,False,25.99492040714715
d0d335bfdb2e137e,2023-11-15,234920,자이글,KOSDAQ,baseline,opening_gapdown_v1,-9.795918367346934,8840.0,9800.0,10.859728506787336,0.5693665158371041,10.290361990950233,15.950226244343902,-1.5837104072398245,True,True,True,False,27.466007016371393
a1e7b4d31221b322,2023-12-05,091120,이엠텍,KOSDAQ,baseline,opening_gapdown_v1,-2.296211251435132,42550.0,43400.0,1.9976498237367801,0.5825264394829612,1.415123384253819,3.8777908343125667,-0.1175088131609825,True,True,False,False,29.528048425251782
7c571eae119a20b0,2023-12-28,009410,태영건설,KOSPI,baseline,opening_gapdown_v1,-19.33471933471933,1940.0,2315.0,19.329896907216494,0.38463917525773195,18.945257731958762,54.89690721649485,-0.2577319587628857,True,True,False,False,24.755335773907504
2b09a0523adceb3a,2024-01-18,323230,엠에프엠코리아,KOSDAQ,baseline,opening_gapdown_v1,-11.965192168237849,1214.0,1334.0,9.8846787479407,0.4771169686985173,9.407561779242183,11.202635914332792,-8.154859967051076,True,True,True,True,22.69866349210764
e20c947fa55a6632,2024-01-19,016790,카나리아바이오,KOSDAQ,baseline,opening_gapdown_v1,-11.08870967741935,2205.0,2120.0,-3.8548752834467126,0.9102721088435374,-4.76514739229025,19.27437641723355,-8.163265306122447,True,True,True,True,19.84027184277953
9034607f481c792d,2024-01-22,173130,오파스넷,KOSDAQ,baseline,opening_gapdown_v1,-2.791625124626118,9750.0,9240.0,-5.230769230769228,0.5376923076923077,-5.768461538461536,0.3076923076922977,-6.871794871794867,False,False,True,True,27.723884135507248
0eba2e863691aba6,2024-01-23,016790,카나리아바이오,KOSDAQ,baseline,opening_gapdown_v1,-8.814102564102566,1707.0,1645.0,-3.6321031048623276,0.4057469244288225,-4.03785002929115,9.490333919156413,-5.506736965436443,True,True,True,True,17.162360745846385
58847062c27383ce,2024-01-23,086520,에코프로,KOSDAQ,baseline,opening_gapdown_v1,-2.135922330097084,504000.0,508000.0,0.7936507936507908,0.8252380952380952,-0.031587301587304384,4.166666666666674,-0.7936507936507908,True,True,False,False,28.046705659208868
10061d175aa88781,2024-01-25,101670,하이드로리튬,KOSDAQ,baseline,opening_gapdown_v1,-3.053435114503822,5080.0,5000.0,-1.5748031496062964,0.8205511811023621,-2.3953543307086584,0.7874015748031482,-3.0511811023621993,False,False,True,True,28.571417118207904
7c815c6ea7d7aea3,2024-01-25,182400,엔케이맥스,KOSDAQ,baseline,opening_gapdown_v1,-2.168021680216803,3610.0,3415.0,-5.4016620498615,0.6455124653739612,-6.0471745152354615,0.5540166204986097,-16.89750692520776,False,False,True,True,18.554613545417766
4cad01b46b9b33bb,2024-01-26,093370,후성,KOSPI,baseline,opening_gapdown_v1,-10.625620655412115,9000.0,8640.0,-4.0000000000000036,0.5633333333333334,-4.563333333333337,3.8888888888888973,-4.555555555555557,True,True,True,True,25.941498543082957
c43030ded15580eb,2024-01-26,002710,TCC스틸,KOSPI,baseline,opening_gapdown_v1,-3.0905077262693204,43900.0,47100.0,7.289293849658307,0.5716856492027335,6.717608200455573,8.314350797266524,0.0,True,True,False,False,28.827526854581592
c5f0bb1a37a6af64,2024-01-26,001570,금양,KOSPI,baseline,opening_gapdown_v1,-3.0625832223701743,72800.0,80000.0,9.8901098901099,0.6420879120879122,9.248021978021987,13.324175824175821,-0.6868131868131844,True,True,False,False,20.828700083181104
f88babb73614070a,2024-01-31,182400,엔케이맥스,KOSDAQ,baseline,opening_gapdown_v1,-15.927750410509034,2560.0,2135.0,-16.6015625,0.8159375,-17.4175,0.9765625,-16.6015625,False,False,True,True,15.83681356143751
33f9904109c74043,2024-01-31,052020,에스티큐브,KOSDAQ,baseline,opening_gapdown_v1,-2.758620689655178,7050.0,6620.0,-6.099290780141842,0.6555319148936171,-6.754822695035458,0.99290780141843,-10.63829787234043,False,False,True,True,23.808925800839702
1021c8e3862448e0,2024-01-31,454910,두산로보틱스,KOSPI,baseline,opening_gapdown_v1,-2.083333333333337,70500.0,68700.0,-2.553191489361706,0.6555319148936171,-3.208723404255323,2.127659574468077,-2.553191489361706,True,True,True,True,27.67400395936211
a32c5a0e56a05d41,2024-02-01,182400,엔케이맥스,KOSDAQ,baseline,opening_gapdown_v1,-6.651053864168621,1993.0,2200.0,10.386352232814854,0.38052684395383846,10.005825388861016,22.930255895634733,-8.128449573507279,True,True,True,True,12.367021568553483
2aba860c8d298182,2024-02-01,066790,씨씨에스,KOSDAQ,baseline,opening_gapdown_v1,-3.9675383228133465,1065.0,1000.0,-6.103286384976525,0.5116901408450705,-6.614976525821596,6.666666666666665,-7.9812206572769995,True,True,True,True,28.1717861105584
563440c97a83e004,2024-02-01,338220,뷰노,KOSDAQ,baseline,opening_gapdown_v1,-2.2298456260720356,28500.0,29000.0,1.7543859649122862,0.7563157894736842,0.998070175438602,3.3333333333333437,-1.5789473684210575,True,True,True,False,28.087129748481715
cd611de0b9b93ffb,2024-02-02,373200,하인크코리아,KOSDAQ,baseline,opening_gapdown_v1,-8.333333333333337,4510.0,5410.0,19.955654101995556,0.5625942350332594,19.393059866962297,25.27716186252771,-6.541019955654104,True,True,True,True,29.661036637154183
2c4800643a27e467,2024-02-05,052020,에스티큐브,KOSDAQ,baseline,opening_gapdown_v1,-9.243697478991598,5400.0,6000.0,11.111111111111116,0.7855555555555556,10.32555555555556,14.814814814814813,-7.222222222222219,True,True,True,True,18.150512053248292
273876949f15c51f,2024-02-06,182400,엔케이맥스,KOSDAQ,baseline,opening_gapdown_v1,-6.9158878504672945,2490.0,2405.0,-3.4136546184738936,0.8324096385542169,-4.24606425702811,8.232931726907623,-4.81927710843374,True,True,True,True,25.845168848808996
461574fa71d48e99,2024-02-06,073570,리튬포어스,KOSDAQ,baseline,opening_gapdown_v1,-2.8968713789107814,4190.0,4080.0,-2.6252983293556076,0.5879952267303102,-3.213293556085918,0.0,-5.250596658711215,False,False,True,True,29.584534389064785
64a3db8e42f7253a,2024-02-13,182400,엔케이맥스,KOSDAQ,baseline,opening_gapdown_v1,-8.00865800865801,2125.0,2225.0,4.705882352941182,0.9358823529411765,3.7700000000000053,6.823529411764695,-4.0000000000000036,True,True,True,True,23.56669364687515
196190aaf7e4b87a,2024-02-14,182400,엔케이맥스,KOSDAQ,baseline,opening_gapdown_v1,-3.146067415730336,2155.0,2155.0,0.0,0.9260556844547563,-0.9260556844547563,4.408352668213467,-1.39211136890951,True,True,True,False,22.993151470462962
767312dc64c5b699,2024-02-20,182400,엔케이맥스,KOSDAQ,baseline,opening_gapdown_v1,-2.6258205689277947,2225.0,2105.0,-5.393258426966296,0.9041573033707865,-6.297415730337083,1.1235955056179803,-6.741573033707871,True,False,True,True,28.261547376081083
37edf75350c01716,2024-02-22,016790,카나리아바이오,KOSDAQ,baseline,opening_gapdown_v1,-2.922590837282779,1229.0,1121.0,-8.787632221318143,0.4741008950366151,-9.261733116354758,0.4882017900732283,-9.031733116354756,False,False,True,True,22.43683412891211
d5263864db411ba6,2024-02-28,182400,엔케이맥스,KOSDAQ,baseline,opening_gapdown_v1,-2.807775377969768,1800.0,1762.0,-2.111111111111108,0.3966666666666667,-2.5077777777777746,1.1111111111111072,-5.277777777777781,True,False,True,True,24.09576249177313
113b03ae66f6cf40,2024-02-29,182400,엔케이맥스,KOSDAQ,baseline,opening_gapdown_v1,-4.937570942111236,1675.0,1632.0,-2.5671641791044753,0.4091044776119403,-2.9762686567164156,0.8955223880596996,-6.567164179104479,False,False,True,True,23.152816741153913
50ec9935855c3330,2024-03-04,182400,엔케이맥스,KOSDAQ,baseline,opening_gapdown_v1,-5.024509803921573,1550.0,1705.0,10.000000000000009,0.4235483870967742,9.576451612903234,17.870967741935484,0.0,True,True,False,False,21.8242860104354
cd7529fc7e5ee374,2024-03-04,024940,PN풍년,KOSDAQ,baseline,opening_gapdown_v1,-2.072538860103623,5670.0,5420.0,-4.409171075837747,0.759100529100529,-5.168271604938276,2.821869488536155,-4.938271604938271,True,True,True,True,20.43754386690584
865fc705fcc2fe9e,2024-03-06,322510,제이엘케이,KOSDAQ,baseline,opening_gapdown_v1,-2.0242914979757054,12100.0,12520.0,3.4710743801652955,0.4779338842975207,2.9931404958677748,6.033057851239665,-0.08264462809917106,True,True,False,False,28.683430722564182
43ff22dc5e977f8b,2024-03-08,086900,메디톡스,KOSDAQ,baseline,opening_gapdown_v1,-2.7118644067796627,143500.0,145500.0,1.3937282229965264,0.4390592334494774,0.954668989547049,2.7874564459930307,0.0,True,True,False,False,16.551393620972647
4c3df78c302cdaf1,2024-03-20,222810,세토피아,KOSDAQ,baseline,opening_gapdown_v1,-13.475177304964536,1220.0,1332.0,9.180327868852455,0.47590163934426233,8.704426229508194,13.114754098360649,-5.737704918032782,True,True,True,True,15.592350338170519
f8b9206ea7f2a903,2024-04-03,450080,에코프로머티,KOSPI,baseline,opening_gapdown_v1,-2.429149797570851,120500.0,118700.0,-1.4937759336099532,0.47896265560165974,-1.972738589211613,1.8257261410788317,-2.40663900414938,True,False,True,True,23.97981251396851
96a13907253f3e4d,2024-04-05,310210,보로노이,KOSDAQ,baseline,opening_gapdown_v1,-2.599388379204892,31850.0,31300.0,-1.7268445839874413,0.7009576138147566,-2.427802197802198,2.511773940345363,-3.9246467817896424,True,True,True,True,28.868675693308845
14bcdb21c91b9298,2024-04-05,139050,BF랩스,KOSDAQ,baseline,opening_gapdown_v1,-2.535657686212356,3075.0,2805.0,-8.780487804878046,0.7178048780487805,-9.498292682926827,1.300813008130075,-12.195121951219512,True,False,True,True,17.54622960777921
a841ad127cc5eb12,2024-04-05,383930,디티앤씨알오,KOSDAQ,baseline,opening_gapdown_v1,-2.259887005649719,6920.0,6700.0,-3.1791907514450823,0.6635260115606936,-3.842716763005776,2.6011560693641522,-4.768786127167635,True,True,True,True,27.786630590507357
ef6e65646824be28,2024-04-09,452190,한빛레이저,KOSDAQ,baseline,opening_gapdown_v1,-2.4154589371980673,6060.0,6300.0,3.960396039603964,0.725049504950495,3.235346534653469,14.686468646864693,-1.980198019801982,True,True,True,False,29.20505996362637
c4d19ab014222738,2024-04-11,022100,포스코DX,KOSPI,baseline,opening_gapdown_v1,-3.2258064516129004,43500.0,44300.0,1.839080459770126,0.5748275862068966,1.2642528735632295,2.9885057471264354,-0.11494252873562871,True,True,False,False,28.02746915925202
4ba0711689b90a9c,2024-04-11,047050,포스코인터내셔널,KOSPI,baseline,opening_gapdown_v1,-2.466598150051391,47450.0,47500.0,0.10537407797681642,0.5461222339304531,-0.4407481559536367,2.1074815595363505,-0.737618545837726,True,True,False,False,29.33937019955303
457980da2ada086a,2024-04-11,450080,에코프로머티,KOSPI,baseline,opening_gapdown_v1,-2.28013029315961,120000.0,119500.0,-0.4166666666666652,0.48,-0.8966666666666652,3.5833333333333384,-1.6666666666666718,True,True,True,False,29.85380143321187
8bb4131f413a983a,2024-04-12,383930,디티앤씨알오,KOSDAQ,baseline,opening_gapdown_v1,-2.0472440944881876,6220.0,6140.0,-1.2861736334405127,0.712315112540193,-1.9984887459807057,6.270096463022501,-1.6077170418006381,True,True,True,False,28.399494960284386
a85cd100bae7e284,2024-04-15,372170,윤성에프앤씨,KOSDAQ,baseline,opening_gapdown_v1,-3.3973412112260015,65400.0,66300.0,1.3761467889908285,0.6887155963302752,0.6874311926605533,3.0581039755351647,-0.1529051987767538,True,True,False,False,21.875573756531267
7c90cb6bff7138ec,2024-04-15,450080,에코프로머티,KOSPI,baseline,opening_gapdown_v1,-3.2258064516129004,111000.0,113400.0,2.1621621621621623,0.5002702702702703,1.6618918918918921,4.054054054054057,-0.45045045045044585,True,True,False,False,25.430977051369396
1c58fc5621f906a1,2024-04-15,348340,뉴로메카,KOSDAQ,baseline,opening_gapdown_v1,-2.9673590504451064,32700.0,31400.0,-3.9755351681957207,0.6887155963302752,-4.664250764525996,0.6116207951070374,-3.9755351681957207,False,False,True,True,29.19537592781292
b6a9168caddc0b57,2024-04-16,005420,코스모화학,KOSPI,baseline,opening_gapdown_v1,-2.782324058919805,29700.0,29900.0,0.6734006734006703,0.7350505050505051,-0.06164983164983473,3.872053872053871,0.0,True,True,False,False,28.725708208294606
a2faba6ed580c279,2024-04-16,393890,더블유씨피,KOSDAQ,baseline,opening_gapdown_v1,-2.564102564102566,30400.0,30200.0,-0.6578947368421018,0.723421052631579,-1.3813157894736807,1.6447368421052655,-1.4802631578947345,True,False,True,False,22.436291188179837
dd6b0cc5c5ce5fc4,2024-04-16,058610,에스피지,KOSDAQ,baseline,opening_gapdown_v1,-2.4074074074074026,26350.0,26350.0,0.0,0.7992599620493358,-0.7992599620493358,1.3282732447817747,-1.5180265654648917,True,False,True,False,28.680226440034545
3ea42cc810218655,2024-04-18,277070,린드먼아시아,KOSDAQ,baseline,opening_gapdown_v1,-2.4242424242424288,4830.0,5100.0,5.590062111801242,0.5405590062111801,5.049503105590062,14.28571428571428,0.0,True,True,False,False,25.918226219580475
67473279ed8ca799,2024-04-22,270520,지오릿에너지,KOSDAQ,baseline,opening_gapdown_v1,-2.558139534883719,2095.0,2155.0,2.863961813842475,0.9459904534606205,1.9179713603818545,3.5799522673030992,-2.863961813842486,True,True,True,True,29.73444967387772
eea0da572f93b67e,2024-04-23,009730,이렘,KOSDAQ,baseline,opening_gapdown_v1,-2.676659528907921,1818.0,1830.0,0.660066006600668,0.395016501650165,0.26504950495050306,8.360836083608358,-0.44004400440044167,True,True,False,False,20.08597339598967
4d807f7cc7a29b24,2024-05-08,065350,신성델타테크,KOSDAQ,baseline,opening_gapdown_v1,-2.0107238605898137,73100.0,72500.0,-0.8207934336525335,0.6403967168262654,-1.461190150478799,0.6839945280437743,-3.4199726402188824,False,False,True,True,26.571247562403173
aff36b88928998de,2024-05-20,047920,HLB제약,KOSDAQ,baseline,opening_gapdown_v1,-25.92592592592593,16000.0,15700.0,-1.8750000000000044,0.4175,-2.2925000000000044,5.000000000000004,-5.312499999999998,True,True,True,True,26.49001035707971
b6df6af3866b5adb,2024-05-20,067630,HLB생명과학,KOSDAQ,baseline,opening_gapdown_v1,-20.159680638722556,8000.0,8630.0,7.87500000000001,0.605,7.27000000000001,10.250000000000004,-3.749999999999998,True,True,True,True,18.376896962178705
5a44ef45630803ce,2024-05-20,115450,HLB테라퓨틱스,KOSDAQ,baseline,opening_gapdown_v1,-19.551282051282048,5020.0,6390.0,27.290836653386453,0.827609561752988,26.463227091633463,27.290836653386453,0.0,True,True,False,False,19.32925107825821
c91926f0f693ea87,2024-05-23,365270,큐라클,KOSDAQ,baseline,opening_gapdown_v1,-12.0,7700.0,7130.0,-7.402597402597399,0.6196103896103896,-8.022207792207789,0.6493506493506551,-12.857142857142856,False,False,True,True,19.389082929368243
bd3dbf18270a4ce6,2024-05-24,047920,HLB제약,KOSDAQ,baseline,opening_gapdown_v1,-2.8742514970059863,16220.0,17590.0,8.446362515413064,0.41495684340320593,8.031405672009859,8.816276202219475,0.0,True,True,False,False,23.902472769842973
b37dfa9e1126b845,2024-05-24,028300,HLB,KOSDAQ,baseline,opening_gapdown_v1,-2.772073921971252,47350.0,50700.0,7.0749736008447695,0.5467898627243929,6.528183738120377,8.34213305174234,-0.10559662090813271,True,True,False,False,20.30012297526541
e64f28a52b5b3a7e,2024-05-24,067630,HLB생명과학,KOSDAQ,baseline,opening_gapdown_v1,-2.6255707762557035,8530.0,8710.0,2.1101992966002348,0.5816998827667058,1.5284994138335288,4.1031652989449,0.0,True,True,False,False,17.032496204692393
7d81fdc85057d1d4,2024-05-29,017860,DS단석,KOSPI,baseline,opening_gapdown_v1,-8.524289642529792,99800.0,93500.0,-6.312625250501003,0.5306012024048097,-6.843226452905812,5.210420841683372,-6.913827655310623,True,True,True,True,29.566724187994325
1b00f4f73e4357fd,2024-05-30,001570,금양,KOSPI,baseline,opening_gapdown_v1,-2.1013597033374576,79200.0,78800.0,-0.5050505050505083,0.6087878787878788,-1.1138383838383872,3.7878787878787845,-0.631313131313127,True,True,False,False,28.83154149498523
a25330086d97c505,2024-06-19,088800,에이스테크,KOSDAQ,baseline,opening_gapdown_v1,-5.0881953867028535,1399.0,1448.0,3.502501786990697,0.4444388849177984,3.0580629020728987,11.007862759113651,-0.14295925661186315,True,True,False,False,20.018562900670332
1f423042ba5d8efa,2024-06-24,226950,올릭스,KOSDAQ,baseline,opening_gapdown_v1,-25.605536332179934,8600.0,9550.0,11.046511627906973,0.5788372093023256,10.467674418604648,13.953488372093027,-3.7209302325581395,True,True,True,True,21.20179939145271
5d4e4c99e20f9877,2024-06-24,357880,비트나인,KOSDAQ,baseline,opening_gapdown_v1,-2.777777777777779,2625.0,2450.0,-6.666666666666665,0.8014285714285714,-7.468095238095237,0.0,-7.80952380952381,False,False,True,True,17.846165667183712
1b4b6520e3f81c8a,2024-06-25,096630,에스코넥,KOSDAQ,baseline,opening_gapdown_v1,-8.01369863013699,1343.0,1418.0,5.5845122859270235,0.45338049143708115,5.131131794489942,13.924050632911399,-0.8190618019359608,True,True,False,False,28.780848636916488
c505eb5945abade8,2024-06-25,402490,그린리소스,KOSDAQ,baseline,opening_gapdown_v1,-2.4229074889867808,22150.0,22900.0,3.3860045146726803,0.9072009029345373,2.478803611738143,5.191873589164775,-0.4514672686230292,True,True,False,False,27.56960121370173
50e7b5aa76fbf502,2024-06-25,047560,이스트소프트,KOSDAQ,baseline,opening_gapdown_v1,-2.0288307528029903,18350.0,19010.0,3.5967302452316163,0.39348773841961854,3.2032425068119976,3.5967302452316163,0.0,True,True,False,False,27.892803616944136
ba41272313b0abda,2024-06-26,357880,비트나인,KOSDAQ,baseline,opening_gapdown_v1,-3.125,2480.0,2560.0,3.2258064516129004,0.8348387096774194,2.390967741935481,5.645161290322576,-3.0241935483870996,True,True,True,True,20.264995230051312
de16d36b2557d90d,2024-06-26,299660,셀리드,KOSDAQ,baseline,opening_gapdown_v1,-2.7649769585253448,2110.0,2040.0,-3.3175355450236976,0.9409004739336493,-4.258436018957347,2.369668246445489,-5.45023696682464,True,True,True,True,22.527798177043948
f2ab85f7468f5bd8,2024-06-26,096630,에스코넥,KOSDAQ,baseline,opening_gapdown_v1,-2.7503526093088815,1379.0,1436.0,4.1334300217549025,0.44754894851341553,3.685881073241487,7.541696881798399,-0.797679477882518,True,True,False,False,27.65182007533403
522cf28b612c96a3,2024-06-28,413630,씨피시스템,KOSDAQ,baseline,opening_gapdown_v1,-4.049844236760125,3080.0,2930.0,-4.870129870129869,0.717012987012987,-5.587142857142856,5.1948051948051965,-6.493506493506496,True,True,True,True,28.912837525086246
3bd93f885aa3d409,2024-06-28,096630,에스코넥,KOSDAQ,baseline,opening_gapdown_v1,-2.2744503411675554,1289.0,1331.0,3.2583397982932416,0.46273855702094646,2.795601241272295,4.8875096974398735,-2.637703646237388,True,True,True,True,25.734838786918885
c7d12538c573d44f,2024-07-01,000400,롯데손해보험,KOSPI,baseline,opening_gapdown_v1,-2.9159519725557415,2830.0,2705.0,-4.416961130742047,0.7600353356890459,-5.176996466431093,3.0035335689045928,-4.416961130742047,True,True,True,True,29.859103976456865
e6d90cd6b4f1b87f,2024-07-02,000400,롯데손해보험,KOSPI,baseline,opening_gapdown_v1,-7.393715341959339,2505.0,2615.0,4.3912175648702645,0.8288023952095809,3.5624151696606834,7.784431137724557,0.0,True,True,False,False,26.586331050368756
c34e6b071787a8fe,2024-07-18,348370,엔켐,KOSDAQ,baseline,opening_gapdown_v1,-3.57142857142857,178200.0,179800.0,0.8978675645342271,0.39835016835016834,0.49951739618405877,6.004489337822672,-3.928170594837266,True,True,True,True,25.89334015318866
1b8147be38c73dea,2024-07-18,297890,HB솔루션,KOSDAQ,baseline,opening_gapdown_v1,-3.396226415094339,5120.0,5390.0,5.2734375,0.8159375,4.4575,7.2265625,-1.7578125,True,True,True,False,24.718693403913775
455295d84b17348b,2024-07-18,095340,ISC,KOSDAQ,baseline,opening_gapdown_v1,-3.3868092691622054,54200.0,56200.0,3.690036900368998,0.7835055350553505,2.9065313653136475,3.690036900368998,-0.36900369003689537,True,True,False,False,26.584872187563633
cc5a3e70579a27bc,2024-07-24,457550,우진엔텍,KOSDAQ,baseline,opening_gapdown_v1,-3.183520599250933,25850.0,23300.0,-9.864603481624757,0.8102707930367505,-10.674874274661507,0.9671179883945946,-10.444874274661508,False,False,True,True,28.448983543145772
2a014c2f21bf255f,2024-07-24,432430,와이랩,KOSDAQ,baseline,opening_gapdown_v1,-2.6666666666666616,7300.0,7230.0,-0.9589041095890427,0.640958904109589,-1.5998630136986316,2.465753424657535,-1.3698630136986356,True,True,True,False,22.22308687487552
aa8798835e41d2c9,2024-07-24,236810,엔비티,KOSDAQ,baseline,opening_gapdown_v1,-2.099447513812158,4430.0,4460.0,0.6772009029345272,0.5686004514672687,0.1086004514672585,3.160270880361171,0.0,True,True,False,False,27.341751179590105
9199e45ac52201db,2024-07-25,147760,피엠티,KOSDAQ,baseline,opening_gapdown_v1,-5.720823798627006,4120.0,4195.0,1.8203883495145678,0.5940776699029127,1.2263106796116552,3.398058252427183,-0.12135922330097637,True,True,False,False,23.738481440901893
f0b86a6b6407d335,2024-07-25,443670,에스피소프트,KOSDAQ,baseline,opening_gapdown_v1,-4.057971014492756,9930.0,10210.0,2.8197381671701827,0.5321148036253777,2.287623363544805,2.8197381671701827,-2.920443101711989,True,True,True,True,20.220822939313408
da22b47325889ff0,2024-07-25,009470,삼화전기,KOSPI,baseline,opening_gapdown_v1,-3.6121673003802313,50700.0,48800.0,-3.747534516765283,0.821715976331361,-4.569250493096644,2.564102564102555,-4.536489151873768,True,True,True,True,27.17719966679111
44a62b4cb9a4dc09,2024-07-26,389020,자람테크놀로지,KOSDAQ,baseline,opening_gapdown_v1,-2.4945770065075923,44950.0,37150.0,-17.352614015572854,0.5637041156840935,-17.916318131256947,0.11123470522802492,-17.575083426028925,False,False,True,True,24.145948192902253
1e1fed8d09d0c885,2024-07-26,241560,두산밥캣,KOSPI,baseline,opening_gapdown_v1,-2.038505096262744,43250.0,42500.0,-1.7341040462427793,0.5768208092485549,-2.310924855491334,2.6589595375722475,-1.7341040462427793,True,True,True,False,29.938292664681896
00d491564d54ce6c,2024-07-31,389020,자람테크놀로지,KOSDAQ,baseline,opening_gapdown_v1,-4.368358913813464,40500.0,47000.0,16.049382716049386,0.6003703703703704,15.449012345679016,18.641975308641978,-0.24691358024691024,True,True,False,False,28.76426264988457
8b960cfb77bb6b49,2024-08-02,042700,한미반도체,KOSPI,baseline,opening_gapdown_v1,-6.441476826394343,119100.0,115400.0,-3.1066330814441656,0.48188916876574306,-3.5885222502099086,1.7632241813602123,-3.3585222502099055,True,False,True,True,28.22020927355699
231c8a05f16734a3,2024-08-02,399720,가온칩스,KOSDAQ,baseline,opening_gapdown_v1,-3.759398496240607,51200.0,50000.0,-2.34375,0.8159375,-3.1596875,0.9765625,-3.90625,False,False,True,True,26.6106147916111
4f60f524c72396a9,2024-08-02,457190,이수스페셜티케미컬,KOSPI,baseline,opening_gapdown_v1,-3.5014005602240883,34450.0,33200.0,-3.6284470246734424,0.6654136429608127,-4.293860667634255,1.3062409288824295,-4.2089985486211905,True,False,True,True,28.694843009898193
eab76d50388c238b,2024-08-05,171090,선익시스템,KOSDAQ,baseline,opening_gapdown_v1,-5.67200986436498,38250.0,33950.0,-11.241830065359482,0.6221568627450981,-11.86398692810458,0.9150326797385588,-18.69281045751634,False,False,True,True,29.500996831412834
5cc966dcdbf96358,2024-08-05,200710,에이디테크놀로지,KOSDAQ,baseline,opening_gapdown_v1,-5.032712632108705,18870.0,16420.0,-12.983571807101224,0.3889825119236884,-13.372554319024912,0.6889242183359734,-17.912029676735564,False,False,True,True,27.839412643631846
294d4747020200ea,2024-08-05,059090,미코,KOSDAQ,baseline,opening_gapdown_v1,-4.787714543812105,10540.0,9220.0,-12.523719165085389,0.514629981024668,-13.038349146110058,1.8975332068311257,-20.303605313092977,True,False,True,True,26.10701793687643
d6af78c95952860c,2024-08-06,004380,삼익THK,KOSPI,baseline,opening_gapdown_v1,-5.934065934065935,8560.0,9510.0,11.0981308411215,0.5804672897196261,10.517663551401874,14.485981308411212,0.0,True,True,False,False,20.429018061624788
75c9719ad9031228,2024-08-06,411080,샌즈랩,KOSDAQ,baseline,opening_gapdown_v1,-5.840707964601766,5320.0,5950.0,11.842105263157897,0.7939097744360901,11.048195488721808,14.84962406015038,-0.3759398496240629,True,True,False,False,17.288162414983432
ebd196033e76ef54,2024-08-06,151860,KG에코솔루션,KOSDAQ,baseline,opening_gapdown_v1,-5.555555555555558,5440.0,6030.0,10.845588235294112,0.7814705882352941,10.064117647058819,13.602941176470583,0.0,True,True,False,False,20.159676281027018
4ef1df7308244b8c,2024-08-07,112040,위메이드,KOSDAQ,baseline,opening_gapdown_v1,-5.631659056316596,31000.0,32150.0,3.70967741935484,0.7138709677419355,2.9958064516129044,5.8064516129032295,-3.2258064516129004,True,True,True,True,25.79521209836686
c9dec2897993dece,2024-08-07,365340,성일하이텍,KOSDAQ,baseline,opening_gapdown_v1,-3.1746031746031744,54900.0,56000.0,2.0036429872495543,0.776448087431694,1.2271948998178601,3.0965391621129434,-0.5464480874316946,True,True,False,False,28.460988273020575
63b347e0e70a0f41,2024-08-07,054450,텔레칩스,KOSDAQ,baseline,opening_gapdown_v1,-3.1294452347083945,13620.0,14230.0,4.478707782672542,0.45026431718061677,4.028443465491925,5.947136563876643,0.0,True,True,False,False,23.080613037759903
177ce74b704b9a90,2024-08-08,445090,에이직랜드,KOSDAQ,baseline,opening_gapdown_v1,-4.513888888888884,27500.0,29000.0,5.454545454545445,0.7754545454545455,4.6790909090909,5.636363636363639,-1.2727272727272698,True,True,True,False,23.540782296688832
85c27410a24583b1,2024-08-08,042700,한미반도체,KOSPI,baseline,opening_gapdown_v1,-4.4485634847080675,103100.0,104900.0,1.745877788554795,0.5209796314258002,1.2248981571289947,3.1037827352085268,-0.6789524733268659,True,True,False,False,24.8243308948648
e4d402c29165a58a,2024-08-08,239890,피엔에이치테크,KOSDAQ,baseline,opening_gapdown_v1,-4.351851851851851,10330.0,10690.0,3.484995159728954,0.5204162633107454,2.9645788964182085,3.484995159728954,-0.2904162633107443,True,True,False,False,18.94712979793013
acbda315d15cb429,2024-08-14,064800,포니링크,KOSDAQ,baseline,opening_gapdown_v1,-3.941782898726498,1584.0,1458.0,-7.954545454545459,0.41939393939393943,-8.373939393939398,5.99747474747474,-9.97474747474747,True,True,True,True,18.662831539796755
74359b4230be3529,2024-08-23,064800,포니링크,KOSDAQ,baseline,opening_gapdown_v1,-2.893890675241162,1510.0,1540.0,1.9867549668874274,0.4286754966887417,1.5580794701986855,3.5099337748344395,-0.13245033112583293,True,True,False,False,25.00293693373692
631321b80312ec89,2024-08-27,226340,본느,KOSDAQ,baseline,opening_gapdown_v1,-2.0541082164328706,1955.0,2000.0,2.3017902813299296,0.3834526854219949,1.9183375959079347,3.8363171355498826,-3.324808184143224,True,True,True,True,26.080788813411374
cc4d3dbbbfc29325,2024-08-29,166090,하나머티리얼즈,KOSDAQ GLOBAL,baseline,opening_gapdown_v1,-4.891304347826086,35000.0,34550.0,-1.28571428571429,0.6585714285714286,-1.9442857142857186,1.4285714285714235,-2.857142857142858,True,False,True,True,28.496671320245085
925eca6b738f78bc,2024-08-29,001570,금양,KOSPI,baseline,opening_gapdown_v1,-3.578947368421048,45800.0,47600.0,3.9301310043668103,0.5575109170305677,3.3726200873362426,4.8034934497816595,-4.585152838427953,True,True,True,True,24.85757872844721
6ebe85816d6e6c0a,2024-08-29,068760,셀트리온제약,KOSDAQ,baseline,opening_gapdown_v1,-2.898550724637683,67000.0,67400.0,0.5970149253731405,0.6777611940298508,-0.08074626865671031,2.5373134328358304,-0.4477611940298498,True,True,False,False,28.314081405902556
5ac63cd6a2f3c726,2024-09-04,003160,디아이,KOSPI,baseline,opening_gapdown_v1,-8.733280881195904,11600.0,11770.0,1.4655172413793105,0.48862068965517247,0.976896551724138,4.913793103448283,0.0,True,True,False,False,29.975619181170657
66ce33d19431de68,2024-09-04,253590,네오셈,KOSDAQ,baseline,opening_gapdown_v1,-8.458864426419465,7900.0,8120.0,2.784810126582271,0.609746835443038,2.1750632911392334,4.810126582278484,-0.12658227848101333,True,True,False,False,29.945299952190254
36db7ce427d602d7,2024-09-04,011330,유니켐,KOSPI,baseline,opening_gapdown_v1,-5.703422053231943,1240.0,1290.0,4.0322580645161255,0.47193548387096773,3.560322580645158,8.387096774193559,0.0,True,True,False,False,17.842970852582837
aa272a3fd5abf4c4,2024-09-09,440110,파두,KOSDAQ,baseline,opening_gapdown_v1,-5.853256389117889,11420.0,13030.0,14.09807355516637,0.4926970227670753,13.605376532399294,15.148861646234678,0.0,True,True,False,False,29.15774563380677
fc57f22390b8d2d5,2024-09-09,457550,우진엔텍,KOSDAQ,baseline,opening_gapdown_v1,-4.180064308681675,14900.0,16100.0,8.053691275167797,0.43134228187919466,7.622348993288602,9.395973154362425,-2.6174496644295275,True,True,True,True,29.207342750784505
69dacaaed9e039dc,2024-09-09,001570,금양,KOSPI,baseline,opening_gapdown_v1,-4.057279236276845,40200.0,43300.0,7.7114427860696555,0.6031343283582089,7.108308457711447,9.950248756218905,-0.12437810945273853,True,True,False,False,21.527255605770776
cadc8167919f8363,2024-09-10,080720,한국유니온제약,KOSDAQ,baseline,opening_gapdown_v1,-4.608294930875578,3105.0,3050.0,-1.7713365539452464,0.7130917874396135,-2.48442834138486,8.856682769726243,-4.669887278582929,True,True,True,True,24.40184036171081
a8bdae1a60e39bfa,2024-09-23,080720,한국유니온제약,KOSDAQ,baseline,opening_gapdown_v1,-5.693950177935947,2650.0,2910.0,9.811320754716979,0.7960377358490566,9.015283018867922,9.811320754716979,-7.547169811320753,True,True,True,True,27.746535551524033
d31e04ad7ddab34f,2024-10-07,223310,딥마인드,KOSDAQ,baseline,opening_gapdown_v1,-2.2916666666666696,2345.0,2375.0,1.279317697228155,0.8696588486140725,0.4096588486140825,4.904051172707891,-3.1982942430703654,True,True,True,True,27.194679154184087
a68e22d8c261c1bc,2024-10-11,206640,바디텍메드,KOSDAQ,baseline,opening_gapdown_v1,-3.782668500687758,13990.0,14060.0,0.5003573981415377,0.4444388849177984,0.05591851322373925,6.576125804145816,0.0,True,True,False,False,25.807277925584913
a1243b3e05b9a4b4,2024-10-23,090710,휴림로봇,KOSDAQ,baseline,opening_gapdown_v1,-3.051438535309503,1112.0,1133.0,1.8884892086330929,0.4997841726618705,1.3887050359712223,3.9568345323740983,-3.507194244604317,True,True,True,True,28.564103782444107
83344986b2ec6362,2024-10-24,093640,케이알엠,KOSDAQ,baseline,opening_gapdown_v1,-2.179487179487183,3815.0,3860.0,1.1795543905635641,0.6231847968545215,0.5563695937090426,5.766710353866311,-3.014416775884665,True,True,True,True,17.854179979297257
7f5631608a2930fd,2024-10-28,451250,삐아,KOSDAQ,baseline,opening_gapdown_v1,-3.290870488322717,9110.0,9740.0,6.915477497255762,0.5593084522502744,6.356169045005488,8.122941822173434,0.0,True,True,False,False,20.06135718746158
550cb62295abddd5,2024-11-12,086890,이수앱지스,KOSDAQ,baseline,opening_gapdown_v1,-3.0249110320284656,5450.0,5330.0,-2.2018348623853212,0.7804587155963303,-2.9822935779816513,2.3853211009174258,-5.688073394495408,True,True,True,True,28.80410029143924
c48a65f7124531e3,2024-11-12,080220,제주반도체,KOSDAQ,baseline,opening_gapdown_v1,-2.3946360153256685,10190.0,10010.0,-1.7664376840039298,0.5244062806673209,-2.2908439646712506,1.079489695780178,-2.6496565260058835,True,False,True,True,29.104124390402177
e7eed306f0f423f3,2024-11-12,010060,OCI홀딩스,KOSPI,baseline,opening_gapdown_v1,-2.1594684385382035,58900.0,57300.0,-2.716468590831922,0.7393378607809847,-3.4558064516129066,1.3582342954159499,-3.056027164685904,True,False,True,True,27.347879326730492
5e39ea195f8b1b35,2024-11-13,074610,이엔플러스,KOSPI,baseline,opening_gapdown_v1,-7.555970149253732,991.0,1057.0,6.659939455095865,0.5327245206861756,6.127214934409689,9.989909182643796,0.0,True,True,False,False,25.548028286378283
1ba1a0fd6990bba7,2024-11-13,271940,일진하이솔루스,KOSPI,baseline,opening_gapdown_v1,-3.9495337356006632,17510.0,17510.0,0.0,0.40133066818960594,-0.40133066818960594,4.054825813820684,0.0,True,True,False,False,29.77056324475825
fcaf9d17a41be08b,2024-11-13,439580,블루엠텍,KOSDAQ,baseline,opening_gapdown_v1,-3.587161736941469,15320.0,14840.0,-3.1331592689295085,0.42582245430809396,-3.5589817232376024,5.287206266318534,-3.5900783289817273,True,True,True,True,28.91151259904558
c1b9ca83d4526c43,2024-11-14,027580,상보,KOSDAQ,baseline,opening_gapdown_v1,-2.5594149908592323,1066.0,1021.0,-4.221388367729828,0.5114258911819888,-4.732814258911817,1.40712945590995,-4.221388367729828,True,False,True,True,27.87325370397015
149a43228e869766,2024-11-15,051980,중앙첨단소재,KOSDAQ,baseline,opening_gapdown_v1,-12.865497076023392,7450.0,8560.0,14.8993288590604,0.6326845637583893,14.266644295302012,19.731543624161073,-7.114093959731549,True,True,True,True,26.443878756951207
12706ee77e9d9880,2024-11-15,036830,솔브레인홀딩스,KOSDAQ GLOBAL,baseline,opening_gapdown_v1,-5.635648754914813,36000.0,36500.0,1.388888888888884,0.6466666666666667,0.7422222222222172,3.8888888888888973,-3.888888888888886,True,True,True,True,22.828115270521195
1d9069e845a1abe0,2024-11-15,006400,삼성SDI,KOSPI,baseline,opening_gapdown_v1,-5.482041587901698,250000.0,246500.0,-1.4000000000000012,0.83,-2.2300000000000013,1.4000000000000012,-5.800000000000005,True,False,True,True,28.783696719608713
eafb74a6a5c65f5e,2024-11-18,045660,에이텍,KOSDAQ,baseline,opening_gapdown_v1,-5.958747135217724,12310.0,11900.0,-3.3306255077172997,0.4737043054427295,-3.804329813160029,0.32493907392363575,-6.580016246953702,False,False,True,True,28.56007954220611
beeb001e3ff7b100,2024-11-18,446540,메가터치,KOSDAQ,baseline,opening_gapdown_v1,-5.1724137931034475,3025.0,3175.0,4.958677685950419,0.7258677685950413,4.232809917355378,9.256198347107446,0.0,True,True,False,False,26.867782601521625
18618e7ad53b54a3,2024-11-18,224110,에이텍모빌리티,KOSDAQ,baseline,opening_gapdown_v1,-2.627118644067794,11490.0,10950.0,-4.699738903394257,0.4910966057441254,-5.190835509138383,2.6979982593559715,-6.179286335944301,True,True,True,True,28.13176557626548
01b68a087a723eb7,2024-11-25,298020,효성티앤씨,KOSPI,baseline,opening_gapdown_v1,-2.3419203747072626,208500.0,204000.0,-2.1582733812949617,0.9494244604316547,-3.1076978417266163,1.918465227817756,-4.076738609112707,True,False,True,True,20.555886806479094
17c59f4a8a5f2405,2024-11-28,284620,카이노스메드,KOSDAQ,baseline,opening_gapdown_v1,-5.755395683453235,2620.0,2770.0,5.725190839694649,0.8025190839694656,4.922671755725184,18.32061068702291,0.0,True,True,False,False,20.825177833763505
472bf19531d238e0,2024-12-04,107640,한중엔시에스,KOSDAQ,baseline,opening_gapdown_v1,-4.1860465116279055,20600.0,20500.0,-0.4854368932038833,0.9581553398058252,-1.4435922330097086,3.1553398058252524,-3.300970873786413,True,True,True,True,28.38660127204146
3b5a9fae9e3a025a,2024-12-04,189300,인텔리안테크,KOSDAQ,baseline,opening_gapdown_v1,-4.120879120879117,34900.0,35400.0,1.4326647564469885,0.6597994269340974,0.7728653295128911,4.584527220630363,-0.5730659025787954,True,True,False,False,28.701856080864886
d0caec018f73f8e7,2024-12-04,031980,피에스케이홀딩스,KOSDAQ,baseline,opening_gapdown_v1,-4.013377926421402,28700.0,28950.0,0.8710801393728262,0.7526480836236934,0.11843205574913285,6.271777003484313,-0.34843205574912606,True,True,False,False,28.96410241662946
8d76183f00cc9440,2024-12-09,241710,코스메카코리아,KOSDAQ,baseline,opening_gapdown_v1,-5.316973415132919,46300.0,47500.0,2.591792656587466,0.5539740820734341,2.037818574514032,4.9676025917926525,-0.3239740820734305,True,True,False,False,29.271838506055246
51d5a1353c597724,2024-12-09,004090,한국석유,KOSPI,baseline,opening_gapdown_v1,-4.507257448433921,12500.0,12260.0,-1.9199999999999995,0.47,-2.3899999999999997,4.0000000000000036,-2.080000000000004,True,True,True,True,27.298077275151456
9ee752e9df1424e6,2024-12-09,003160,디아이,KOSPI,baseline,opening_gapdown_v1,-4.265402843601896,10100.0,9870.0,-2.2772277227722793,0.527029702970297,-2.804257425742576,1.8811881188118829,-2.3762376237623783,True,False,True,True,28.579821284579452
7a6e71cd20b62f49,2024-12-19,082640,동양생명,KOSPI,baseline,opening_gapdown_v1,-2.3454157782516027,4580.0,4585.0,0.10917030567685337,0.5575109170305677,-0.4483406113537143,2.2925764192139653,-0.10917030567685337,True,True,False,False,29.644266265083388
23571621ca6dba04,2024-12-23,166480,코아스템켐온,KOSDAQ,baseline,opening_gapdown_v1,-6.706114398422091,4730.0,4740.0,0.21141649048626032,0.5471247357293869,-0.3357082452431266,6.976744186046502,-4.545454545454541,True,True,True,True,27.588161955311392
aecef11bf2278e29,2025-01-20,019490,하이트론,KOSPI,baseline,opening_gapdown_v1,-3.7558685446009377,1640.0,1550.0,-5.487804878048785,0.4129268292682927,-5.900731707317078,6.524390243902434,-6.036585365853664,True,True,True,True,22.765777565150984
a0a88d6fe24b78b8,2025-02-05,051980,중앙첨단소재,KOSDAQ,baseline,opening_gapdown_v1,-2.124430955993928,6450.0,6830.0,5.891472868217051,0.6951162790697675,5.196356589147284,8.372093023255811,-4.341085271317835,True,True,True,True,29.368345801869054
26a4069ccaad9ddd,2025-02-06,196300,애니젠,KOSDAQ,baseline,opening_gapdown_v1,-2.781641168289295,6990.0,6940.0,-0.7153075822603716,0.6591845493562232,-1.3744921316165948,6.008583690987135,-9.871244635193133,True,True,True,True,20.981076062531784
d40f36b2b41a888f,2025-02-10,348370,엔켐,KOSDAQ,baseline,opening_gapdown_v1,-2.25022502250225,108600.0,117200.0,7.918968692449346,0.5062430939226519,7.412725598526695,8.747697974217306,-2.3941068139963217,True,True,True,True,28.845853747997765
492aed6d17ebf903,2025-02-18,290690,소룩스,KOSDAQ,baseline,opening_gapdown_v1,-28.422619047619047,2405.0,3175.0,32.01663201663201,0.8537006237006237,31.162931392931384,44.490644490644485,0.0,True,True,False,False,16.173464039226673
f909cea28c2bde00,2025-02-18,019170,신풍제약,KOSPI,baseline,opening_gapdown_v1,-2.029914529914534,9170.0,9010.0,-1.7448200654307522,0.5571537622682661,-2.301973827699018,0.32715376226826187,-7.306434023991271,False,False,True,True,28.432573687726318
c0ecc1158147be05,2025-02-24,091440,한울소재과학,KOSDAQ,baseline,opening_gapdown_v1,-3.220035778175312,2705.0,2710.0,0.1848428835489857,0.7845286506469501,-0.5996857670979644,2.0332717190388205,-2.957486136783738,True,True,True,True,26.427003854629305
800608843e0db54d,2025-02-25,290690,소룩스,KOSDAQ,baseline,opening_gapdown_v1,-2.684563758389258,2900.0,2780.0,-4.137931034482756,0.7472413793103448,-4.885172413793101,1.0344827586206806,-5.000000000000004,True,False,True,True,18.12983937729983
0279faeaa6d2fc6b,2025-02-26,317690,퀀타매트릭스,KOSDAQ,baseline,opening_gapdown_v1,-2.7722772277227747,4910.0,4865.0,-0.9164969450101812,0.535498981670061,-1.4519959266802422,8.961303462321801,-1.0183299389002087,True,True,True,False,29.833302414494312
d484d6c56fbc52f8,2025-02-28,370090,퓨런티어,KOSDAQ,baseline,opening_gapdown_v1,-3.3663366336633693,19520.0,19160.0,-1.8442622950819665,0.38368852459016395,-2.2279508196721305,1.741803278688514,-1.997950819672134,True,False,True,False,28.062105664466813
711e8dc42e1b8b58,2025-02-28,396270,넥스트칩,KOSDAQ,baseline,opening_gapdown_v1,-2.4390243902439046,8800.0,9000.0,2.2727272727272707,0.5709090909090909,1.70181818181818,5.340909090909096,-2.500000000000002,True,True,True,True,24.4508936036125
5e2acd0a57842321,2025-03-04,370090,퓨런티어,KOSDAQ,baseline,opening_gapdown_v1,-3.3924843423799533,18510.0,19090.0,3.133441383036195,0.39207455429497573,2.7413668287412194,3.997839005942727,-0.32414910858995505,True,True,False,False,25.084452900667813
ad0b389b6e4092fa,2025-03-04,445680,큐리옥스바이오시스템즈,KOSDAQ,baseline,opening_gapdown_v1,-2.3843930635838118,13510.0,13440.0,-0.5181347150259086,0.4520577350111029,-0.9701924500370115,2.2945965951147285,-2.2945965951147285,True,True,True,True,25.438412217126142
2e32ec221f0584c7,2025-03-04,025320,시노펙스,KOSDAQ,baseline,opening_gapdown_v1,-2.095808383233533,4905.0,4810.0,-1.936799184505611,0.5358103975535168,-2.472609582059128,1.83486238532109,-2.3445463812436285,True,False,True,True,25.265411169940265
87949a0109902a5f,2025-03-05,290690,소룩스,KOSDAQ,baseline,opening_gapdown_v1,-2.1241830065359513,2995.0,2950.0,-1.5025041736227096,0.7308347245409015,-2.233338898163611,5.175292153589317,-1.8363939899833093,True,True,True,False,28.577210469361674
cca747620ade5c29,2025-03-06,051980,중앙첨단소재,KOSDAQ,baseline,opening_gapdown_v1,-2.6132404181184676,5590.0,5190.0,-7.155635062611809,0.7666726296958855,-7.922307692307695,2.683363148479434,-11.449016100178888,True,True,True,True,29.172300546245182
87a27f3ce1b25ff3,2025-03-07,290690,소룩스,KOSDAQ,baseline,opening_gapdown_v1,-9.18727915194346,2570.0,3090.0,20.23346303501945,0.8136575875486382,19.419805447470814,25.680933852140075,-0.7782101167315147,True,True,False,False,26.993516199200783
7bf36934fc47410c,2025-03-07,051980,중앙첨단소재,KOSDAQ,baseline,opening_gapdown_v1,-5.587668593448935,4900.0,4795.0,-2.1428571428571463,0.5361224489795918,-2.6789795918367383,6.530612244897949,-4.6938775510204085,True,True,True,True,25.044022785195423
28eec49b2ab2e026,2025-03-07,065350,신성델타테크,KOSDAQ,baseline,opening_gapdown_v1,-2.4205748865355536,64500.0,65300.0,1.240310077519391,0.6951162790697675,0.5451937984496235,2.3255813953488413,-4.341085271317835,True,True,True,True,27.36536035718433
fc7902533d612f13,2025-03-10,051980,중앙첨단소재,KOSDAQ,baseline,opening_gapdown_v1,-2.502606882168923,4675.0,4590.0,-1.8181818181818188,0.5508556149732621,-2.3690374331550808,1.8181818181818077,-6.52406417112299,True,False,True,True,22.57335972076298
bd2b92b55d3ac78f,2025-03-11,051980,중앙첨단소재,KOSDAQ,baseline,opening_gapdown_v1,-6.971677559912859,4270.0,4595.0,7.611241217798592,0.581288056206089,7.029953161592503,9.016393442622949,-0.23419203747072626,True,True,False,False,21.39375140293849
c28f5ccc113bbf91,2025-03-11,178320,서진시스템,KOSDAQ,baseline,opening_gapdown_v1,-4.739336492891,20100.0,20750.0,3.233830845771135,0.9762686567164178,2.2575621890547173,4.228855721393043,-0.8955223880596996,True,True,False,False,27.762319975027467
5e25ce55daad776b,2025-03-11,058970,엠로,KOSDAQ,baseline,opening_gapdown_v1,-4.014598540145986,52600.0,54300.0,3.23193916349811,0.8003422053231939,2.431596958174916,3.802281368821303,-1.7110266159695797,True,True,True,False,26.11040832806333
7d955aa50beda400,2025-03-13,066980,한성크린텍,KOSDAQ,baseline,opening_gapdown_v1,-7.154471544715446,1142.0,1256.0,9.982486865148864,0.4926970227670753,9.48978984238179,12.084063047285465,-2.8021015761821366,True,True,True,True,14.391670234802532
17def3319006da8b,2025-03-14,066980,한성크린텍,KOSDAQ,baseline,opening_gapdown_v1,-2.070063694267521,1230.0,1220.0,-0.8130081300813052,0.4739024390243902,-1.2869105691056955,5.284552845528445,-0.8130081300813052,True,True,False,False,19.272504967895756
0c45985b994dd6ac,2025-03-17,073190,듀오백,KOSDAQ,baseline,opening_gapdown_v1,-3.759398496240607,2560.0,2450.0,-4.296875,0.8159375,-5.1128125,8.203125,-9.9609375,True,True,True,True,29.35280662177277
30fe4fc08cc8e938,2025-03-21,024850,HLB이노베이션,KOSDAQ,baseline,opening_gapdown_v1,-28.337236533957842,1530.0,1994.0,30.326797385620917,0.426078431372549,29.90071895424837,32.6797385620915,0.0,True,True,False,False,28.784686647738752
1e7d0887617f7c8a,2025-03-21,474170,루미르,KOSDAQ,baseline,opening_gapdown_v1,-3.6666666666666625,8670.0,8800.0,1.4994232987312506,0.5760207612456748,0.9234025374855758,3.806228373702414,0.0,True,True,False,False,28.148300908474752
ff0277a660fc7f00,2025-03-21,294090,이오플로우,KOSDAQ,baseline,opening_gapdown_v1,-2.786573780873969,1535.0,1490.0,-2.931596091205213,0.4254397394136808,-3.357035830618894,2.28013029315961,-5.211726384364823,True,True,True,True,26.52679392155892
2e62937d01bad03d,2025-03-28,051980,중앙첨단소재,KOSDAQ,baseline,opening_gapdown_v1,-2.937420178799488,3800.0,3925.0,3.289473684210531,0.6247368421052631,2.6647368421052677,6.315789473684208,-0.7894736842105288,True,True,False,False,26.042639302858575
653556c9b7291d10,2025-03-31,091120,이엠텍,KOSDAQ,baseline,opening_gapdown_v1,-4.55598455598456,12360.0,12300.0,-0.4854368932038833,0.47271844660194173,-0.958155339805825,3.1553398058252524,-0.8899676375404564,True,True,False,False,19.52460944585374
8378313f4be244f9,2025-03-31,042700,한미반도체,KOSPI,baseline,opening_gapdown_v1,-4.444444444444439,73100.0,68200.0,-6.703146374829005,0.6403967168262654,-7.34354309165527,1.2311901504787892,-6.976744186046513,True,False,True,True,26.277868534474777
371b30262f09f9b5,2025-03-31,475580,에이럭스,KOSDAQ,baseline,opening_gapdown_v1,-3.738317757009346,10300.0,10010.0,-2.8155339805825297,0.5212621359223301,-3.3367961165048596,1.650485436893212,-3.398058252427183,True,False,True,True,29.23097467382827
668a87b89647b204,2025-04-01,336260,두산퓨얼셀,KOSPI,baseline,opening_gapdown_v1,-4.385334291876353,13300.0,13750.0,3.383458646616533,0.4555639097744361,2.927894736842097,4.511278195488733,-1.7293233082706805,True,True,True,False,27.301087180436113
28b1431a2c189b2e,2025-04-02,009420,한올바이오파마,KOSPI,baseline,opening_gapdown_v1,-2.517985611510787,27100.0,26700.0,-1.4760147601476037,0.7835055350553505,-2.2595202952029543,0.36900369003689537,-2.583025830258301,False,False,True,True,29.538727640142596
eb0266806635194f,2025-04-03,042700,한미반도체,KOSPI,baseline,opening_gapdown_v1,-5.223880597014929,63500.0,67200.0,5.826771653543306,0.7024409448818898,5.124330708661416,5.98425196850394,-0.15748031496063408,True,True,False,False,21.930986495396652
149ea64f03262aca,2025-04-03,066970,엘앤에프,KOSPI,baseline,opening_gapdown_v1,-5.119453924914675,55600.0,57500.0,3.4172661870503607,0.769568345323741,2.64769784172662,4.316546762589923,-1.618705035971224,True,True,True,False,26.498349461988383
a162c326fc9d60e1,2025-04-03,062040,산일전기,KOSPI,baseline,opening_gapdown_v1,-4.863813229571989,48900.0,52800.0,7.975460122699385,0.5367484662576687,7.438711656441717,8.997955010224956,0.0,True,True,False,False,27.345209958621652
1d6cfda806c80fdb,2025-04-04,048410,현대바이오,KOSDAQ,baseline,opening_gapdown_v1,-3.749999999999998,10010.0,10320.0,3.096903096903092,0.5297002997002997,2.567202797202792,5.69430569430569,-0.19980019980020414,True,True,False,False,22.269037977542197
1690500f02b3148c,2025-04-04,440110,파두,KOSDAQ,baseline,opening_gapdown_v1,-3.4782608695652195,9990.0,10540.0,5.5055055055055035,0.5303003003003003,4.975205205205203,6.606606606606613,0.0,True,True,False,False,18.37688523312687
ce6eb7d5490f06ff,2025-04-04,005420,코스모화학,KOSPI,baseline,opening_gapdown_v1,-3.463522476050107,13100.0,14740.0,12.519083969465639,0.4590076335877863,12.060076335877852,14.274809160305345,-0.6870229007633566,True,True,False,False,21.19775926382769
9792d6e580de89ad,2025-04-07,048410,현대바이오,KOSDAQ,baseline,opening_gapdown_v1,-6.976744186046513,9600.0,9790.0,1.9791666666666652,0.5425,1.4366666666666652,5.208333333333326,-2.9166666666666674,True,True,True,True,21.552091093621357
98d654873908939d,2025-04-07,058970,엠로,KOSDAQ,baseline,opening_gapdown_v1,-6.344410876132933,46500.0,45450.0,-2.2580645161290325,0.5525806451612904,-2.810645161290323,1.0752688172043001,-5.376344086021501,True,False,True,True,29.99951998852572
634ac3ee7193fa43,2025-04-07,348370,엔켐,KOSDAQ,baseline,opening_gapdown_v1,-6.298003072196623,61000.0,61000.0,0.0,0.7218032786885247,-0.7218032786885247,3.60655737704918,-1.1475409836065542,True,True,True,False,25.97586148554697
27802619db174dec,2025-04-09,323280,태성,KOSDAQ,baseline,opening_gapdown_v1,-4.692931633835462,16450.0,18550.0,12.765957446808507,0.412370820668693,12.353586626139814,18.90577507598785,-0.06079027355623268,True,True,False,False,25.983908924197294
4e106af7d8377589,2025-04-09,078150,HB테크놀러지,KOSDAQ,baseline,opening_gapdown_v1,-3.29920364050057,1700.0,1729.0,1.7058823529411793,0.40647058823529414,1.2994117647058852,4.823529411764715,-0.588235294117645,True,True,False,False,20.7720024764955
ad9bc3f4d3e50997,2025-04-09,002710,TCC스틸,KOSPI,baseline,opening_gapdown_v1,-3.2580136626379375,18410.0,18410.0,0.0,0.39295491580662684,-0.39295491580662684,3.7479630635524064,-1.195002715915261,True,True,True,False,26.68749855773497
4ac31d5b247187fb,2025-04-11,090460,비에이치,KOSPI,baseline,opening_gapdown_v1,-2.432885906040272,11630.0,11920.0,2.493551160791063,0.48795356835769566,2.0055975924333675,2.493551160791063,-1.6337059329320724,True,True,True,False,28.044770569006786
51dec0f45b302a67,2025-04-11,281820,케이씨텍,KOSPI,baseline,opening_gapdown_v1,-2.3346303501945553,25100.0,25350.0,0.9960159362549792,0.827609561752988,0.16840637450199114,2.1912350597609542,-2.9880478087649376,True,True,True,True,26.80707648480646
03e46b30302979aa,2025-04-11,454910,두산로보틱스,KOSPI,baseline,opening_gapdown_v1,-2.296211251435132,42550.0,45300.0,6.462984723854293,0.5825264394829612,5.880458284371331,6.698002350176258,0.0,True,True,False,False,25.822239396958835
7757d824605dbbf0,2025-05-19,365270,큐라클,KOSDAQ,baseline,opening_gapdown_v1,-12.788461538461537,4535.0,4355.0,-3.969128996692395,0.5607607497243661,-4.529889746416761,1.4332965821389099,-7.2767364939360535,True,False,True,True,20.38177052038047
782e3e7148e02306,2025-05-20,072770,율호,KOSDAQ,baseline,opening_gapdown_v1,-23.992673992673996,830.0,765.0,-7.831325301204817,0.5914457831325302,-8.422771084337347,2.289156626506017,-7.831325301204817,True,True,True,True,20.810920743326108
70c99599f37cb230,2025-05-26,051980,중앙첨단소재,KOSDAQ,baseline,opening_gapdown_v1,-2.782324058919805,2970.0,3070.0,3.367003367003374,0.7350505050505051,2.6319528619528687,6.060606060606055,0.0,True,True,False,False,27.900399635708226
9871b85fd96bc7aa,2025-05-26,002710,TCC스틸,KOSPI,baseline,opening_gapdown_v1,-2.4600246002460024,15860.0,16900.0,6.557377049180335,0.41915510718789406,6.138221941992441,8.448928121059263,0.0,True,True,False,False,23.21304365923396
87bb44b74ee22846,2025-05-26,137400,피엔티,KOSDAQ GLOBAL,baseline,opening_gapdown_v1,-2.392344497607657,30600.0,31200.0,1.9607843137254832,0.7201960784313726,1.2405882352941107,6.209150326797386,0.0,True,True,False,False,23.165568691194565
a14d8ba55e1e4a66,2025-06-16,051980,중앙첨단소재,KOSDAQ,baseline,opening_gapdown_v1,-4.3737574552683895,2405.0,2375.0,-1.2474012474012475,0.8537006237006237,-2.1011018711018714,1.2474012474012364,-3.9501039501039448,True,False,True,True,22.239227791503353
5dbfc9d98007d833,2025-06-20,048410,현대바이오,KOSDAQ,baseline,opening_gapdown_v1,-4.525386313465784,8650.0,9010.0,4.161849710982657,0.5768208092485549,3.585028901734102,5.95375722543352,0.0,True,True,False,False,24.294279393830905
e3ef5ee7f02c42d4,2025-06-23,051980,중앙첨단소재,KOSDAQ,baseline,opening_gapdown_v1,-4.395604395604391,2175.0,2145.0,-1.379310344827589,0.9196551724137931,-2.298965517241382,0.22988505747125743,-4.597701149425292,False,False,True,True,20.83318314872062
179603fd0e8d5e2f,2025-06-23,065500,오리엔트정공,KOSDAQ,baseline,opening_gapdown_v1,-3.139013452914796,4320.0,4285.0,-0.810185185185186,0.5772222222222222,-1.3874074074074083,1.85185185185186,-1.736111111111116,True,False,True,False,28.18727828373143
058281a21a02b82b,2025-06-23,271560,오리온,KOSPI,baseline,opening_gapdown_v1,-2.0522388059701524,105000.0,105500.0,0.4761904761904745,0.5157142857142857,-0.03952380952381118,2.0952380952381056,0.0,True,True,False,False,28.83554232063389
2d76d1834f7b292b,2025-06-30,321820,아티스트컴퍼니,KOSDAQ,baseline,opening_gapdown_v1,-11.652340019102192,9250.0,8400.0,-9.189189189189184,0.5543243243243243,-9.74351351351351,1.08108108108107,-10.486486486486491,True,False,True,True,27.558457881241807
77419d0cf3373234,2025-07-08,115450,HLB테라퓨틱스,KOSDAQ,baseline,opening_gapdown_v1,-2.6528258362168433,4220.0,4245.0,0.5924170616113722,0.5854502369668246,0.0069668246445475646,4.2654028436019065,-0.4739336492891044,True,True,False,False,24.10156451288276
fb7e1695f0c2bbfd,2025-07-28,017040,광명전기,KOSPI,baseline,opening_gapdown_v1,-2.066486972147352,1090.0,1000.0,-8.25688073394495,0.5052293577981651,-8.762110091743114,0.0,-9.908256880733946,False,False,True,True,19.03144014684554
94aea9d33c3c1354,2025-07-30,210120,캔버스엔,KOSDAQ,baseline,opening_gapdown_v1,-4.061895551257255,2480.0,1810.0,-27.016129032258064,0.8348387096774194,-27.850967741935484,16.532258064516125,-27.016129032258064,True,True,True,True,18.54314642405413
e79c990a6fb64412,2025-08-01,210120,캔버스엔,KOSDAQ,baseline,opening_gapdown_v1,-2.1913805697589495,1339.0,1233.0,-7.916355489171023,0.45404779686333085,-8.370403286034353,5.97460791635549,-9.932785660941,True,True,True,True,12.787141357220023
5d3f5b4ecff5447f,2025-08-04,204620,글로벌텍스프리,KOSDAQ,baseline,opening_gapdown_v1,-6.2624254473161,4715.0,4355.0,-7.635206786850479,0.5481336161187699,-8.183340402969248,0.6362672322375307,-10.816542948038176,False,False,True,True,26.73658929453285
b86b45f36cb59973,2025-08-04,388720,유일로보틱스,KOSDAQ,baseline,opening_gapdown_v1,-2.26928895612708,64600.0,67400.0,4.334365325077405,0.6943962848297214,3.6399690402476836,5.727554179566563,-0.1547987616099089,True,True,False,False,29.939218995144955
a3ebd9c499e98b72,2025-08-07,210120,캔버스엔,KOSDAQ,baseline,opening_gapdown_v1,-2.9940119760479056,1620.0,1423.0,-12.16049382716049,0.4151851851851852,-12.575679012345676,4.382716049382718,-14.69135802469136,True,True,True,True,26.180912503271927
207f8835cdd480ef,2025-08-07,050120,ES큐브,KOSDAQ,baseline,opening_gapdown_v1,-2.594810379241519,2440.0,2385.0,-2.254098360655743,0.8447540983606557,-3.0988524590163986,1.2295081967213184,-5.122950819672134,True,False,True,True,29.584068997925698
6d0ff0923e58999a,2025-08-08,043100,알파녹스,KOSDAQ,baseline,opening_gapdown_v1,-19.49579831932773,2395.0,2085.0,-12.943632567849683,0.8563048016701461,-13.79993736951983,3.131524008350728,-12.943632567849683,True,True,True,True,26.34794220731007
1efc127fae72b75d,2025-08-11,028300,HLB,KOSDAQ,baseline,opening_gapdown_v1,-3.9906103286384997,40900.0,40800.0,-0.24449877750610804,0.5967481662591687,-0.8412469437652768,2.8117359413202925,-2.933985330073352,True,True,True,True,26.60202214691016
f900903c79f7205d,2025-08-13,043100,알파녹스,KOSDAQ,baseline,opening_gapdown_v1,-3.4168564920273314,2120.0,2150.0,1.4150943396226356,0.9375471698113208,0.47754716981131484,6.367924528301883,-1.650943396226412,True,True,True,False,22.736395746238173
ccdfd75484a989b1,2025-08-18,028300,HLB,KOSDAQ,baseline,opening_gapdown_v1,-3.6319612590799077,39800.0,39600.0,-0.5025125628140725,0.6068844221105527,-1.1093969849246252,1.3819095477386911,-1.633165829145733,True,False,True,False,27.679366430767033
bc523ab0c75c5d9b,2025-08-18,446840,지슨,KOSDAQ,baseline,opening_gapdown_v1,-3.3232628398791486,1600.0,1575.0,-1.5625,0.4175,-1.98,3.3749999999999947,-6.25,True,True,True,True,18.499136477628326
9bcebcbb888a83c4,2025-08-20,459510,나우로보틱스,KOSDAQ,baseline,opening_gapdown_v1,-4.946236559139782,13260.0,13140.0,-0.9049773755656076,0.4562443438914028,-1.3612217194570104,2.111613876319751,-3.092006033182504,True,True,True,True,28.23617759310092
e01d91ed51bb1bc6,2025-08-20,125020,티씨머티리얼즈,KOSDAQ,baseline,opening_gapdown_v1,-4.295154185022021,4345.0,4350.0,0.11507479861909697,0.5752243958573072,-0.46014959723821025,2.1864211737629535,-2.4165707710011475,True,True,True,True,28.323002588060774
85ecd44672fa7450,2025-08-20,304100,솔트룩스,KOSDAQ,baseline,opening_gapdown_v1,-3.508771929824561,30250.0,30650.0,1.3223140495867813,0.7258677685950413,0.59644628099174,1.4876033057851235,-0.8264462809917328,True,False,False,False,25.70041719244726
cdf5b1ed8947d58d,2025-09-01,336370,솔루스첨단소재,KOSPI,baseline,opening_gapdown_v1,-3.624161073825505,7180.0,7290.0,1.532033426183843,0.6478272980501393,0.8842061281337038,4.178272980501396,-0.41782729805014407,True,True,False,False,29.242796602210618
25064709ebca4da9,2025-09-24,001530,DI동일,KOSPI,baseline,opening_gapdown_v1,-14.396887159533078,22000.0,21500.0,-2.2727272727272707,0.9118181818181817,-3.1845454545454523,6.136363636363629,-6.818181818181824,True,True,True,True,11.207454353160415
b4878f47d4809a1b,2025-09-26,001530,DI동일,KOSPI,baseline,opening_gapdown_v1,-4.076738609112707,20000.0,21950.0,9.749999999999993,0.98,8.769999999999992,11.00000000000001,0.0,True,True,False,False,8.458238743773734
221d21254a26b0e6,2025-10-01,418620,E8,KOSDAQ,baseline,opening_gapdown_v1,-3.7328094302554016,2450.0,2335.0,-4.6938775510204085,0.8422448979591837,-5.536122448979592,1.8367346938775508,-5.102040816326525,True,False,True,True,19.81409876899906
ea1aa5c382ab0b30,2025-10-13,001530,DI동일,KOSPI,baseline,opening_gapdown_v1,-3.797468354430378,19000.0,18800.0,-1.0526315789473717,0.3878947368421053,-1.440526315789477,1.3157894736842035,-1.3157894736842146,True,False,True,False,12.644676550464567
e45ecb3873b2da28,2025-10-13,101360,에코앤드림,KOSDAQ,baseline,opening_gapdown_v1,-3.474903474903479,17500.0,18650.0,6.571428571428561,0.40142857142857147,6.16999999999999,7.371428571428562,-0.22857142857143353,True,True,False,False,24.363312812256055
69e1971bf1e932a3,2025-10-13,145020,휴젤,KOSDAQ GLOBAL,baseline,opening_gapdown_v1,-3.4545454545454546,265500.0,268000.0,0.9416195856873921,0.7949717514124294,0.14664783427496275,2.824858757062154,0.0,True,True,False,False,27.619436383244206
65afbf16e4804b32,2025-10-14,001530,DI동일,KOSPI,baseline,opening_gapdown_v1,-2.3404255319148914,18360.0,19820.0,7.9520697167756005,0.39339869281045753,7.558671023965143,9.749455337690627,-0.21786492374727962,True,True,False,False,11.820206691242404
cad647ed574fe14e,2025-11-05,439260,대한조선,KOSPI,baseline,opening_gapdown_v1,-2.5954198473282397,63800.0,61100.0,-4.2319749216300995,0.7002194357366771,-4.932194357366777,1.724137931034475,-5.485893416927901,True,False,True,True,26.619432947388205
b77bb435a590865a,2025-11-05,003570,SNT다이내믹스,KOSPI,baseline,opening_gapdown_v1,-2.48565965583174,51000.0,50300.0,-1.3725490196078383,0.8182352941176471,-2.1907843137254854,1.17647058823529,-3.03921568627451,True,False,True,True,28.14380701935758
fa0cf7aa3cd3a4f1,2025-11-07,145020,휴젤,KOSDAQ GLOBAL,baseline,opening_gapdown_v1,-3.218390804597704,210500.0,214000.0,1.6627078384798155,0.9425890736342043,0.7201187648456112,3.8004750593824133,-0.9501187648456089,True,True,False,False,18.428008854237518
916f55a37ade045f,2025-11-07,018290,브이티,KOSDAQ,baseline,opening_gapdown_v1,-2.7600849256900206,22900.0,23350.0,1.9650655021834051,0.8850218340611353,1.0800436681222698,5.240174672489073,-0.21834061135370675,True,True,False,False,23.049074000595667
7486c04ed7a05df7,2025-11-07,064260,다날,KOSDAQ,baseline,opening_gapdown_v1,-2.759526938239154,7400.0,7340.0,-0.8108108108108136,0.6354054054054055,-1.446216216216219,2.43243243243243,-2.1621621621621623,True,True,True,True,29.75540563053802
54b1f15e9135d7bd,2025-11-10,025980,아난티,KOSDAQ,baseline,opening_gapdown_v1,-4.0000000000000036,6720.0,6940.0,3.2738095238095344,0.6764285714285714,2.597380952380963,5.952380952380953,0.0,True,True,False,False,29.9816336865064
7669be886da58774,2025-11-14,114840,아이패밀리에스씨,KOSDAQ,baseline,opening_gapdown_v1,-5.555555555555558,15300.0,16050.0,4.90196078431373,0.426078431372549,4.4758823529411815,7.516339869281041,-4.575163398692805,True,True,True,True,28.16118009017832
fbe9ad18fbcf7afc,2025-11-14,260970,에스앤디,KOSDAQ,baseline,opening_gapdown_v1,-2.8901734104046284,67200.0,67500.0,0.44642857142858094,0.6764285714285714,-0.22999999999999043,9.672619047619047,-0.44642857142856984,True,True,False,False,28.35975718344983
b31a65055ac9a125,2025-11-14,192820,코스맥스,KOSPI,baseline,opening_gapdown_v1,-2.0522388059701524,157500.0,156200.0,-0.8253968253968291,0.42047619047619045,-1.2458730158730196,2.5396825396825307,-1.07936507936508,True,True,True,False,23.971962443554716
96926ef6f106f49b,2025-11-19,0008Z0,에스엔시스,KOSDAQ,baseline,opening_gapdown_v1,-8.3969465648855,30000.0,31350.0,4.499999999999993,0.73,3.769999999999993,5.833333333333335,-1.5000000000000013,True,True,True,False,28.884349226773125
5855311126df8a90,2025-11-21,348370,엔켐,KOSDAQ,baseline,opening_gapdown_v1,-5.15806988352745,57000.0,61900.0,8.59649122807018,0.7563157894736842,7.8401754385964955,12.456140350877188,-1.2280701754386003,True,True,True,False,28.070180572400943
b180c22e3f4ea13e,2025-11-21,484590,삼양컴텍,KOSDAQ,baseline,opening_gapdown_v1,-3.753127606338613,11540.0,11520.0,-0.17331022530329143,0.48996533795493935,-0.6632755632582308,1.9930675909878737,-0.7798960138648225,True,False,False,False,26.278744126572192
5ab89c11916620a7,2025-11-21,376300,디어유,KOSDAQ,baseline,opening_gapdown_v1,-3.34855403348554,31750.0,31950.0,0.6299212598425141,0.7024409448818898,-0.07251968503937567,1.8897637795275646,-0.47244094488189115,True,False,False,False,29.416677691881077
6063f45761b8c8cf,2025-11-26,003570,SNT다이내믹스,KOSPI,baseline,opening_gapdown_v1,-2.1428571428571463,41100.0,42700.0,3.8929440389294356,0.594963503649635,3.297980535279801,3.8929440389294356,0.0,True,True,False,False,23.254655219285894
cc7b0969deabc81e,2025-12-18,452450,피아이이,KOSDAQ,baseline,opening_gapdown_v1,-3.268945022288261,6510.0,6630.0,1.8433179723502224,0.6908294930875576,1.1524884792626648,2.304147465437789,-3.9938556067588338,True,True,True,True,29.659908159180134
a6685f4df4a9d13e,2025-12-18,062970,한국첨단소재,KOSDAQ,baseline,opening_gapdown_v1,-2.6881720430107503,2715.0,2660.0,-2.025782688766109,0.7824861878453038,-2.808268876611413,1.6574585635359185,-3.314917127071826,True,False,True,True,28.083799067085835
c45b9a90abe7d917,2025-12-18,489790,한화비전,KOSPI,baseline,opening_gapdown_v1,-2.429149797570851,36150.0,35950.0,-0.5532503457814641,0.6449377593360996,-1.1981881051175638,1.9363762102351245,-1.2448132780082943,True,False,True,False,27.53032455394134
2ad86720c4e24e0a,2025-12-24,053350,이니텍,KOSDAQ,baseline,opening_gapdown_v1,-6.57439446366782,4050.0,4660.0,15.061728395061724,0.6003703703703704,14.461358024691354,22.469135802469143,0.0,True,True,False,False,18.37399542409223
96271842786b7d84,2025-12-29,008730,율촌화학,KOSPI,baseline,opening_gapdown_v1,-2.621722846441943,26000.0,27000.0,3.8461538461538547,0.806923076923077,3.0392307692307776,4.42307692307693,-0.9615384615384581,True,True,False,False,26.760302134524068
898d36f62a18c75e,2026-01-09,309930,조이웍스앤코,KOSDAQ,baseline,opening_gapdown_v1,-7.777777777777772,1162.0,1174.0,1.0327022375215211,0.4881755593803787,0.5445266781411424,12.994836488812389,-0.43029259896729677,True,True,False,False,24.57829117601942
f2c5f621b2f7bc00,2026-01-21,005690,파미셀,KOSPI,baseline,opening_gapdown_v1,-2.361005331302357,12820.0,12540.0,-2.1840873634945357,0.464009360374415,-2.648096723868951,0.23400936037440978,-4.134165366614662,False,False,True,True,27.638768429922877
59379976df270779,2026-01-22,021240,코웨이,KOSPI,baseline,opening_gapdown_v1,-2.2164276401564487,75000.0,76600.0,2.1333333333333426,0.63,1.5033333333333427,2.8000000000000025,-0.40000000000000036,True,True,False,False,26.914985896401276
c6f6d14388e32eda,2026-02-10,424870,이뮨온시아,KOSDAQ,baseline,opening_gapdown_v1,-3.409090909090906,8500.0,8860.0,4.235294117647048,0.5829411764705883,3.65235294117646,4.705882352941182,-1.4117647058823568,True,True,True,False,29.70163650436993
5b908093018e649e,2026-02-19,142760,모아라이프플러스,KOSDAQ,baseline,opening_gapdown_v1,-3.888888888888886,1038.0,845.0,-18.593448940269752,0.5190173410404624,-19.112466281310216,0.9633911368015502,-24.373795761079,False,False,True,True,20.62500277499889
9f29b3c0d5f140a1,2026-02-27,290690,소룩스,KOSDAQ,baseline,opening_gapdown_v1,-2.4242424242424288,3220.0,3215.0,-0.15527950310558758,0.6958385093167702,-0.8511180124223577,2.9503105590062084,-1.3975155279503104,True,True,True,False,28.493181332391657
930c568ae2d331ea,2026-03-03,294140,레몬,KOSDAQ,baseline,opening_gapdown_v1,-22.12189616252822,3450.0,3830.0,11.014492753623184,0.6647826086956522,10.349710144927531,29.565217391304355,-1.7391304347826098,True,True,True,False,26.653540237214543
1a5a18bdc5b69050,2026-03-03,217330,싸이토젠,KOSDAQ,baseline,opening_gapdown_v1,-4.92700729927007,5210.0,4915.0,-5.662188099808063,0.8058157389635316,-6.468003838771594,1.7274472168905985,-5.662188099808063,True,False,True,True,28.76094922458391
76c4e2ee4f3c76ab,2026-03-03,393970,대진첨단소재,KOSDAQ,baseline,opening_gapdown_v1,-3.4257748776509,2960.0,2900.0,-2.0270270270270285,0.7367567567567568,-2.7637837837837855,5.405405405405395,-2.0270270270270285,True,True,True,True,28.3327794068325
db358a4acce9b89a,2026-03-04,488280,에스투더블유,KOSDAQ,baseline,opening_gapdown_v1,-7.031700288184439,16130.0,15000.0,-7.005579665220085,0.4159888406695599,-7.4215685058896455,3.7197768133911957,-9.423434593924362,True,True,True,True,29.82068188008614
f2d693bdcbba47b2,2026-03-04,424870,이뮨온시아,KOSDAQ,baseline,opening_gapdown_v1,-6.760204081632648,7310.0,6870.0,-6.019151846785231,0.6403967168262654,-6.659548563611496,3.146374829001375,-9.57592339261286,True,True,True,True,27.224616774648894
42d79799b0b897cd,2026-03-04,019170,신풍제약,KOSPI,baseline,opening_gapdown_v1,-6.63716814159292,10550.0,10150.0,-3.791469194312791,0.5143601895734597,-4.305829383886251,4.075829383886265,-8.056872037914697,True,True,True,True,27.63479273776599
23025a2653b86ab6,2026-03-06,251970,펌텍코리아,KOSDAQ,baseline,opening_gapdown_v1,-2.6652452025586304,45650.0,48800.0,6.900328587075566,0.5585870755750274,6.341741511500539,7.776560788608977,-0.9857612267250793,True,True,False,False,28.517852391176547
77ead5a8bf2bea9a,2026-03-09,032350,롯데관광개발,KOSPI,baseline,opening_gapdown_v1,-6.873032528856249,17750.0,18140.0,2.1971830985915597,0.39901408450704223,1.7981690140845175,4.676056338028167,-2.422535211267607,True,True,True,True,29.181985946791002
b9a760907f6f7a39,2026-03-09,079160,CJ CGV,KOSPI,baseline,opening_gapdown_v1,-2.7833001988071593,4890.0,4830.0,-1.2269938650306789,0.5367484662576687,-1.7637423312883476,0.0,-3.885480572597133,False,False,True,True,28.648115374200145
d06c1f448e066ec0,2026-03-23,348370,엔켐,KOSDAQ,baseline,opening_gapdown_v1,-9.683995922528032,44300.0,42750.0,-3.498871331828446,0.5686004514672687,-4.067471783295715,1.5801354401805856,-4.966139954853277,True,False,True,True,29.988238304632617
2a38a106030481a1,2026-03-23,051980,중앙첨단소재,KOSDAQ,baseline,opening_gapdown_v1,-4.97131931166348,1491.0,1431.0,-4.024144869215296,0.4312072434607646,-4.455352112676061,1.8779342723004744,-6.639839034205231,True,False,True,True,28.995854185714975
f97cf053baa182fc,2026-03-24,051980,중앙첨단소재,KOSDAQ,baseline,opening_gapdown_v1,-10.062893081761004,1287.0,1308.0,1.631701631701632,0.46310023310023307,1.1686013986013988,19.425019425019418,-2.0979020979020935,True,True,True,True,25.159047400005335
2139069cf6f8f5c9,2026-03-30,081660,미스토홀딩스,KOSPI,baseline,opening_gapdown_v1,-4.228855721393032,38500.0,40350.0,4.805194805194812,0.6196103896103896,4.185584415584422,5.454545454545445,-0.12987012987012436,True,True,False,False,28.609202365124034
b005b1c6f9c14a49,2026-04-06,084180,수성웹툰,KOSDAQ,baseline,opening_gapdown_v1,-2.948609941027802,1152.0,1070.0,-7.118055555555558,0.4904166666666666,-7.6084722222222245,0.954861111111116,-13.975694444444443,False,False,True,True,24.967566958606753
cd6795f4d151e804,2026-05-11,082270,젬백스,KOSDAQ,baseline,opening_gapdown_v1,-2.5700934579439227,20850.0,20100.0,-3.597122302158273,0.9494244604316547,-4.546546762589928,1.1990407673860837,-5.419664268585134,True,False,True,True,28.972305292564457
d585548a746afbbe,2026-05-12,194480,데브시스터즈,KOSDAQ,baseline,opening_gapdown_v1,-2.464788732394363,19390.0,18600.0,-4.074265085095408,0.3847189272821042,-4.4589840123775115,0.0515729757607053,-8.354822073233626,False,False,True,True,26.754813844991034
bb6f2d7f6b1ba16a,2026-05-12,424870,이뮨온시아,KOSDAQ,baseline,opening_gapdown_v1,-2.020202020202022,5820.0,5720.0,-1.718213058419249,0.7454639175257731,-2.463676975945022,3.7800687285223455,-5.154639175257736,True,True,True,True,26.960334413911966
62094827c9e7c778,2026-05-13,475230,엔알비,KOSDAQ,baseline,opening_gapdown_v1,-2.4837374334713225,16490.0,18030.0,9.338993329290467,0.41192844147968466,8.927064887810783,10.976349302607646,0.0,True,True,False,False,27.576406915102027
3395edca2c126ecf,2026-05-13,465770,STX그린로지스,KOSPI,baseline,opening_gapdown_v1,-2.310654685494218,3805.0,4055.0,6.570302233902758,0.6242181340341656,5.946084099868592,24.047306176084106,-1.4454664914586024,True,True,True,False,29.23647890847623
9c422717c77ee2cd,2026-05-13,037270,YG PLUS,KOSPI,baseline,opening_gapdown_v1,-2.0856201975850697,4460.0,4480.0,0.4484304932735439,0.566322869955157,-0.11789237668161312,4.260089686098656,0.0,True,True,False,False,29.910054830920117
24ebd1566d790055,2026-05-14,082270,젬백스,KOSDAQ,baseline,opening_gapdown_v1,-2.369912416280273,18950.0,19100.0,0.79155672823219,0.388311345646438,0.40324538258575204,2.058047493403703,-2.0052770448548807,True,True,True,True,25.534101880458337
01021b1fe7bef1b5,2026-05-18,115180,큐리언트,KOSDAQ,baseline,opening_gapdown_v1,-5.035971223021585,26400.0,26800.0,1.5151515151515138,0.7981818181818182,0.7169696969696956,3.5984848484848397,-5.303030303030298,True,True,True,True,29.915298157794098
214326ed5debf8da,2026-05-18,082270,젬백스,KOSDAQ,baseline,opening_gapdown_v1,-4.840484048404836,17300.0,18310.0,5.838150289017352,0.40341040462427746,5.434739884393075,8.728323699421958,-3.4682080924855474,True,True,True,True,23.06888696737245
9da0f03430cbeced,2026-05-18,036810,에프에스티,KOSDAQ,baseline,opening_gapdown_v1,-3.9473684210526327,32850.0,34700.0,5.631659056316596,0.68662100456621,4.945038051750386,8.675799086757996,-4.414003044140036,True,True,True,True,29.689482066439965
8df2cbb4ce77b6de,2026-05-19,287840,인투셀,KOSDAQ,baseline,opening_gapdown_v1,-3.2520325203251987,29750.0,30400.0,2.184873949579824,0.7342016806722689,1.4506722689075553,7.058823529411762,-2.1848739495798353,True,True,True,True,28.17170929688615
c973517e03ce813f,2026-05-19,468530,프로티나,KOSDAQ,baseline,opening_gapdown_v1,-3.2474804031354942,43200.0,44300.0,2.546296296296302,0.5772222222222222,1.9690740740740797,7.638888888888884,-3.356481481481477,True,True,True,True,25.62388533017561
6bfed020711c6318,2026-05-19,087260,모바일어플라이언스,KOSDAQ,baseline,opening_gapdown_v1,-2.8281363306744023,1340.0,1218.0,-9.104477611940299,0.4538805970149254,-9.558358208955225,0.746268656716409,-15.671641791044777,False,False,True,True,24.430754902496275
27b1f05be94c3306,2026-05-20,468530,프로티나,KOSDAQ,baseline,opening_gapdown_v1,-4.288939051918739,42400.0,41850.0,-1.297169811320753,0.5837735849056604,-1.8809433962264135,1.650943396226423,-4.363207547169812,True,False,True,True,25.274765959824535
2a955e3644b79e3f,2026-05-20,0001A0,덕양에너젠,KOSDAQ,baseline,opening_gapdown_v1,-4.263005780346818,13250.0,14030.0,5.886792452830192,0.4564150943396227,5.430377358490569,5.886792452830192,-2.6415094339622636,True,True,True,True,29.306723925942464
8fdc797ef06eed55,2026-05-20,119850,지엔씨에너지,KOSDAQ,baseline,opening_gapdown_v1,-3.5381750465549366,25900.0,25000.0,-3.474903474903479,0.8091505791505791,-4.284054054054058,1.158301158301156,-5.405405405405405,True,False,True,True,26.710129100658335
775415a5b599440d,2026-05-22,376900,로킷헬스케어,KOSDAQ,baseline,opening_gapdown_v1,-2.49520153550864,50800.0,53700.0,5.7086614173228245,0.8205511811023621,4.888110236220462,13.779527559055115,0.0,True,True,False,False,27.780509398416385
d45a576816d85b64,2026-05-28,372320,큐로셀,KOSDAQ,baseline,opening_gapdown_v1,-16.15598885793872,30100.0,31450.0,4.485049833887045,0.7283388704318937,3.756710963455151,11.129568106312293,-6.312292358803983,True,True,True,True,28.37078272246596
da1cadd73ef7629b,2026-05-29,004090,한국석유,KOSPI,baseline,opening_gapdown_v1,-3.6418816388467334,12700.0,12650.0,-0.3937007874015741,0.4662204724409449,-0.859921259842519,1.8897637795275646,-1.5748031496062964,True,False,True,False,29.632209774202238
aacc41aea2545774,2026-05-29,000440,중앙에너비스,KOSDAQ,baseline,opening_gapdown_v1,-2.941176470588236,16500.0,16440.0,-0.363636363636366,0.41181818181818186,-0.7754545454545478,1.454545454545464,-2.9696969696969666,True,False,True,True,27.803076441124688
86627b0b379301c2,2026-06-01,950250,테라뷰,KOSDAQ,baseline,opening_gapdown_v1,-3.8224414303329235,3900.0,3670.0,-5.897435897435899,0.6146153846153847,-6.512051282051283,2.8205128205128105,-5.897435897435899,True,True,True,True,24.09832691212526
886a2b7092736a91,2026-06-01,287840,인투셀,KOSDAQ,baseline,opening_gapdown_v1,-3.130755064456725,26300.0,26550.0,0.9505703422053147,0.8003422053231939,0.15022813688212078,2.471482889733845,-4.562737642585546,True,True,True,True,26.416606309996823
f4c63b70aa09fd94,2026-06-01,255220,SG,KOSDAQ,baseline,opening_gapdown_v1,-2.898550724637683,2010.0,2005.0,-0.24875621890547706,0.9762686567164178,-1.2250248756218949,1.990049751243772,-3.184079601990053,True,False,True,True,29.076210754313237
083aa7cf57ade96b,2026-06-02,494120,큐리오시스,KOSDAQ,baseline,opening_gapdown_v1,-6.349206349206349,29500.0,29950.0,1.5254237288135686,0.7384745762711864,0.7869491525423822,6.440677966101704,-1.016949152542368,True,True,True,False,27.247483280690474
0e89a4122b441bf2,2026-06-02,468530,프로티나,KOSDAQ,baseline,opening_gapdown_v1,-6.324110671936756,35550.0,36050.0,1.4064697609001309,0.6519409282700421,0.7545288326300887,5.485232067510548,-0.8438818565400852,True,True,False,False,25.976437214692083
d22330817c9d928f,2026-06-02,338840,와이바이오로직스,KOSDAQ,baseline,opening_gapdown_v1,-5.3475935828877,15930.0,16050.0,0.7532956685499137,0.41832391713747646,0.33497175141243724,2.4482109227871973,-3.0759573132454476,True,True,True,True,26.8431016299771
451f7a2d990b2522,2026-06-04,003310,대주산업,KOSDAQ,baseline,opening_gapdown_v1,-20.502092050209207,1900.0,2080.0,9.473684210526322,0.3878947368421053,9.085789473684217,14.73684210526316,-1.210526315789473,True,True,True,False,20.036895215558147
79b0892c0bb0fc16,2026-06-04,086820,바이오솔루션,KOSDAQ,baseline,opening_gapdown_v1,-5.508474576271183,6690.0,7170.0,7.17488789237668,0.6784304932735427,6.496457399103138,10.612855007473843,-0.5979073243647215,True,True,False,False,21.458666746522994
94992bf12f3d3a93,2026-06-04,950250,테라뷰,KOSDAQ,baseline,opening_gapdown_v1,-4.545454545454541,3255.0,3540.0,8.75576036866359,0.6908294930875576,8.064930875576033,12.749615975422435,-0.7680491551459334,True,True,False,False,19.209015208547243
87793f21073bed9e,2026-06-05,038500,삼표시멘트,KOSDAQ,baseline,opening_gapdown_v1,-3.9886039886039892,10110.0,10480.0,3.659742828882284,0.5267359050445104,3.133006923837774,3.857566765578646,-2.077151335311578,True,True,True,True,28.641132082814323
8006dd094e9e5f4f,2026-06-05,100840,SNT에너지,KOSPI,baseline,opening_gapdown_v1,-3.3519553072625663,34600.0,33900.0,-2.023121387283233,0.6635260115606936,-2.6866473988439266,1.4450867052023142,-4.4797687861271696,True,False,True,True,29.74492724628847
9f0a1a26511c7e52,2026-06-05,094820,일진파워,KOSDAQ,baseline,opening_gapdown_v1,-2.448355011476666,12750.0,12510.0,-1.8823529411764683,0.4652941176470588,-2.347647058823527,2.35294117647058,-4.313725490196074,True,True,True,True,27.115739647525885
32e8715780ee8aec,2026-06-08,475150,SK이터닉스,KOSPI,baseline,opening_gapdown_v1,-14.851485148514854,30100.0,32150.0,6.810631229235886,0.7283388704318937,6.0822923588039925,11.295681063122931,0.0,True,True,False,False,28.56658174910089
94b8a93f1ee324cb,2026-06-08,476830,알지노믹스,KOSDAQ,baseline,opening_gapdown_v1,-14.367269267364414,90000.0,87800.0,-2.444444444444449,0.5633333333333334,-3.0077777777777825,7.1111111111111125,-4.8888888888888875,True,True,True,True,26.31616312129576
ed0edaa1a6d08a6d,2026-06-08,038500,삼표시멘트,KOSDAQ,baseline,opening_gapdown_v1,-12.213740458015266,9200.0,9850.0,7.065217391304346,0.5560869565217391,6.509130434782607,9.347826086956523,0.0,True,True,False,False,28.441157815677016
f28daea6fec4713e,2026-06-09,003280,흥아해운,KOSPI,baseline,opening_gapdown_v1,-5.1241415742208085,1796.0,1880.0,4.677060133630295,0.3970378619153675,4.280022271714928,8.01781737193763,-0.055679287305121505,True,True,False,False,25.451906124369458
f691863a2a078e07,2026-06-09,394800,쓰리빌리언,KOSDAQ,baseline,opening_gapdown_v1,-5.035971223021585,6600.0,7300.0,10.606060606060597,0.6845454545454546,9.921515151515141,13.484848484848477,-0.9090909090909038,True,True,False,False,22.248594419675314
5e60356a41b25e25,2026-06-09,338840,와이바이오로직스,KOSDAQ,baseline,opening_gapdown_v1,-4.727272727272725,13100.0,13640.0,4.122137404580162,0.4590076335877863,3.6631297709923754,9.160305343511443,-2.900763358778624,True,True,True,True,18.580536561894505
3db4313ac25fb2d8,2026-06-10,082270,젬백스,KOSDAQ,baseline,opening_gapdown_v1,-3.9009752438109557,12810.0,13000.0,1.4832162373145996,0.464192037470726,1.0190241998438736,8.274785323965661,-1.3270882123341154,True,True,True,False,25.288552430158205
9baad8f3659ba3bb,2026-06-10,060280,큐렉소,KOSDAQ,baseline,opening_gapdown_v1,-3.065134099616862,10120.0,10090.0,-0.29644268774703386,0.5264426877470355,-0.8228853754940694,4.249011857707519,-4.0513833992094845,True,True,True,True,28.526796455075484
f03a3fd6eb8f444f,2026-06-10,065350,신성델타테크,KOSDAQ,baseline,opening_gapdown_v1,-2.813299232736577,38000.0,38700.0,1.8421052631578894,0.6247368421052631,1.217368421052626,5.263157894736836,-0.5263157894736858,True,True,False,False,27.687280181350303
8e1124af1e7fb2da,2026-06-11,468530,프로티나,KOSDAQ,baseline,opening_gapdown_v1,-5.460218408736351,30300.0,33150.0,9.405940594059414,0.725049504950495,8.680891089108918,9.735973597359738,-2.1452145214521434,True,True,True,True,27.67748552622477
0f980616464566dc,2026-06-11,476830,알지노믹스,KOSDAQ,baseline,opening_gapdown_v1,-5.17051705170517,86200.0,92800.0,7.656612529002316,0.5780278422273781,7.078584686774938,8.81670533642691,-3.7122969837587005,True,True,True,True,25.748334424171745
5394bc13c970f136,2026-06-11,052690,한전기술,KOSPI,baseline,opening_gapdown_v1,-4.380791912384163,113500.0,116400.0,2.555066079295165,0.4943171806167401,2.0607488986784253,3.7004405286343633,-4.1409691629956,True,True,True,True,28.897359294029968
2af5589185325a26,2026-06-12,003280,흥아해운,KOSPI,baseline,opening_gapdown_v1,-2.917341977309562,1797.0,1811.0,0.7790762381747252,0.3969449081803005,0.3821313299944247,2.3372287145241977,-2.6154702281580455,True,True,True,True,24.485090009059817
784063441ee7a379,2026-06-12,340440,세림B&G,KOSDAQ,baseline,opening_gapdown_v1,-2.003205128205132,1223.0,1255.0,2.6165167620605168,0.47529844644317254,2.141218315617344,5.069501226492235,-0.6541291905151292,True,True,False,False,28.94975229567909
1987e8dfcae8b007,2026-06-17,027360,아주IB투자,KOSDAQ,baseline,opening_gapdown_v1,-2.182810368349253,7170.0,6650.0,-7.252440725244069,0.6484100418410041,-7.900850767085073,0.2789400278939924,-7.531380753138073,False,False,True,True,29.2132206675426
cb0f6c3cb09981d1,2026-06-19,027360,아주IB투자,KOSDAQ,baseline,opening_gapdown_v1,-2.0061728395061706,6350.0,6100.0,-3.937007874015752,0.7024409448818898,-4.639448818897642,1.5748031496062964,-6.614173228346454,True,False,True,True,26.85165918504582
877bb87eb1870b9f,2026-06-22,445680,큐리옥스바이오시스템즈,KOSDAQ,baseline,opening_gapdown_v1,-6.509433962264155,49550.0,49200.0,-0.7063572149344055,0.5327245206861756,-1.239081735620581,3.733602421796167,-5.045408678102925,True,True,True,True,27.148423230383074
fdff5237be671295,2026-06-22,006800,미래에셋증권,KOSPI,baseline,opening_gapdown_v1,-4.820512820512823,46400.0,46100.0,-0.6465517241379337,0.5532758620689655,-1.1998275862068992,1.6163793103448176,-2.8017241379310387,True,False,True,True,29.545933864959935
1f62aa176312449a,2026-06-22,474170,루미르,KOSDAQ,baseline,opening_gapdown_v1,-4.493087557603692,8290.0,8430.0,1.6887816646562026,0.5918817852834741,1.0968998793727285,3.7394451145958962,-3.49819059107358,True,True,True,True,28.272525842038633
5f21bcf39fc06246,2026-06-23,445680,큐리옥스바이오시스템즈,KOSDAQ,baseline,opening_gapdown_v1,-7.113821138211385,45700.0,42200.0,-7.658643326039383,0.5582275711159738,-8.216870897155356,4.923413566739598,-8.315098468271332,True,True,True,True,25.35923545014424
34414ca9b31b4ab5,2026-06-23,478340,나라스페이스테크놀로지,KOSDAQ,baseline,opening_gapdown_v1,-4.8455481526347715,15710.0,14320.0,-8.847867600254611,0.42096117122851684,-9.268828771483129,3.755569700827488,-10.439210693825585,True,True,True,True,27.938600836538782
e78063ad9f210312,2026-06-23,001430,세아베스틸지주,KOSPI,baseline,opening_gapdown_v1,-4.447268106734437,37600.0,34900.0,-7.180851063829785,0.6289361702127659,-7.809787234042551,2.127659574468077,-7.71276595744681,True,True,True,True,28.866093483971184
823f97eeef31a933,2026-06-24,006800,미래에셋증권,KOSPI,baseline,opening_gapdown_v1,-4.270462633451954,40350.0,41750.0,3.4696406443618377,0.6017472118959107,2.867893432465927,6.443618339529111,0.0,True,True,False,False,22.50923249180282
96da05f2346b4883,2026-06-24,318060,그래피,KOSDAQ,baseline,opening_gapdown_v1,-3.4057545507927167,16450.0,17920.0,8.936170212765958,0.412370820668693,8.523799392097265,11.246200607902734,0.0,True,True,False,False,26.06284862013638
f3f88e938e872d72,2026-06-24,099320,쎄트렉아이,KOSDAQ,baseline,opening_gapdown_v1,-3.1145717463848754,87100.0,92400.0,6.084959816303104,0.5744316877152698,5.5105281285878345,7.577497129735944,-0.574052812858783,True,True,False,False,26.197748058878233
9f71086f2b5830fb,2026-06-25,024060,흥구석유,KOSDAQ,baseline,opening_gapdown_v1,-3.6633663366336666,9730.0,9620.0,-1.130524152106882,0.5383247687564234,-1.6688489208633055,4.316546762589923,-1.541623843782114,True,True,True,False,29.441336637308282
ea384fe256fb0de4,2026-06-25,099320,쎄트렉아이,KOSDAQ,baseline,opening_gapdown_v1,-2.4891774891774854,90100.0,84900.0,-5.771365149833518,0.5629633740288568,-6.334328523862375,2.1087680355160954,-7.325194228634846,True,True,True,True,28.575533019854973
c259f1f643035b4f,2026-06-26,065350,신성델타테크,KOSDAQ,baseline,opening_gapdown_v1,-20.728291316526615,28300.0,28100.0,-0.7067137809187329,0.7600353356890459,-1.4667491166077788,9.540636042402827,-4.59363957597173,True,True,True,True,28.29718492618369
21a3a72aab3b17e0,2026-06-26,478340,나라스페이스테크놀로지,KOSDAQ,baseline,opening_gapdown_v1,-3.7172011661807614,13210.0,12400.0,-6.1317183951551835,0.45710068130204395,-6.588819076457227,2.195306585919754,-8.478425435276304,True,True,True,True,24.30197760235474
88993c12832c79c2,2026-06-26,187660,페니트리움바이오,KOSDAQ,baseline,opening_gapdown_v1,-3.518518518518521,5210.0,5240.0,0.5758157389635254,0.8058157389635316,-0.2300000000000062,4.0307101727447225,-3.454894433781186,True,True,True,True,29.548334961785258
68aa2bf9c42e8c24,2026-06-29,490470,세미파이브,KOSDAQ,baseline,opening_gapdown_v1,-6.506024096385543,19400.0,21600.0,11.340206185567014,0.38463917525773195,10.955567010309283,12.628865979381443,-3.350515463917525,True,True,True,True,29.378646715427536
4daa8dfecd7045e7,2026-06-29,046120,오르비텍,KOSDAQ,baseline,opening_gapdown_v1,-5.654761904761907,4755.0,5670.0,19.242902208201883,0.5454574132492114,18.697444794952673,21.76656151419558,0.0,True,True,False,False,22.844764096034822
905d8736966eeab4,2026-06-29,112040,위메이드,KOSDAQ,baseline,opening_gapdown_v1,-4.4308111792774385,14020.0,17260.0,23.10984308131241,0.4439800285306705,22.665863052781738,24.750356633380875,0.0,True,True,False,False,23.601847814362927
869f2a82758d8163,2026-07-02,027360,아주IB투자,KOSDAQ,baseline,opening_gapdown_v1,-2.9296875,4970.0,4500.0,-9.456740442655931,0.5318108651911468,-9.988551307847079,0.0,-10.462776659959761,False,False,True,True,28.76052800073495
6c5716cb598c9e06,2026-07-02,001430,세아베스틸지주,KOSPI,baseline,opening_gapdown_v1,-2.7576197387518153,33500.0,31700.0,-5.3731343283582085,0.6777611940298508,-6.05089552238806,0.0,-6.4179104477612,False,False,True,True,29.340016465056138
92e6fa80d07f3613,2026-07-07,001430,세아베스틸지주,KOSPI,baseline,opening_gapdown_v1,-4.1602465331278875,31100.0,32100.0,3.2154340836012762,0.712315112540193,2.5031189710610833,4.662379421221874,-0.9646302250803873,True,True,False,False,28.611132823809697
906c41cb1b6c292f,2026-07-07,100790,미래에셋벤처투자,KOSDAQ,baseline,opening_gapdown_v1,-2.3536165327210146,17010.0,16680.0,-1.9400352733686121,0.4063668430335097,-2.346402116402122,3.9976484420928937,-5.937683715461494,True,True,True,True,28.861935582449746
d39d1dcd8f6cbc28,2026-07-07,476060,온코닉테라퓨틱스,KOSDAQ,baseline,opening_gapdown_v1,-2.0083682008368187,11710.0,11700.0,-0.0853970964987183,0.4861912894961572,-0.5715883859948755,5.380017079419308,-2.4765157984628527,True,True,True,True,29.36430319922573
819087a4e319dfbc,2026-07-08,043260,성호전자,KOSDAQ,baseline,opening_gapdown_v1,-5.360824742268044,18360.0,18690.0,1.7973856209150263,0.39339869281045753,1.4039869281045687,12.472766884531584,-3.703703703703709,True,True,True,True,29.29985689134608
e016de109c226b36,2026-07-08,056080,유진로봇,KOSDAQ,baseline,opening_gapdown_v1,-5.110602593440117,12440.0,12210.0,-1.8488745980707377,0.4711575562700965,-2.320032154340834,5.225080385852099,-2.9742765273311877,True,True,True,True,28.098219268691295
610485439f56f79e,2026-07-08,101490,에스앤에스텍,KOSDAQ GLOBAL,baseline,opening_gapdown_v1,-5.059203444564043,44100.0,43100.0,-2.26757369614512,0.5701360544217687,-2.8377097505668885,5.668934240362811,-3.628117913832196,True,True,True,True,28.387326663684362
50302c64f9337c76,2026-07-09,448900,한국피아이엠,KOSDAQ,baseline,opening_gapdown_v1,-3.19735391400221,43900.0,46000.0,4.783599088838275,0.5716856492027335,4.211913439635541,10.250569476082006,0.0,True,True,False,False,29.557624845822346
368dbdd9b058250c,2026-07-09,092790,넥스틸,KOSPI,baseline,opening_gapdown_v1,-2.843601895734593,10250.0,10650.0,3.9024390243902474,0.5226829268292683,3.3797560975609793,5.951219512195127,0.0,True,True,False,False,29.851667458187265
5503ab9a5d3a7c07,2026-07-09,476830,알지노믹스,KOSDAQ,baseline,opening_gapdown_v1,-2.351097178683381,31150.0,30600.0,-1.7656500802568198,0.7115409309791332,-2.477191011235953,5.7784911717496,-4.01284109149278,True,True,True,True,29.74816247812528
2ef291655b262a49,2026-07-10,456160,지투지바이오,KOSDAQ,baseline,opening_gapdown_v1,-3.639240506329111,30450.0,32450.0,6.568144499178974,0.7226108374384237,5.84553366174055,9.852216748768484,-0.8210180623973717,True,True,False,False,29.927830917029155
39ed60ad4e113f2a,2026-07-10,397030,에이프릴바이오,KOSDAQ,baseline,opening_gapdown_v1,-2.4436090225563922,25950.0,27300.0,5.202312138728327,0.8080346820809248,4.394277456647401,9.248554913294793,0.0,True,True,False,False,29.535762720298237
654fd9ed0f8343a1,2026-07-13,278650,HLB바이오스텝,KOSDAQ,baseline,opening_gapdown_v1,-3.0348258706467623,1949.0,1933.0,-0.8209338122113885,0.3839250897896357,-1.2048589020010243,5.951770138532586,-3.2324268855823513,True,True,True,True,24.63302289557315
b3bb7d6280859d27,2026-07-13,003580,HLB글로벌,KOSPI,baseline,opening_gapdown_v1,-3.0328559393428822,1151.0,1090.0,-5.299739357080801,0.490642919200695,-5.7903822762814965,5.125977410947002,-6.950477845351866,True,True,True,True,27.980690000214068
66e490ffeeb4565c,2026-07-13,087010,펩트론,KOSDAQ,baseline,opening_gapdown_v1,-2.3297491039426577,109000.0,108200.0,-0.7339449541284404,0.5052293577981651,-1.2391743119266057,12.110091743119256,-4.587155963302747,True,True,True,True,26.5582838287401
48cb4c3c82b2e472,2026-07-14,124500,아이티센글로벌,KOSDAQ,baseline,opening_gapdown_v1,-3.167420814479638,19260.0,20000.0,3.842159916926269,0.3857632398753894,3.456396677050879,4.62097611630321,-2.9595015576323935,True,True,True,True,28.835194755061025
06c1f0e63363d6c7,2026-07-14,397030,에이프릴바이오,KOSDAQ,baseline,opening_gapdown_v1,-3.0888030888030937,25100.0,24000.0,-4.3824701195219085,0.827609561752988,-5.210079681274896,0.19920318725099584,-9.561752988047811,False,False,True,True,29.676249537595723
4813f60c6723c9d0,2026-07-14,439260,대한조선,KOSPI,baseline,opening_gapdown_v1,-2.152852529601723,45450.0,44250.0,-2.640264026402639,0.56003300330033,-3.200297029702969,3.960396039603964,-4.950495049504955,True,True,True,True,29.746194234826604
2e6869f2862f7d93,2026-07-16,373200,엑스플러스,KOSDAQ,baseline,opening_gapdown_v1,-4.437299035369779,1486.0,1407.0,-5.316285329744275,0.43188425302826383,-5.7481695827725385,0.8748317631224856,-11.10363391655451,False,False,True,True,14.901060741130664
c1b957a4995aa480,2026-07-16,027360,아주IB투자,KOSDAQ,baseline,opening_gapdown_v1,-2.1505376344086002,3640.0,3380.0,-7.14285714285714,0.6420879120879122,-7.784945054945052,0.0,-7.417582417582413,False,False,True,True,28.885622637481546
324024f55717d149,2026-07-20,307950,현대오토에버,KOSPI,baseline,opening_gapdown_v1,-4.325699745547073,376000.0,371500.0,-1.196808510638303,0.6289361702127659,-1.8257446808510691,2.2606382978723305,-3.32446808510638,True,True,True,True,29.58809090443036
d84c4cf2bfa5df88,2026-07-20,102940,코오롱생명과학,KOSDAQ,baseline,opening_gapdown_v1,-3.875968992248058,31000.0,30100.0,-2.9032258064516148,0.7138709677419355,-3.6170967741935502,6.129032258064515,-5.967741935483872,True,True,True,True,28.06453200467854
7168d40f9500ca28,2026-07-20,085660,차바이오텍,KOSDAQ,baseline,opening_gapdown_v1,-2.960526315789469,8850.0,8720.0,-1.4689265536723117,0.5689830508474576,-2.0379096045197693,1.9209039548022666,-2.1468926553672274,True,False,True,True,29.955857915715058
3180d0dc261ff6a7,2026-07-21,002020,코오롱,KOSPI,baseline,opening_gapdown_v1,-28.875379939209722,23400.0,23600.0,0.8547008547008517,0.871025641025641,-0.016324786324789287,1.7094017094017033,-1.4957264957264904,True,False,True,False,25.95207787792853
ba6e0da2645cc790,2026-07-21,100790,미래에셋벤처투자,KOSDAQ,baseline,opening_gapdown_v1,-3.228228228228225,12890.0,13330.0,3.413498836307216,0.46273855702094646,2.9507602792862695,5.973622963537628,0.0,True,True,False,False,28.472844952002504
6c8996dba9c8d436,2026-07-24,051630,진양화학,KOSPI,baseline,opening_gapdown_v1,-2.6733500417710943,1165.0,1112.0,-4.549356223175971,0.4875107296137339,-5.036866952789706,1.8025751072961338,-4.72103004291845,True,False,True,True,29.26566134367077
113bd1a417c7d252,2026-07-28,002020,코오롱,KOSPI,baseline,opening_gapdown_v1,-3.529411764705881,24600.0,23250.0,-5.487804878048785,0.8397560975609756,-6.327560975609761,0.20325203252031798,-7.72357723577236,False,False,True,True,25.642078961204106
104c6dd6e68b664e,2026-07-29,255440,야스,KOSDAQ,baseline,opening_gapdown_v1,-23.224568138195778,4000.0,3820.0,-4.5000000000000036,0.605,-5.105000000000004,6.749999999999989,-8.750000000000002,True,True,True,True,24.146530281679816
30b02653c422a0e9,2026-07-30,330860,네패스아크,KOSDAQ,baseline,opening_gapdown_v1,-9.365558912386707,18000.0,18650.0,3.6111111111111205,0.3966666666666667,3.214444444444454,11.944444444444446,0.0,True,True,False,False,28.220842308689015
8f792ef6c2eb3f6b,2026-07-30,168360,펨트론,KOSDAQ,baseline,opening_gapdown_v1,-9.349593495934961,8920.0,9220.0,3.363228699551568,0.566322869955157,2.796905829596411,11.995515695067272,0.0,True,True,False,False,29.382257460560197
c4c3f630d030861e,2026-07-30,033640,네패스,KOSDAQ,baseline,opening_gapdown_v1,-9.01835594573025,11400.0,11980.0,5.087719298245608,0.49315789473684213,4.594561403508766,15.350877192982448,0.0,True,True,False,False,26.07728449221301
469871ea09a478ba,2026-08-03,237690,에스티팜,KOSDAQ GLOBAL,baseline,opening_gapdown_v1,-2.259887005649719,86500.0,94400.0,9.132947976878603,0.5768208092485549,8.556127167630049,11.791907514450873,-1.0404624277456698,True,True,True,False,29.829460388171555
9d653d8ecc24b196,2026-08-06,102940,코오롱생명과학,KOSDAQ,baseline,opening_gapdown_v1,-2.6412776412776395,15850.0,15600.0,-1.577287066246058,0.41927444794952684,-1.996561514195585,2.902208201892753,-4.542586750788646,True,True,True,True,26.309144443729977
e92a0464ff116d5b,2026-08-19,069960,현대백화점,KOSPI,baseline,opening_gapdown_v1,-2.200000000000002,97800.0,94800.0,-3.0674846625766916,0.5367484662576687,-3.6042331288343603,0.0,-3.885480572597133,False,False,True,True,29.81125540318577
48249779f0f868a4,2026-08-19,381970,케이카,KOSPI,baseline,opening_gapdown_v1,-2.124430955993928,6450.0,6250.0,-3.100775193798455,0.6951162790697675,-3.7958914728682225,0.15503875968991832,-4.496124031007753,False,False,True,True,28.680335480054325
13902af563106cc9,2026-08-24,102940,코오롱생명과학,KOSDAQ,baseline,opening_gapdown_v1,-2.3178807947019875,14750.0,15230.0,3.2542372881355863,0.43338983050847457,2.820847457627112,4.406779661016946,-0.6779661016949157,True,True,False,False,29.7072878936349
5c519efe8490e301,2026-09-11,214370,케어젠,KOSDAQ,baseline,opening_gapdown_v1,-3.900709219858156,40650.0,41700.0,2.583025830258312,0.5990036900369003,1.9840221402214118,2.829028290282909,-0.6150061500615034,True,True,False,False,28.4205411927654
832b7540d06083c5,2026-09-14,214370,케어젠,KOSDAQ,baseline,opening_gapdown_v1,-2.7577937649880147,40550.0,41000.0,1.1097410604192337,0.5999136868064119,0.5098273736128218,2.0961775585696563,-1.8495684340320562,True,True,True,False,27.696613898688042
f553080ede550afb,2026-09-16,298380,에이비엘바이오,KOSDAQ GLOBAL,baseline,opening_gapdown_v1,-4.553119730185495,56600.0,57900.0,2.29681978798586,0.7600353356890459,1.536784452296814,3.0035335689045928,-4.416961130742047,True,True,True,True,29.594683103357042
86deb97f288241bf,2026-09-23,298380,에이비엘바이오,KOSDAQ GLOBAL,baseline,opening_gapdown_v1,-2.73972602739726,49700.0,50800.0,2.213279678068414,0.5318108651911468,1.681468812877267,4.024144869215296,-0.7042253521126751,True,True,False,False,22.880406447110033
1e322f6459240499,2026-09-29,145020,휴젤,KOSDAQ,baseline,opening_gapdown_v1,-2.7941966684578157,180900.0,183300.0,1.3266998341625147,0.3958374792703151,0.9308623548921996,4.477611940298498,-1.2714206744057543,True,True,True,False,21.438294908148862
916fbf7d351caa2d,2026-09-29,475830,오름테라퓨틱,KOSDAQ,baseline,opening_gapdown_v1,-2.680412371134022,23600.0,22500.0,-4.6610169491525415,0.8655932203389831,-5.526610169491525,0.0,-11.652542372881358,False,False,True,True,21.588552485945584
