date,signalSchemaVersion,strategyVersion,variant,rank,rankBucket,code,name,gap,gapEstimated,gapBucket,pullbackPct,pullbackBucket,entryTime,entryPrice,volRatio,volumeBucket,amountRatio,amountBucket,timeBucket,mfePct,mfeTime,maePct,maeTime,hitPlus1Time,hitPlus2Time,hitMinus1Time,hitMinus2Time,fwd5mPct,fwd10mPct,fwd20mPct,fwd30mPct,exitModel,exitTime,exitPrice,reason,pnl,lowHighExitTime,lowHighExitPrice,lowHighReason,lowHighPnl
2025-09-30,2,opening_rebreak_v1,baseline,7,Top1~20,097230,HJ중공업,3.474903474903468,False,3~4%,0.3616636528028933,0.3~0.5%,928,28050.0,1.7863238690712269,1.5~2.0x,1.8148368191933453,1.5~2.0x,09:21~09:30,2.673796791443861,943,-1.0695187165775444,951,929,942,951,,-0.35650623885917776,0.0,1.0695187165775444,-0.5347593582887722,close,930,28200.0,time_exit,-0.586506238859178,930,28200.0,time_exit,-0.586506238859178
2025-09-30,2,opening_rebreak_v1,baseline,67,Top51~100,353200,대덕전자,2.5547445255474477,False,2~3%,0.6968641114982579,0.5~0.7%,926,29350.0,20.18362885596308,2.0x+,20.78559673412338,2.0x+,09:21~09:30,0.17035775127767216,927,-2.2146507666098825,933,,,927,928,-0.8517887563884163,-1.873935264054516,-1.0221465076660996,-1.5332197614991494,close,927,28950.0,stop,-2.4446507666098816,927,29056.5,stop,-2.0817887563884163
2025-10-01,2,opening_rebreak_v1,baseline,6,Top1~20,082740,한화엔진,2.0044543429844186,False,2~3%,0.6417112299465241,0.5~0.7%,909,47400.0,2.2158807732320422,2.0x+,2.261200186247552,2.0x+,09:03~09:10,4.641350210970474,915,-0.31645569620253333,910,911,911,,,3.797468354430378,3.4810126582278444,2.215189873417711,3.270042194092837,close,911,48400.0,take_profit,1.3522784810126547,911,48110.99999999999,take_profit,0.7425738396624375
2025-10-01,2,opening_rebreak_v1,baseline,33,Top21~50,003535,한화투자증권우,2.212765957446816,False,2~3%,0.8888888888888888,0.7~1.0%,920,13960.0,1.467858127787232,1.0~1.5x,1.531487254402822,1.5~2.0x,09:11~09:20,5.873925501432664,924,-5.014326647564471,942,923,923,923,929,3.151862464183375,3.008595988538687,-2.865329512893988,-3.796561604584525,close,923,14650.0,take_profit,4.354527220630368,923,13820.4,stop,-1.5881661891117487
2025-10-01,2,opening_rebreak_v1,baseline,41,Top21~50,353200,대덕전자,2.123893805309729,False,2~3%,0.3418803418803419,0.3~0.5%,908,29450.0,1.5218572100067895,1.5~2.0x,1.5375195483602042,1.5~2.0x,09:03~09:10,3.056027164685915,933,-0.6791171477079749,909,915,932,,,0.0,0.1697792869269854,1.1884550084889645,1.1884550084889645,close,925,29900.0,take_profit,0.44911714770798294,925,29891.749999999996,take_profit,0.4211035653650157
2025-10-01,2,opening_rebreak_v1,baseline,48,Top21~50,222800,심텍,4.195804195804187,False,4~5%,0.7734806629834254,0.7~1.0%,906,45350.0,2.436771561771562,2.0x+,2.461193548470831,2.0x+,09:03~09:10,5.733186328555684,934,-0.22050716648290836,907,910,920,,,0.7717750826901959,1.2127894156560126,1.9845644983461863,3.7486218302094754,close,919,46050.0,take_profit,0.762282249173093,916,46030.24999999999,take_profit,0.7187320837927136
2025-10-01,2,opening_rebreak_v1,baseline,88,Top51~100,067310,하나마이크론,2.257336343115135,False,2~3%,0.4319654427645789,0.3~0.5%,908,23350.0,2.7564771344114067,2.0x+,2.788041064108674,2.0x+,09:03~09:10,0.4282655246252709,925,-1.498929336188437,915,,,915,,-0.4282655246252709,-1.0706638115631661,-0.4282655246252709,-1.498929336188437,close,915,23050.0,stop,-2.585460385438971,915,23116.5,stop,-2.3006638115631697
2025-10-01,2,opening_rebreak_v1,baseline,100,Top51~100,452280,한선엔지니어링,4.922515952598006,False,4~5%,0.3412969283276451,0.3~0.5%,905,11790.0,6.403543307086614,2.0x+,6.463850649875957,2.0x+,09:03~09:10,2.459711620016969,935,-4.749787955894824,911,933,935,906,907,-3.647158608990675,-3.3927056827820157,-0.16963528413910245,-1.0178117048346036,close,906,11620.0,stop,-2.0959881255301065,906,11672.1,stop,-1.6540882103477532
2025-10-02,2,opening_rebreak_v1,baseline,5,Top1~20,317450,명인제약,5.414273995077923,False,5~7%,0.6844106463878328,0.5~0.7%,918,131800.0,4.038788197180632,2.0x+,4.075898042790255,2.0x+,09:11~09:20,0.5311077389984931,923,-5.5386949924127515,937,,,919,930,0.03793626707131459,-1.2898330804248848,-3.9453717754172946,-4.476479514415777,close,928,130100.0,stop,-1.8991957511380866,919,130482.0,stop,-1.6093626707132027
2025-10-02,2,opening_rebreak_v1,baseline,7,Top1~20,042700,한미반도체,3.688092729188619,False,3~4%,0.4036326942482341,0.3~0.5%,909,99800.0,3.7105258050115486,2.0x+,3.7448604452660117,2.0x+,09:03~09:10,2.605210420841675,915,-1.002004008016033,911,913,913,911,,2.505010020040088,0.9018036072144353,1.4028056112224352,1.7034068136272618,close,913,102100.0,take_profit,1.5736072144288547,911,98802.0,stop,-1.7310020040080167
2025-10-02,2,opening_rebreak_v1,baseline,15,Top1~20,080220,제주반도체,2.9168959823885565,False,2~3%,0.7882291119285338,0.7~1.0%,916,19120.0,1.8896035297042009,1.5~2.0x,1.90527781394877,1.5~2.0x,09:11~09:20,6.956066945606687,945,-0.5753138075313857,921,928,928,,,0.36610878661087476,0.5753138075313746,3.2426778242677923,5.648535564853563,close,928,19540.0,take_profit,1.7051464435146433,928,19406.8,take_profit,1.0084937238493628
2025-10-02,2,opening_rebreak_v1,baseline,33,Top21~50,077360,덕산하이메탈,4.133545310015907,False,4~5%,0.708215297450425,0.7~1.0%,916,7100.0,1.7356315566893579,1.5~2.0x,1.7931026350972337,1.5~2.0x,09:11~09:20,4.225352112676051,939,-2.6760563380281654,921,927,929,919,921,-2.3943661971830954,0.5633802816901401,2.5352112676056304,2.6760563380281654,close,920,6990.0,stop,-2.4835211267605612,919,7029.0,stop,-1.9342253521126769
2025-10-02,2,opening_rebreak_v1,baseline,60,Top51~100,234030,싸이닉솔루션,3.5978835978836,False,3~4%,0.4012036108324975,0.3~0.5%,907,10010.0,1.6199183291284105,1.5~2.0x,1.6329690306722446,1.5~2.0x,09:03~09:10,6.893106893106893,920,-2.5974025974025983,911,915,916,910,911,-0.9990009990009985,1.6983016983016963,3.8961038961038863,4.795204795204788,close,910,9840.0,stop,-2.4278021978021957,910,9909.9,stop,-1.7295004995005003
2025-10-02,2,opening_rebreak_v1,baseline,72,Top51~100,463020,뉴엔AI,2.9661016949152463,False,2~3%,0.5988023952095809,0.5~0.7%,907,25200.0,1.3192878338278933,1.0~1.5x,1.3351828679703979,1.2~1.5x,09:03~09:10,16.07142857142858,922,-0.3968253968253954,908,908,908,,,7.341269841269837,9.92063492063493,10.912698412698418,10.119047619047628,close,908,26350.0,take_profit,3.3414285714285774,908,25577.999999999996,take_profit,0.27793650793649816
2025-10-02,2,opening_rebreak_v1,baseline,82,Top51~100,126730,코칩,4.195804195804187,False,4~5%,0.36900369003690037,0.3~0.5%,924,16520.0,2.1973905519986157,2.0x+,2.2419047117155384,2.0x+,09:21~09:30,2.6029055690072633,930,-2.4818401937045986,934,925,925,926,933,0.1815980629539915,-1.8159806295399483,-0.7263922518159771,-0.7263922518159771,close,927,16270.0,stop,-2.045980629539951,925,16767.8,take_profit,0.9673365617433316
2025-10-02,2,opening_rebreak_v1,baseline,94,Top51~100,001520,동양,3.7298387096774244,False,3~4%,0.4770992366412214,0.3~0.5%,905,2122.0,1.3661590482154038,1.0~1.5x,1.3897360979449123,1.2~1.5x,09:03~09:10,5.089538171536279,908,-3.016022620169656,934,906,907,930,930,0.7540056550424223,1.602262016965117,0.7540056550424223,-2.0735155513666337,close,907,2194.0,take_profit,1.9848916116870972,907,2153.83,take_profit,0.09186616399622016
2025-10-10,2,opening_rebreak_v1,baseline,8,Top1~20,466100,클로봇,2.131438721136769,False,2~3%,0.6337769772173856,0.5~0.7%,926,30121.0,1.4353022457990534,1.0~1.5x,1.451298766179237,1.2~1.5x,09:21~09:30,5.816539955512767,951,-0.9461837256399153,927,928,928,,,-0.15935725905514841,3.771455130971746,4.558281597556513,5.029713488928,close,928,30736.0,take_profit,0.9817791573984829,928,30572.815,take_profit,0.4400142757544472
2025-10-10,2,opening_rebreak_v1,baseline,9,Top1~20,402340,SK스퀘어,2.941176470588225,False,2~3%,0.8097165991902834,0.7~1.0%,922,247500.0,1.4823952212131515,1.0~1.5x,1.5027777664503976,1.5~2.0x,09:21~09:30,3.0303030303030276,950,-0.60606060606061,937,945,947,,,0.40404040404040664,0.40404040404040664,0.60606060606061,2.2222222222222143,close,930,248000.0,time_exit,-1.0380808080808068,930,248000.0,time_exit,-1.0380808080808068
2025-10-10,2,opening_rebreak_v1,baseline,16,Top1~20,009150,삼성전기,3.166496424923393,False,3~4%,0.48426150121065376,0.3~0.5%,905,207000.0,1.2052943354313217,1.0~1.5x,1.2140921043030832,1.2~1.5x,09:03~09:10,1.6908212560386549,907,-1.2077294685990392,917,906,,917,,0.24154589371980784,-0.24154589371980784,-0.48309178743961567,-0.24154589371980784,close,930,205500.0,time_exit,-2.1623671497584573,907,210104.99999999997,take_profit,0.0622705314009564
2025-10-10,2,opening_rebreak_v1,baseline,53,Top51~100,034220,LG디스플레이,2.8806584362139898,False,2~3%,0.3911342894393742,0.3~0.5%,915,15420.0,1.2655565401467042,1.0~1.5x,1.2771519534726556,1.2~1.5x,09:11~09:20,1.2970168612191912,936,-0.45395590142671693,923,936,,,,-0.1945525291828787,-0.25940337224383825,0.5188067444876765,0.9079118028534339,close,930,15430.0,time_exit,-0.48940337224383945,930,15430.0,time_exit,-0.48940337224383945
2025-10-10,2,opening_rebreak_v1,baseline,56,Top51~100,000990,DB하이텍,2.673796791443861,False,2~3%,0.33557046979865773,0.3~0.5%,929,59700.0,2.204357220021606,2.0x+,2.2125578770185155,2.0x+,09:21~09:30,1.340033500837512,943,-0.16750418760469454,930,941,,,,0.16750418760469454,0.5025125628140614,1.1725293132328396,0.16750418760469454,close,930,59800.0,time_exit,-0.900016750418756,930,59800.0,time_exit,-0.900016750418756
2025-10-10,2,opening_rebreak_v1,baseline,67,Top51~100,124500,아이티센글로벌,4.352498656636228,False,4~5%,0.47732696897374705,0.3~0.5%,913,21650.0,1.5456596542558672,1.5~2.0x,1.6049655402704808,1.5~2.0x,09:11~09:20,1.616628175519641,914,-5.0808314087759765,941,914,,914,922,0.4618937644341736,-2.3094688221709014,-1.61662817551963,-3.6951501154734445,close,922,21200.0,stop,-3.4632563510392647,914,21433.5,stop,-2.384734411085451
2025-10-10,2,opening_rebreak_v1,baseline,69,Top51~100,103590,일진전기,2.0352781546811416,False,2~3%,0.39164490861618795,0.3~0.5%,913,38350.0,1.2074182886522218,1.0~1.5x,1.213748135512784,1.2~1.5x,09:11~09:20,0.6518904823989535,915,-0.7822685788787531,939,,,,,-0.521512385919165,0.0,0.1303780964797996,-0.39113428943937656,close,930,38350.0,time_exit,-0.881890482398957,930,38350.0,time_exit,-0.881890482398957
2025-10-10,2,opening_rebreak_v1,baseline,79,Top51~100,010950,S-Oil,2.728731942215079,False,2~3%,0.4524886877828055,0.3~0.5%,928,66400.0,1.817931877195662,1.5~2.0x,1.8289496461483632,1.5~2.0x,09:21~09:30,0.3012048192771122,937,-0.6024096385542133,948,,,,,0.1506024096385561,0.1506024096385561,-0.3012048192771122,-0.3012048192771122,close,930,66300.0,time_exit,-1.1336144578313272,930,66300.0,time_exit,-1.1336144578313272
2025-10-10,2,opening_rebreak_v1,baseline,96,Top51~100,403870,HPSP,3.7142857142857144,False,3~4%,0.5390835579514826,0.5~0.7%,906,37300.0,1.9694573296819986,1.5~2.0x,1.9908064606270608,1.5~2.0x,09:03~09:10,0.0,907,-2.815013404825739,927,,,908,911,-2.144772117962468,-1.072386058981234,-2.4128686327077764,-1.608579088471851,close,908,36800.0,stop,-2.240723860589813,908,36927.0,stop,-1.9002412868632717
2025-10-13,2,opening_rebreak_v1,baseline,49,Top21~50,101170,우림피티에스,3.442340791738374,False,3~4%,0.7564296520423601,0.7~1.0%,916,6650.0,1.9068947761572883,1.5~2.0x,1.9345261273165073,1.5~2.0x,09:11~09:20,7.218045112781946,945,-3.609022556390973,919,917,925,917,918,-1.9548872180451093,2.1052631578947434,-1.3533834586466176,7.067669172932334,close,917,6530.0,stop,-2.786390977443607,917,6583.5,stop,-1.9818796992481211
2025-10-14,2,opening_rebreak_v1,baseline,2,Top1~20,000660,SK하이닉스,2.4096385542168752,False,2~3%,0.3488372093023256,0.3~0.5%,928,436000.0,2.8568637825078342,2.0x+,2.904348640958511,2.0x+,09:21~09:30,0.11467889908256534,929,-2.5229357798165153,958,,,949,956,-0.4587155963302725,-0.2293577981651418,-0.917431192660545,-2.2935779816513735,close,930,436000.0,time_exit,-0.803394495412844,930,436000.0,time_exit,-0.803394495412844
2025-10-14,2,opening_rebreak_v1,baseline,5,Top1~20,466100,클로봇,2.1601016518424387,False,2~3%,0.6900741100716802,0.5~0.7%,917,42813.0,1.5621135253471508,1.5~2.0x,1.6363379012181636,1.5~2.0x,09:11~09:20,3.7605400228902353,940,-2.4338401887277206,925,921,940,919,919,0.6633499170812573,-1.2169200943638603,-0.995024875621886,1.5485950529045,close,919,42103.0,stop,-2.472309578866236,919,42384.87,stop,-1.813934786163071
2025-10-14,2,opening_rebreak_v1,baseline,19,Top1~20,007660,이수페타시스,3.2697547683923744,False,3~4%,0.38167938931297707,0.3~0.5%,908,78800.0,1.8781210866620666,1.5~2.0x,1.890114197049436,1.5~2.0x,09:03~09:10,0.6345177664974555,912,-1.3959390862944177,910,,,909,,-0.5076142131979711,-0.5076142131979711,0.0,-0.25380710659898,close,909,77900.0,stop,-2.0066497461928883,909,78012.0,stop,-1.8645177664974628
2025-10-14,2,opening_rebreak_v1,baseline,25,Top21~50,090710,휴림로봇,2.4011299435028333,False,2~3%,0.684931506849315,0.5~0.7%,927,3655.0,1.2586899529460793,1.0~1.5x,1.264543749131078,1.2~1.5x,09:21~09:30,12.859097127222974,942,-0.2735978112175075,928,928,929,,,5.198358413132698,8.071135430916554,8.48153214774281,5.608755129958953,close,929,3790.0,take_profit,2.7795759233926143,928,3709.825,take_profit,0.5860054719562147
2025-10-14,2,opening_rebreak_v1,baseline,40,Top21~50,000150,두산,3.3898305084745672,False,3~4%,0.6514657980456027,0.5~0.7%,918,614500.0,2.0752022846263682,2.0x+,2.0923968433096047,2.0x+,09:11~09:20,1.708706265256299,934,-1.2205044751830707,920,929,,920,,0.08136696501219731,0.5695687550854256,0.8950366151342593,1.708706265256299,close,930,619000.0,time_exit,-0.3113669650122082,920,608355.0,stop,-2.0436696501220517
2025-10-14,2,opening_rebreak_v1,baseline,70,Top51~100,058470,리노공업,2.48667850799289,False,2~3%,0.5163511187607573,0.5~0.7%,927,58900.0,1.379130616074221,1.0~1.5x,1.4004946096925115,1.2~1.5x,09:21~09:30,1.3582342954159499,929,-3.2258064516129004,954,929,,945,949,1.3582342954159499,0.679117147707986,-1.1884550084889645,-3.056027164685904,close,930,59400.0,time_exit,-0.2300000000000031,930,59400.0,time_exit,-0.2300000000000031
2025-10-14,2,opening_rebreak_v1,baseline,93,Top51~100,397030,에이프릴바이오,3.1963470319634757,False,3~4%,0.5586592178770949,0.5~0.7%,918,35950.0,1.6993629723509989,1.5~2.0x,1.7153174944024898,1.5~2.0x,09:11~09:20,2.2253129346314404,936,-1.2517385257301838,927,936,936,921,,-0.5563282336578546,-0.5563282336578546,0.5563282336578546,0.4172461752433909,close,930,35800.0,time_exit,-1.3426564673157135,921,35590.5,stop,-1.9254102920723235
2025-10-15,2,opening_rebreak_v1,baseline,4,Top1~20,125490,한라캐스트,4.51306413301662,False,4~5%,0.8791208791208791,0.7~1.0%,928,9160.0,2.2032420063489684,2.0x+,2.237438667201391,2.0x+,09:21~09:30,2.729257641921401,933,-1.3100436681222738,931,929,932,931,,2.2925764192139653,1.5283842794759916,0.5458515283842891,1.5283842794759916,close,930,9140.0,time_exit,-0.9941921397379861,930,9140.0,time_exit,-0.9941921397379861
2025-10-15,2,opening_rebreak_v1,baseline,14,Top1~20,001520,동양,6.87936191425722,False,5~7%,0.7029876977152899,0.7~1.0%,922,2322.0,1.2912320337875447,1.0~1.5x,1.3266552134755216,1.2~1.5x,09:21~09:30,2.928509905254084,941,-2.239448751076656,930,924,941,925,930,-1.2058570198105079,-0.4306632213608941,0.5167958656330685,-0.08613264427217437,close,927,2294.0,stop,-2.5125150732127475,925,2298.78,stop,-2.3066580534022294
2025-10-15,2,opening_rebreak_v1,baseline,23,Top21~50,119850,지엔씨에너지,2.359882005899716,False,2~3%,0.7072135785007072,0.7~1.0%,921,35600.0,1.9257711038961038,1.5~2.0x,1.9532037407037408,1.5~2.0x,09:21~09:30,2.528089887640439,947,-0.8426966292134797,931,924,941,,,1.1235955056179803,-0.5617977528089901,2.106741573033699,2.2471910112359605,close,930,35900.0,time_exit,-0.08955056179775622,926,36134.0,take_profit,0.5677528089887544
2025-10-15,2,opening_rebreak_v1,baseline,89,Top51~100,117730,티로보틱스,2.0721412125863425,False,2~3%,0.591715976331361,0.5~0.7%,919,13810.0,5.408207343412527,2.0x+,5.538532215617305,2.0x+,09:11~09:20,0.8689355539464261,949,-2.2447501810282433,925,,,925,925,-0.7965242577842147,-0.868935553946415,-1.1585807385952163,0.6517016654598029,close,925,13510.0,stop,-2.7643953656770495,925,13671.9,stop,-1.5920564808110074
2025-10-16,2,opening_rebreak_v1,baseline,5,Top1~20,005380,현대차,6.040268456375841,False,5~7%,0.6198347107438017,0.5~0.7%,922,243500.0,1.210256846643691,1.0~1.5x,1.2218183663467799,1.2~1.5x,09:21~09:30,0.6160164271047153,925,-1.0266940451745366,943,,,943,,0.0,0.0,-0.6160164271047264,-0.6160164271047264,close,930,242000.0,time_exit,-1.8727104722792642,930,242000.0,time_exit,-1.8727104722792642
2025-10-16,2,opening_rebreak_v1,baseline,16,Top1~20,000270,기아,5.298651252408471,False,5~7%,0.45045045045045046,0.3~0.5%,925,111900.0,1.2723251966643032,1.0~1.5x,1.288445153907109,1.2~1.5x,09:21~09:30,0.17873100983021306,927,-1.072386058981234,944,,,944,,-0.536193029490617,-0.08936550491510653,-0.9830205540661274,-0.8042895442359255,close,930,111300.0,time_exit,-1.213020554066131,930,111300.0,time_exit,-1.213020554066131
2025-10-16,2,opening_rebreak_v1,baseline,23,Top21~50,054540,삼영엠텍,3.4535686876439042,False,3~4%,0.5544005544005544,0.5~0.7%,907,14820.0,1.9475513040634453,1.5~2.0x,2.0113386986913073,2.0x+,09:03~09:10,11.605937921727394,924,0.3373819163292824,910,910,910,,,10.323886639676116,6.41025641025641,7.219973009446701,4.723346828609976,close,910,15500.0,take_profit,4.021012145748987,910,15042.3,take_profit,0.9326180836707054
2025-10-16,2,opening_rebreak_v1,baseline,68,Top51~100,006800,미래에셋증권,2.0979020979021046,False,2~3%,0.6680621743196901,0.5~0.7%,929,22502.0,1.9475006441638754,1.5~2.0x,1.9648773481135058,1.5~2.0x,09:21~09:30,0.6666074126744359,930,-1.546529197404678,958,,,955,,-0.2177584214736461,0.0,0.44440494178294987,-1.102124255621717,close,930,22652.0,time_exit,-0.6744049417829456,930,22652.0,time_exit,-0.6744049417829456
2025-10-16,2,opening_rebreak_v1,baseline,69,Top51~100,012330,현대모비스,2.329450915141429,False,2~3%,0.322061191626409,0.3~0.5%,925,312000.0,2.7957622130665096,2.0x+,2.8138554851669753,2.0x+,09:21~09:30,0.1602564102564097,929,-0.9615384615384581,951,,,,,-0.1602564102564097,-0.6410256410256387,-0.7211538461538436,-0.6410256410256387,close,930,311500.0,time_exit,-1.191538461538461,930,311500.0,time_exit,-1.191538461538461
2025-10-16,2,opening_rebreak_v1,baseline,77,Top51~100,005387,현대차2우B,3.571428571428581,False,3~4%,0.33370411568409347,0.3~0.5%,924,180100.0,2.4774546164356823,2.0x+,2.4898971898441205,2.0x+,09:21~09:30,0.27762354247640175,928,-0.6107717934480839,945,,,,,-0.1110494169905607,-0.05552470849528035,-0.41643531371460263,-0.2220988339811214,close,930,179600.0,time_exit,-0.7852470849528038,930,179600.0,time_exit,-0.7852470849528038
2025-10-16,2,opening_rebreak_v1,baseline,92,Top51~100,075580,세진중공업,2.2004889975550057,False,2~3%,0.47393364928909953,0.3~0.5%,908,21200.0,2.774593222869085,2.0x+,2.801017920229743,2.0x+,09:03~09:10,4.716981132075482,913,-0.4716981132075526,909,909,911,,,4.481132075471694,2.1226415094339535,1.4150943396226356,0.4716981132075526,close,910,21550.0,take_profit,0.24169811320755508,910,21517.999999999996,take_profit,0.09075471698112225
2025-10-16,2,opening_rebreak_v1,baseline,96,Top51~100,005385,현대차우,3.6513545347467646,False,3~4%,0.3912800447177194,0.3~0.5%,917,179000.0,1.3234239932532152,1.0~1.5x,1.325771037907053,1.2~1.5x,09:11~09:20,0.5586592178770999,925,-0.3910614525139633,931,,,,,-0.055865921787712214,0.16759776536312554,0.16759776536312554,0.16759776536312554,close,930,178500.0,time_exit,-0.7886592178770975,930,178500.0,time_exit,-0.7886592178770975
2025-10-17,2,opening_rebreak_v1,baseline,4,Top1~20,086520,에코프로,6.7590987868284325,False,5~7%,0.7824726134585289,0.7~1.0%,913,64900.0,2.650200679221982,2.0x+,2.7181918165711076,2.0x+,09:11~09:20,4.314329738058542,921,-1.6949152542372836,914,917,918,914,,2.4653312788905923,2.4653312788905923,0.6163328197226425,3.3898305084745672,close,914,63800.0,stop,-2.6953312788905963,914,64251.0,stop,-2.0004160246533136
2025-10-17,2,opening_rebreak_v1,baseline,16,Top1~20,066970,엘앤에프,3.760162601626016,False,3~4%,0.9523809523809524,0.7~1.0%,915,106800.0,1.6032169275761226,1.5~2.0x,1.6605232436902948,1.5~2.0x,09:11~09:20,1.217228464419473,921,-4.49438202247191,939,916,,918,932,1.1235955056179803,-0.5617977528089901,-2.3408239700374533,-2.1535580524344566,close,927,105700.0,stop,-1.728127340823967,918,105732.0,stop,-1.6981647940074915
2025-10-17,2,opening_rebreak_v1,baseline,86,Top51~100,461030,아이엠비디엑스,5.263157894736836,False,5~7%,0.7556675062972292,0.7~1.0%,913,12040.0,4.67323372321006,2.0x+,4.780348052492319,2.0x+,09:11~09:20,5.980066445182719,942,-3.239202657807305,916,914,922,914,914,-1.744186046511631,2.3255813953488413,2.4086378737541603,3.488372093023262,close,914,11800.0,stop,-2.638637873754155,914,11919.6,stop,-1.645282392026579
2025-10-17,2,opening_rebreak_v1,baseline,95,Top51~100,166090,하나머티리얼즈,3.891509433962259,False,3~4%,0.4197271773347324,0.3~0.5%,921,47800.0,2.169905343220238,2.0x+,2.209948187905133,2.0x+,09:21~09:30,4.184100418410042,935,-1.3598326359832602,940,922,925,940,,0.7322175732217495,0.4184100418409997,0.4184100418409997,-0.20920502092049986,close,927,48700.0,take_profit,1.1298326359832658,925,48516.99999999999,take_profit,0.746987447698735
2025-10-20,2,opening_rebreak_v1,baseline,8,Top1~20,042660,한화오션,2.0522388059701413,False,2~3%,0.7174887892376681,0.7~1.0%,906,112200.0,1.9826148952506306,1.5~2.0x,2.0094795957282816,2.0x+,09:03~09:10,2.049910873440286,912,-0.7130124777183555,908,910,912,,,1.9607843137254832,0.623885918003575,1.158645276292325,0.5347593582887722,close,911,114400.0,take_profit,1.285151515151508,911,113882.99999999999,take_profit,0.8243672014260152
2025-10-20,2,opening_rebreak_v1,baseline,49,Top21~50,214450,파마리서치,2.53623188405796,False,2~3%,0.6861063464837049,0.5~0.7%,914,585000.0,1.4125071715433162,1.0~1.5x,1.427144551559309,1.2~1.5x,09:11~09:20,2.2222222222222143,929,-0.512820512820511,917,926,929,,,0.34188034188034067,0.34188034188034067,0.34188034188034067,1.3675213675213627,close,927,594000.0,take_profit,0.45376068376067824,927,593775.0,take_profit,0.4152991452991355
2025-10-20,2,opening_rebreak_v1,baseline,50,Top21~50,298040,효성중공업,4.2405063291139244,False,4~5%,0.5369928400954653,0.5~0.7%,908,1687000.0,2.136482939632546,2.0x+,2.162115608374388,2.0x+,09:03~09:10,0.1778304682868992,909,-3.556609365737995,913,,,912,912,-1.3633669235328938,-1.6004742145821038,-2.193242442205101,-1.6597510373444035,close,912,1652000.0,stop,-2.601072910492001,912,1670130.0,stop,-1.5263841138115006
2025-10-20,2,opening_rebreak_v1,baseline,67,Top51~100,468530,프로티나,3.2547699214365844,False,3~4%,0.32017075773745995,0.3~0.5%,907,48100.0,1.2994907496938053,1.0~1.5x,1.3384476458302361,1.2~1.5x,09:03~09:10,3.1185031185031242,924,-3.118503118503113,937,909,919,908,936,-0.31185031185031464,1.7671517671517645,2.079002079002068,-2.598752598752596,close,910,47450.0,stop,-2.1011018711018683,908,47619.0,stop,-1.7497505197505205
2025-10-20,2,opening_rebreak_v1,baseline,78,Top51~100,319660,피에스케이,3.969465648854964,False,3~4%,0.5563282336578581,0.5~0.7%,905,36300.0,2.7027102699070444,2.0x+,2.7442904279056144,2.0x+,09:03~09:10,0.13774104683195176,906,-4.820936639118456,916,,,907,907,-2.203856749311295,-4.1322314049586755,-2.4793388429752095,-0.688705234159781,close,907,35600.0,stop,-2.84707988980716,907,35937.0,stop,-1.9187052341597806
2025-10-21,2,opening_rebreak_v1,baseline,21,Top21~50,052690,한전기술,3.950103950103956,False,3~4%,0.8620689655172413,0.7~1.0%,906,105200.0,1.588386393710594,1.5~2.0x,1.6144758320613959,1.5~2.0x,09:03~09:10,6.273764258555126,932,-0.9505703422053258,909,911,911,,,2.5665399239543696,1.3307984790874583,3.23193916349811,4.752851711026618,close,911,107900.0,take_profit,1.8612547528517078,911,106777.99999999999,take_profit,0.7947148288973286
2025-10-21,2,opening_rebreak_v1,baseline,39,Top21~50,028300,HLB,3.762135922330101,False,3~4%,0.7874015748031495,0.7~1.0%,916,46400.0,2.201325876819377,2.0x+,2.316134255882519,2.0x+,09:11~09:20,0.8620689655172376,933,-3.879310344827591,939,,,917,917,-0.8620689655172376,0.21551724137931494,-1.18534482758621,-2.6939655172413812,close,917,45700.0,stop,-2.277413793103447,917,45936.0,stop,-1.7687931034482767
2025-10-21,2,opening_rebreak_v1,baseline,85,Top51~100,222800,심텍,3.103103103103111,False,3~4%,0.7590132827324478,0.7~1.0%,916,53200.0,2.5354561717352415,2.0x+,2.5790873486867083,2.0x+,09:11~09:20,2.819548872180455,942,-1.3157894736842146,927,919,939,927,,0.0,-0.9398496240601517,1.3157894736842035,1.6917293233082775,close,930,53100.0,time_exit,-1.3578195488721763,927,52668.0,stop,-2.1698496240601512
2025-10-22,2,opening_rebreak_v1,baseline,33,Top21~50,001520,동양,2.254098360655732,False,2~3%,0.7976071784646062,0.7~1.0%,914,2014.0,1.4817124735729388,1.0~1.5x,1.4995823727517077,1.2~1.5x,09:11~09:20,9.533267130089374,938,-0.5958291956305817,915,921,929,,,0.0,0.2979145978152964,3.47567030784508,5.660377358490565,close,928,2048.0,take_profit,0.21687189672293683,921,2044.2099999999998,take_profit,0.02868917576960306
2025-10-22,2,opening_rebreak_v1,baseline,56,Top51~100,010580,에스엠벡셀,2.972399150743099,False,2~3%,0.7905138339920948,0.7~1.0%,912,2550.0,1.9508803380498112,1.5~2.0x,1.981970064552597,1.5~2.0x,09:11~09:20,15.490196078431362,939,-2.352941176470591,914,916,927,913,914,-0.39215686274509665,-1.9607843137254943,4.509803921568634,11.176470588235299,close,914,2510.0,stop,-2.779019607843143,913,2524.5,stop,-2.210392156862746
2025-10-23,2,opening_rebreak_v1,baseline,98,Top51~100,483650,달바글로벌,3.3085752869682628,False,3~4%,0.710594315245478,0.7~1.0%,916,155400.0,1.508372404554588,1.5~2.0x,1.5250557688209694,1.5~2.0x,09:11~09:20,0.45045045045044585,941,-1.6731016731016735,925,,,922,,-0.45045045045044585,-0.9652509652509633,-0.3217503217503248,-0.3217503217503248,close,922,153800.0,stop,-1.5813513513513566,922,153846.0,stop,-1.5517503217503226
2025-10-24,2,opening_rebreak_v1,baseline,28,Top21~50,096770,SK이노베이션,3.2128514056224855,False,3~4%,0.6046863189720333,0.5~0.7%,930,132900.0,1.1931563098822886,1.0~1.5x,1.205859114702328,1.2~1.5x,09:21~09:30,2.483069977426644,951,-0.07524454477050302,931,937,938,,,0.8276899924755554,1.1286681715575675,1.9563581640331007,0.8276899924755554,close,930,132900.0,time_exit,-0.6062227238525207,930,132900.0,time_exit,-0.6062227238525207
2025-10-24,2,opening_rebreak_v1,baseline,51,Top51~100,006800,미래에셋증권,3.4858387799564294,False,3~4%,0.41160732661041366,0.3~0.5%,921,24394.0,1.395126396370487,1.0~1.5x,1.406255974486074,1.2~1.5x,09:21~09:30,0.8157743707469134,948,-2.0414856112158764,926,,,924,926,-1.836517176354846,-0.610805935885872,-0.8157743707469023,0.0,close,924,24096.0,stop,-2.476454046076901,924,24150.06,stop,-2.2548421743051468
2025-10-24,2,opening_rebreak_v1,baseline,97,Top51~100,089030,테크윙,3.0794165316045286,False,3~4%,0.46875,0.3~0.5%,920,64500.0,1.4028094153378892,1.0~1.5x,1.4204271160014732,1.2~1.5x,09:11~09:20,0.6201550387596955,921,-1.0852713178294615,943,,,943,,0.31007751937983663,0.0,-0.31007751937984773,-0.6201550387596955,close,930,64500.0,time_exit,-1.0051937984496124,930,64500.0,time_exit,-1.0051937984496124
2025-10-27,2,opening_rebreak_v1,baseline,4,Top1~20,010140,삼성중공업,4.435483870967749,False,4~5%,0.5405405405405406,0.5~0.7%,924,28100.0,1.427460651236875,1.0~1.5x,1.4533204456433402,1.2~1.5x,09:21~09:30,2.491103202846978,954,-1.7793594306049876,929,943,953,925,,-1.4234875444839812,-0.5338078291814985,0.8896797153024938,2.1352313167259718,close,926,27750.0,stop,-2.36523131672598,925,27819.0,stop,-2.1196797153024924
2025-10-27,2,opening_rebreak_v1,baseline,5,Top1~20,042660,한화오션,3.8461538461538547,False,3~4%,0.4243281471004243,0.3~0.5%,926,142200.0,3.0757850175660635,2.0x+,3.098919794295467,2.0x+,09:21~09:30,0.914205344585084,944,-1.1251758087201136,956,,,956,,-0.2812939521800284,-0.07032348804500987,-0.07032348804500987,-0.9142053445850951,close,930,141800.0,time_exit,-0.8629113924050635,930,141800.0,time_exit,-0.8629113924050635
2025-10-27,2,opening_rebreak_v1,baseline,6,Top1~20,097230,HJ중공업,2.6501766784452263,False,2~3%,0.3236245954692557,0.3~0.5%,917,31800.0,1.163518196829685,1.0~1.5x,1.2012947616618177,1.2~1.5x,09:11~09:20,3.9308176100628867,924,-0.6289308176100628,946,921,921,,,3.1446540880503138,2.0440251572326984,3.380503144654079,-0.3144654088050314,close,921,32550.0,take_profit,1.3423270440251622,921,32276.999999999996,take_profit,0.4838364779874116
2025-10-27,2,opening_rebreak_v1,baseline,21,Top21~50,329180,HD현대중공업,4.377104377104368,False,4~5%,0.47694753577106513,0.3~0.5%,924,635000.0,3.1775905118601746,2.0x+,3.2232747204971424,2.0x+,09:21~09:30,0.7874015748031482,926,-0.9448818897637823,954,,,,,-0.47244094488189115,-0.15748031496063408,-0.47244094488189115,-0.7874015748031482,close,930,632000.0,time_exit,-1.4898425196850407,930,632000.0,time_exit,-1.4898425196850407
2025-10-27,2,opening_rebreak_v1,baseline,31,Top21~50,014940,오리엔탈정공,3.3333333333333437,False,3~4%,0.5952380952380952,0.5~0.7%,925,11900.0,2.3828572738526432,2.0x+,2.425663093143409,2.0x+,09:21~09:30,3.1092436974789806,933,-0.8403361344537785,926,930,930,,,2.1008403361344463,1.764705882352935,0.588235294117645,-0.1680672268907557,close,930,12150.0,take_profit,1.4506722689075555,930,12078.499999999998,take_profit,0.8498319327730994
2025-10-27,2,opening_rebreak_v1,baseline,35,Top21~50,402340,SK스퀘어,4.981549815498165,False,4~5%,0.34965034965034963,0.3~0.5%,921,288000.0,1.6897028334485142,1.5~2.0x,1.7074891790637616,1.5~2.0x,09:21~09:30,2.083333333333326,950,-0.347222222222221,923,925,950,,,0.5208333333333259,0.0,1.388888888888884,1.909722222222232,close,930,288000.0,time_exit,-1.0980555555555556,925,292320.0,take_profit,0.40194444444443467
2025-10-27,2,opening_rebreak_v1,baseline,36,Top21~50,000150,두산,3.995006242197263,False,3~4%,0.4744958481613286,0.3~0.5%,927,844000.0,1.9113924050632911,1.5~2.0x,1.9227833013985909,1.5~2.0x,09:21~09:30,4.2654028436019065,946,-0.35545023696682554,928,932,933,,,0.9478672985782088,2.7251184834123254,3.5545023696682554,2.251184834123232,close,930,849000.0,time_exit,-0.2300000000000022,930,849000.0,time_exit,-0.2300000000000022
2025-10-27,2,opening_rebreak_v1,baseline,39,Top21~50,075580,세진중공업,2.6490066225165476,False,2~3%,0.6302521008403361,0.5~0.7%,911,23875.0,3.44185967992437,2.0x+,3.47460464516678,2.0x+,09:11~09:20,6.178010471204187,926,-0.9424083769633551,916,912,921,,,-0.5235602094240788,2.617801047120416,2.408376963350789,1.5706806282722585,close,918,24250.0,take_profit,0.293560209424091,914,24233.124999999996,take_profit,0.22287958115182271
2025-10-27,2,opening_rebreak_v1,baseline,89,Top51~100,310210,보로노이,6.933911159263273,False,5~7%,0.9925558312655087,0.7~1.0%,905,203000.0,1.4810278258554121,1.0~1.5x,1.5070107701686648,1.5~2.0x,09:03~09:10,6.896551724137923,910,-0.49261083743842304,932,906,906,,,6.157635467980294,4.802955665024622,2.2167487684729092,0.49261083743843415,close,906,209000.0,take_profit,1.4941379310344791,906,206044.99999999997,take_profit,0.038472906403931084
2025-10-29,2,opening_rebreak_v1,baseline,22,Top21~50,028260,삼성물산,3.864734299516903,False,3~4%,0.4524886877828055,0.3~0.5%,917,222500.0,1.598191453878368,1.5~2.0x,1.6107438545116604,1.5~2.0x,09:11~09:20,3.146067415730336,947,-0.8988764044943864,918,921,941,,,1.011235955056189,0.8988764044943753,1.573033707865168,3.146067415730336,close,925,226500.0,take_profit,0.4441573033707953,922,225837.49999999997,take_profit,0.14640449438201264
2025-10-29,2,opening_rebreak_v1,baseline,26,Top21~50,000150,두산,5.142857142857138,False,5~7%,0.949367088607595,0.7~1.0%,920,952000.0,2.2973266681156272,2.0x+,2.31692089698877,2.0x+,09:11~09:20,1.4705882352941124,927,-0.7352941176470562,948,923,,,,0.7352941176470562,0.7352941176470562,0.6302521008403339,-0.6302521008403339,close,930,959000.0,time_exit,-0.019915966386557238,930,959000.0,time_exit,-0.019915966386557238
2025-10-29,2,opening_rebreak_v1,baseline,45,Top21~50,222800,심텍,2.2260273972602773,False,2~3%,0.3236245954692557,0.3~0.5%,921,63300.0,1.1743293225338265,1.0~1.5x,1.2067377616297275,1.2~1.5x,09:21~09:30,3.633491311216419,928,-2.211690363349128,950,923,924,945,950,1.4218009478673022,2.5276461295418606,0.789889415481837,-2.0537124802527673,close,924,64500.0,take_profit,0.8758451816745629,923,64249.49999999999,take_profit,0.4801105845181577
2025-10-29,2,opening_rebreak_v1,baseline,77,Top51~100,010130,고려아연,2.3255813953488413,False,2~3%,0.9725906277630416,0.7~1.0%,909,1136000.0,1.3039799435913506,1.0~1.5x,1.3176608065198185,1.2~1.5x,09:03~09:10,2.7288732394366244,915,-0.2640845070422504,910,913,915,,,1.848591549295775,0.35211267605634866,-0.17605633802817433,0.08802816901407606,close,914,1157000.0,take_profit,1.1784507042253525,914,1153040.0,take_profit,0.8298591549295676
2025-10-30,2,opening_rebreak_v1,baseline,35,Top21~50,456010,아이씨티케이,2.947719688542816,False,2~3%,0.8072653884964682,0.7~1.0%,909,20000.0,1.2342058734744923,1.0~1.5x,1.2555502273392596,1.2~1.5x,09:03~09:10,6.499999999999995,917,-3.949999999999998,939,910,913,922,931,4.499999999999993,0.24999999999999467,-0.8499999999999952,-3.6499999999999977,close,910,20350.0,take_profit,0.2700000000000071,910,20299.999999999996,take_profit,0.019999999999990248
2025-10-30,2,opening_rebreak_v1,baseline,67,Top51~100,006340,대원전선,2.411347517730489,False,2~3%,0.8241758241758242,0.7~1.0%,916,3690.0,2.4405439895378516,2.0x+,2.49462806686833,2.0x+,09:11~09:20,4.20054200542006,918,-1.3550135501354976,946,917,917,939,,0.40650406504065817,-0.40650406504064707,0.0,-1.2195121951219523,close,917,3760.0,take_profit,0.9895121951219504,917,3745.3499999999995,take_profit,0.5924932249322395
2025-10-30,2,opening_rebreak_v1,baseline,73,Top51~100,380550,뉴로핏,3.482587064676612,False,3~4%,0.9433962264150944,0.7~1.0%,906,21300.0,2.483071841453344,2.0x+,2.518544296331249,2.0x+,09:03~09:10,0.23474178403755097,907,-2.1126760563380254,910,,,908,910,-1.6431924882629123,-1.8779342723004744,-0.9389671361502372,-0.7042253521126751,close,908,21050.0,stop,-2.577417840375581,908,21087.0,stop,-2.4037089201877944
2025-10-30,2,opening_rebreak_v1,baseline,81,Top51~100,039490,키움증권,3.1986531986532007,False,3~4%,0.9433962264150944,0.7~1.0%,926,319000.0,1.3007360672975814,1.0~1.5x,1.3172533506918365,1.2~1.5x,09:21~09:30,1.097178683385569,931,-1.5673981191222541,952,931,,942,,0.4702194357366851,0.15673981191222097,-1.0971786833855801,-1.253918495297801,close,930,320750.0,time_exit,-0.4651097178683328,930,320750.0,time_exit,-0.4651097178683328
2025-10-30,2,opening_rebreak_v1,baseline,82,Top51~100,027050,코리아나,2.2044088176352616,False,2~3%,0.38910505836575876,0.3~0.5%,911,2585.0,7.184429445926856,2.0x+,7.246694386719853,2.0x+,09:11~09:20,1.3539651837524147,913,-1.740812379110257,932,912,,921,,-0.7736943907156624,-0.9671179883945835,-1.5473887814313358,0.5802707930367523,close,924,2550.0,stop,-2.551083172146999,921,2559.15,stop,-2.1971179883945853
2025-10-31,2,opening_rebreak_v1,baseline,3,Top1~20,005380,현대차,3.207547169811331,False,3~4%,0.4456327985739751,0.3~0.5%,917,282500.0,1.5867730961883588,1.5~2.0x,1.60524046436244,1.5~2.0x,09:11~09:20,0.8849557522123908,928,-1.2389380530973493,919,,,919,,-0.3539823008849585,0.3539823008849474,-0.26548672566372167,0.0,close,919,279500.0,stop,-2.176902654867254,919,279675.0,stop,-2.1149557522123903
2025-10-31,2,opening_rebreak_v1,baseline,10,Top1~20,001440,대한전선,3.8004750593824133,False,3~4%,0.9009009009009009,0.7~1.0%,919,22500.0,1.9525899137797966,1.5~2.0x,2.0064732284930016,2.0x+,09:11~09:20,2.2222222222222143,948,-3.3333333333333326,926,947,948,921,924,-2.0000000000000018,-0.666666666666671,-1.3333333333333308,2.0000000000000018,close,923,22100.0,stop,-3.1188888888888893,921,22275.0,stop,-2.341111111111112
2025-10-31,2,opening_rebreak_v1,baseline,14,Top1~20,226950,올릭스,2.3391812865497075,False,2~3%,0.707338638373121,0.7~1.0%,921,113300.0,1.7746421561587438,1.5~2.0x,1.790444846774583,1.5~2.0x,09:21~09:30,1.853486319505726,950,-2.206531332744921,925,949,,923,924,0.26478375992939895,-0.5295675198587868,-0.26478375992938785,,close,923,111800.0,stop,-1.9952250661959354,923,112167.0,stop,-1.671306266548986
2025-10-31,2,opening_rebreak_v1,baseline,15,Top1~20,307950,현대오토에버,5.70012391573731,False,5~7%,0.6500541711809318,0.5~0.7%,928,187600.0,1.478565539983512,1.0~1.5x,1.5249955185263329,1.5~2.0x,09:21~09:30,0.9061833688699394,936,-2.8784648187633266,952,,,932,947,-0.5330490405117239,0.10660980810235365,-1.4392324093816633,-1.8656716417910446,close,928,187600.0,time_exit,-0.4965245202558636,928,187600.0,time_exit,-0.4965245202558636
2025-10-31,2,opening_rebreak_v1,baseline,21,Top21~50,128940,한미약품,2.688860435339313,False,2~3%,0.7361963190184049,0.7~1.0%,922,414000.0,1.9618138424821003,1.5~2.0x,2.0078885804390345,2.0x+,09:21~09:30,2.0531400966183666,951,-1.6908212560386437,929,950,951,924,,-0.8454106280193274,-0.8454106280193274,-0.7246376811594235,1.8115942028985588,close,928,408000.0,stop,-2.283140096618353,924,409860.0,stop,-1.8338647342995178
2025-10-31,2,opening_rebreak_v1,baseline,25,Top21~50,381620,제닉스로보틱스,3.8485804416403813,False,3~4%,0.8670520231213872,0.7~1.0%,918,17340.0,1.1976742031477563,1.0~1.5x,1.2183169618568026,1.2~1.5x,09:11~09:20,0.9227220299884653,921,-3.5755478662053086,925,,,919,923,-2.768166089965396,-1.6147635524798143,-2.1914648212226107,-2.1337946943483233,close,919,17160.0,stop,-1.5564129181084247,919,17166.6,stop,-1.5183506343714077
2025-10-31,2,opening_rebreak_v1,baseline,33,Top21~50,009420,한올바이오파마,6.5088757396449815,False,5~7%,0.7653061224489796,0.7~1.0%,914,39300.0,1.5395540972079806,1.5~2.0x,1.570282555001766,1.5~2.0x,09:11~09:20,3.180661577608146,917,-0.5089058524173073,944,917,917,,,1.9083969465648831,0.7633587786259444,1.653944020356235,-0.5089058524173073,close,917,40500.0,take_profit,2.1873027989821936,917,39889.49999999999,take_profit,0.6338676844783618
2025-10-31,2,opening_rebreak_v1,baseline,43,Top21~50,298380,에이비엘바이오,2.043010752688179,False,2~3%,0.30927835051546393,0.3~0.5%,926,98700.0,1.559928770375782,1.5~2.0x,1.59219203346525,1.5~2.0x,09:21~09:30,0.911854103343468,950,-0.7092198581560294,929,,,,,-0.4052684903748771,0.10131712259371373,0.10131712259371373,0.6079027355623046,close,930,98500.0,time_exit,-0.9392198581560303,930,98500.0,time_exit,-0.9392198581560303
2025-10-31,2,opening_rebreak_v1,baseline,100,Top51~100,000250,삼천당제약,2.941176470588225,False,2~3%,0.8695652173913043,0.7~1.0%,925,231000.0,4.479407616361072,2.0x+,4.553917366493834,2.0x+,09:21~09:30,0.43290043290042934,932,-1.2987012987012991,929,,,929,,-1.0822510822510845,-0.649350649350644,-0.649350649350644,-0.21645021645021467,close,929,228500.0,stop,-2.3945021645021667,929,228690.0,stop,-2.312251082251083
2025-11-03,2,opening_rebreak_v1,baseline,9,Top1~20,454910,두산로보틱스,4.10256410256411,False,4~5%,0.7299270072992701,0.7~1.0%,922,82500.0,1.5250153603089616,1.5~2.0x,1.5418353826653104,1.5~2.0x,09:21~09:30,8.727272727272716,946,0.0,923,924,924,,,5.575757575757567,6.181818181818177,8.121212121212128,7.030303030303031,close,924,84100.0,take_profit,1.1033333333333237,924,83737.49999999999,take_profit,0.6639393939393842
2025-11-03,2,opening_rebreak_v1,baseline,12,Top1~20,089010,켐트로닉스,3.862660944205998,False,3~4%,0.4010695187165776,0.3~0.5%,911,38150.0,2.9794410908179207,2.0x+,3.0514275869719105,2.0x+,09:11~09:20,2.2280471821756187,913,-2.8833551769331556,920,912,913,912,917,-1.5727391874180818,-1.834862385321101,-0.1310615989515096,2.096985583224109,close,915,37750.0,stop,-1.9338007863695905,912,37768.5,stop,-1.8853079947575369
2025-11-03,2,opening_rebreak_v1,baseline,22,Top21~50,006340,대원전선,4.794520547945202,False,4~5%,0.38860103626943004,0.3~0.5%,917,3950.0,1.8875078934513148,1.5~2.0x,1.9390523222711817,1.5~2.0x,09:11~09:20,2.5316455696202445,934,-1.898734177215189,921,918,932,919,,-0.6329113924050667,1.2658227848101333,0.25316455696202667,-1.3924050632911356,close,919,3895.0,stop,-2.2553164556961987,919,3910.5,stop,-1.8629113924050642
2025-11-03,2,opening_rebreak_v1,baseline,27,Top21~50,161580,필옵틱스,5.213270142180093,False,5~7%,0.32573289902280134,0.3~0.5%,910,46950.0,1.8942608695652174,1.5~2.0x,1.9375936345552713,1.5~2.0x,09:03~09:10,5.7507987220447365,917,-0.21299254526091493,911,911,912,,,4.792332268370614,1.5974440894568787,2.8753993610223683,0.42598509052182987,close,912,48100.0,take_profit,1.6869329073482486,912,47654.24999999999,take_profit,0.7375186368477006
2025-11-03,2,opening_rebreak_v1,baseline,40,Top21~50,062040,산일전기,2.105934907466489,False,2~3%,0.7121661721068249,0.7~1.0%,910,169900.0,2.321859447064648,2.0x+,2.347816652523367,2.0x+,09:03~09:10,0.41200706297821466,911,-3.649205414949974,928,,,911,920,-0.05885815185403542,-2.0011771630370823,-3.0606238964096533,-3.178340200117713,close,911,168200.0,stop,-1.5248793407886945,911,168201.0,stop,-1.5242907592701598
2025-11-03,2,opening_rebreak_v1,baseline,51,Top51~100,117730,티로보틱스,2.660152008686212,False,2~3%,0.4454342984409799,0.3~0.5%,924,22900.0,2.442690587343876,2.0x+,2.5081547076026074,2.0x+,09:21~09:30,4.366812227074246,953,-1.091703056768556,928,927,930,928,,1.3100436681222627,0.4366812227074135,1.5283842794759916,4.366812227074246,close,930,23500.0,take_profit,1.2983842794759888,927,23243.499999999996,take_profit,0.17829694323143142
2025-11-03,2,opening_rebreak_v1,baseline,59,Top51~100,010170,대한광통신,3.9260969976905313,False,3~4%,0.6440532417346501,0.5~0.7%,914,2420.0,1.9765243640759766,1.5~2.0x,2.0670652381434156,2.0x+,09:11~09:20,11.280991735537182,925,-0.6198347107438051,915,915,915,,,5.330578512396689,11.280991735537182,11.280991735537182,11.280991735537182,close,915,2472.0,take_profit,0.8857024793388446,915,2456.2999999999997,take_profit,0.23694214876032071
2025-11-03,2,opening_rebreak_v1,baseline,67,Top51~100,017510,세명전기,3.315881326352521,False,3~4%,0.6130268199233717,0.5~0.7%,910,13080.0,1.5883751116108338,1.5~2.0x,1.601846296057803,1.5~2.0x,09:03~09:10,0.6116207951070374,911,-7.874617737003053,938,,,911,911,-2.2935779816513735,-4.281345565749239,-5.733944954128445,-6.957186544342509,close,911,12830.0,stop,-2.523577981651374,911,12949.2,stop,-1.6122629969418858
2025-11-03,2,opening_rebreak_v1,baseline,91,Top51~100,475400,씨메스,3.4810126582278444,False,3~4%,0.3003003003003003,0.3~0.5%,905,33900.0,2.3167896558479724,2.0x+,2.3656376305194655,2.0x+,09:03~09:10,2.433628318584069,932,-2.0648967551622377,907,909,930,906,907,-0.8849557522123908,-1.3274336283185861,-0.2949852507374673,1.6224188790560534,close,906,33400.0,stop,-2.442389380530972,906,33561.0,stop,-1.9674631268436586
2025-11-03,2,opening_rebreak_v1,baseline,96,Top51~100,056080,유진로봇,2.0134228187919545,False,2~3%,0.5083514887436456,0.5~0.7%,925,14010.0,1.257676445199567,1.0~1.5x,1.2861348173172216,1.2~1.5x,09:21~09:30,1.855817273376159,946,-1.142041399000715,934,944,,934,,-0.35688793718772205,-0.4282655246252709,1.498929336188426,0.9992862241256173,close,930,13960.0,time_exit,-0.9437758743754451,930,13960.0,time_exit,-0.9437758743754451
2025-11-03,2,opening_rebreak_v1,baseline,100,Top51~100,468530,프로티나,2.5236593059936974,False,2~3%,0.8836524300441826,0.7~1.0%,906,68300.0,1.2923367031585564,1.0~1.5x,1.3115393287626955,1.2~1.5x,09:03~09:10,0.2928257686676483,907,-4.099560761346998,912,,,907,910,-3.6603221083455373,-2.0497803806734938,-0.8784773060029227,-2.6354319180087793,close,908,67500.0,stop,-2.133367496339678,907,67617.0,stop,-1.9620644216691079
2025-11-04,2,opening_rebreak_v1,baseline,16,Top1~20,086520,에코프로,5.485232067510548,False,5~7%,0.39331366764995085,0.3~0.5%,908,102100.0,1.4536667454765448,1.0~1.5x,1.4651468382345036,1.2~1.5x,09:03~09:10,0.0,909,-5.778648383937313,928,,,910,911,-2.350636630754166,-2.7424094025465195,-4.603330068560229,-4.309500489715967,close,910,100700.0,stop,-2.090920666013716,910,101079.0,stop,-1.7197159647404514
2025-11-04,2,opening_rebreak_v1,baseline,27,Top21~50,039030,이오테크닉스,4.106776180698146,False,4~5%,0.5385996409335727,0.5~0.7%,911,282000.0,2.0213680461746284,2.0x+,2.0705958764463985,2.0x+,09:11~09:20,2.3049645390070816,920,-1.773049645390068,940,912,919,912,,0.17730496453900457,0.8865248226950451,-0.886524822695034,-1.0638297872340385,close,913,277500.0,stop,-2.712269503546099,912,279180.0,stop,-2.1165248226950366
2025-11-04,2,opening_rebreak_v1,baseline,43,Top21~50,103590,일진전기,2.0440251572326984,False,2~3%,0.9160305343511451,0.7~1.0%,923,65700.0,1.276717619717849,1.0~1.5x,1.2924552791288546,1.2~1.5x,09:21~09:30,0.3044140030441511,924,-1.9786910197869156,929,,,925,,-1.5220700152207,-0.60882800608828,-0.45662100456621557,-1.3698630136986356,close,926,65000.0,stop,-2.056484018264846,925,65043.0,stop,-1.991035007610351
2025-11-04,2,opening_rebreak_v1,baseline,75,Top51~100,049630,재영솔루텍,4.453124999999991,False,4~5%,0.9393063583815029,0.7~1.0%,913,7350.0,1.9637144825022685,1.5~2.0x,2.1055144341928043,2.0x+,09:11~09:20,5.442176870748305,929,-3.74149659863946,917,920,926,916,916,-3.5374149659863963,1.2244897959183598,-1.0884353741496544,0.4761904761904745,close,916,7210.0,stop,-2.8150340136054464,916,7276.5,stop,-1.9102721088435382
2025-11-04,2,opening_rebreak_v1,baseline,79,Top51~100,022100,포스코DX,4.873949579831938,False,4~5%,0.47694753577106513,0.3~0.5%,905,31950.0,2.7735156224386084,2.0x+,2.8311125922336595,2.0x+,09:03~09:10,2.6604068857589924,911,-4.694835680751175,927,906,911,907,908,1.5649452269170583,-1.7214397496087663,-4.068857589984354,-3.5993740219092296,close,907,31500.0,stop,-2.4209233176838794,907,31630.5,stop,-2.01247261345853
2025-11-04,2,opening_rebreak_v1,baseline,82,Top51~100,010950,S-Oil,2.0746887966804906,False,2~3%,0.5208333333333333,0.5~0.7%,908,77200.0,1.7000963545848724,1.5~2.0x,1.7109831647914358,1.5~2.0x,09:03~09:10,2.2020725388601115,938,-0.38860103626943143,923,909,936,,,0.7772020725388629,0.6476683937823857,0.5181347150259086,1.9430051813471572,close,930,77900.0,time_exit,0.029067357512956637,914,78357.99999999999,take_profit,0.6223316062176069
2025-11-05,2,opening_rebreak_v1,baseline,7,Top1~20,249420,일동제약,3.3771106941838713,False,3~4%,0.5067567567567568,0.5~0.7%,925,29850.0,1.6612684949011676,1.5~2.0x,1.683832413337856,1.5~2.0x,09:21~09:30,5.695142378559459,950,-3.350083752093802,933,926,946,929,932,0.0,-0.670016750418756,3.5175879396984966,3.5175879396984966,close,930,29850.0,time_exit,-1.0675209380234505,926,30297.749999999996,take_profit,0.43247906197653974
2025-11-05,2,opening_rebreak_v1,baseline,40,Top21~50,326030,SK바이오팜,2.6600166251039115,False,2~3%,0.7075471698113208,0.7~1.0%,919,127400.0,1.3404443360863072,1.0~1.5x,1.3521188314916512,1.2~1.5x,09:11~09:20,0.07849293563579884,920,-6.200941915227631,935,,,920,922,-3.689167974882257,-2.982731554160123,-5.102040816326525,-2.7472527472527486,close,921,125800.0,stop,-1.8783516483516456,920,126126.0,stop,-1.622464678178965
2025-11-05,2,opening_rebreak_v1,baseline,64,Top51~100,047770,코데즈컴바인,6.361829025844923,False,5~7%,0.6872852233676976,0.5~0.7%,922,2940.0,1.2568207215725857,1.0~1.5x,1.27856502471398,1.2~1.5x,09:21~09:30,3.571428571428581,929,-3.74149659863946,952,925,926,931,932,0.5102040816326481,-0.8503401360544172,0.340136054421758,-3.401360544217691,close,926,3000.0,take_profit,0.9604761904761927,926,2984.1,take_profit,0.4196598639455684
2025-11-06,2,opening_rebreak_v1,baseline,4,Top1~20,098460,고영,4.115479115479115,False,4~5%,0.32876712328767127,0.3~0.5%,912,18400.0,1.7553789862962637,1.5~2.0x,1.7756444941094696,1.5~2.0x,09:11~09:20,1.3586956521739024,922,-3.1521739130434767,928,915,,925,926,0.8152173913043459,0.9239130434782528,-1.4673913043478315,0.9782608695652284,close,925,18200.0,stop,-1.588695652173918,925,18216.0,stop,-1.5017391304347836
2025-11-06,2,opening_rebreak_v1,baseline,12,Top1~20,249420,일동제약,3.3450704225352013,False,3~4%,0.8291873963515755,0.7~1.0%,908,30350.0,1.3460126219162363,1.0~1.5x,1.3662703369617986,1.2~1.5x,09:03~09:10,5.601317957166385,928,-2.3064250411861664,916,925,925,910,913,-0.658978583196046,-0.9884678747940745,4.612850082372333,3.294892915980241,close,911,29900.0,stop,-2.5364250411861584,910,30046.5,stop,-2.0537232289950587
2025-11-06,2,opening_rebreak_v1,baseline,13,Top1~20,062040,산일전기,2.3413431916204486,False,2~3%,0.6892590465249857,0.5~0.7%,906,175200.0,1.6982727145063896,1.5~2.0x,1.7208639651909743,1.5~2.0x,09:03~09:10,2.1118721461187207,909,-5.650684931506844,928,907,908,913,916,-0.1712328767123239,-2.340182648401823,-4.737442922374424,-5.365296803652964,close,908,178400.0,take_profit,1.3110958904109589,908,177827.99999999997,take_profit,0.984611872146109
2025-11-06,2,opening_rebreak_v1,baseline,15,Top1~20,373220,LG에너지솔루션,3.7715517241379226,False,3~4%,0.30991735537190085,0.3~0.5%,916,484500.0,1.39921875,1.0~1.5x,1.4050186204663213,1.2~1.5x,09:11~09:20,1.9607843137254832,945,-1.6511867905056765,928,937,,926,,-0.8255933952528327,-0.9287925696594423,0.8255933952528327,1.8575851393188847,close,928,477000.0,stop,-2.2939834881320906,926,479655.0,stop,-1.7459958720330246
2025-11-06,2,opening_rebreak_v1,baseline,23,Top21~50,267260,HD현대일렉트릭,3.2258064516129004,False,3~4%,0.33222591362126247,0.3~0.5%,908,906000.0,1.419297200714711,1.0~1.5x,1.427157395974077,1.2~1.5x,09:03~09:10,0.1103752759381793,909,-3.2008830022075108,928,,,911,917,-1.7660044150110354,-1.5452538631346546,-2.8697571743929395,-1.655629139072845,close,911,895000.0,stop,-1.9960044150110328,911,896940.0,stop,-1.7818763796909503
2025-11-06,2,opening_rebreak_v1,baseline,24,Top21~50,298040,효성중공업,6.489409643983768,False,5~7%,0.5396430053964301,0.5~0.7%,907,2410000.0,1.2389984825493172,1.0~1.5x,1.2462380396259827,1.2~1.5x,09:03~09:10,0.16597510373443924,908,-4.730290456431541,929,,,909,912,-2.033195020746892,-3.360995850622406,-4.48132780082987,-2.904564315352698,close,909,2381000.0,stop,-1.6407883817427344,909,2385900.0,stop,-1.4374688796680508
2025-11-06,2,opening_rebreak_v1,baseline,28,Top21~50,066570,LG전자,2.296211251435132,False,2~3%,0.772626931567329,0.7~1.0%,930,91000.0,3.0682934315531,2.0x+,3.1058365102484107,2.0x+,09:21~09:30,2.0879120879120805,943,-0.879120879120876,932,936,943,,,0.9890109890109855,1.2087912087912045,1.098901098901095,0.659340659340657,close,930,91000.0,time_exit,-0.7794505494505495,930,91000.0,time_exit,-0.7794505494505495
2025-11-06,2,opening_rebreak_v1,baseline,64,Top51~100,161580,필옵틱스,4.725897920604916,False,4~5%,0.3552397868561279,0.3~0.5%,906,57200.0,4.295706371191136,2.0x+,4.379935907881158,2.0x+,09:03~09:10,0.6993006993007089,908,-6.643356643356646,927,,,909,909,-4.020979020979021,-3.8461538461538436,-6.2937062937062915,-5.594405594405593,close,909,56100.0,stop,-3.0272027972028015,909,56628.0,stop,-2.104125874125875
2025-11-06,2,opening_rebreak_v1,baseline,72,Top51~100,103590,일진전기,3.571428571428581,False,3~4%,0.46511627906976744,0.3~0.5%,909,64800.0,1.3251150558842866,1.0~1.5x,1.3374993087430183,1.2~1.5x,09:03~09:10,0.0,910,-4.629629629629628,926,,,910,910,-1.6975308641975273,-2.6234567901234573,-4.012345679012341,-4.320987654320985,close,910,63700.0,stop,-2.699135802469132,910,64152.0,stop,-2.0016049382716057
2025-11-07,2,opening_rebreak_v1,baseline,98,Top51~100,006660,삼성공조,6.173677069199468,False,5~7%,0.48192771084337355,0.3~0.5%,920,16830.0,2.4731407953868207,2.0x+,2.519549611765145,2.0x+,09:11~09:20,1.7825311942959,929,-4.099821746880572,950,929,,921,937,-0.89126559714795,0.35650623885918886,-3.0897207367795554,-4.099821746880572,close,927,16640.0,stop,-1.6560249554367221,921,16661.7,stop,-1.5270885323826509
2025-11-10,2,opening_rebreak_v1,baseline,10,Top1~20,456160,지투지바이오,3.3794162826420893,False,3~4%,0.4048582995951417,0.3~0.5%,919,75700.0,6.239469344925798,2.0x+,6.400106089578359,2.0x+,09:11~09:20,10.435931307793922,929,-1.0568031704095149,920,921,921,920,,5.944517833553498,9.5112285336856,7.926023778071345,7.133421400264206,close,921,78300.0,take_profit,2.544108322324976,920,74943.0,stop,-1.8905019815059454
2025-11-10,2,opening_rebreak_v1,baseline,15,Top1~20,234030,싸이닉솔루션,3.632887189292533,False,3~4%,0.990990990990991,0.7~1.0%,915,11220.0,1.6360932896439684,1.5~2.0x,1.6703336405646338,1.5~2.0x,09:11~09:20,4.634581105169344,920,-3.7433155080213942,942,918,918,916,929,3.2976827094474137,0.5347593582887722,-2.584670231729058,-2.4955436720142554,close,918,11440.0,take_profit,1.285151515151508,916,11107.8,stop,-1.6756327985739872
2025-11-10,2,opening_rebreak_v1,baseline,21,Top21~50,055550,신한지주,3.3591731266149782,False,3~4%,0.6142506142506142,0.5~0.7%,911,81500.0,2.0594773368032966,2.0x+,2.0747515815756326,2.0x+,09:11~09:20,0.36809815950920033,914,-2.0858895705521463,940,,,924,940,-0.36809815950920033,-0.36809815950920033,-1.5950920245398792,-1.9631901840490795,close,925,80600.0,stop,-1.9477914110429495,924,80685.0,stop,-1.8434969325153383
2025-11-10,2,opening_rebreak_v1,baseline,28,Top21~50,006800,미래에셋증권,2.813852813852824,False,2~3%,0.6174109899156205,0.5~0.7%,912,24394.0,1.2225672375250933,1.0~1.5x,1.2448124144280157,1.2~1.5x,09:11~09:20,0.40993686972206067,913,-1.836517176354846,942,,,916,,-0.5083217184553623,0.20496843486104144,-0.7132901533163927,-1.836517176354846,close,916,24096.0,stop,-2.476454046076901,916,24150.06,stop,-2.2548421743051468
2025-11-10,2,opening_rebreak_v1,baseline,36,Top21~50,034730,SK,3.4343434343434343,False,3~4%,0.5671077504725899,0.5~0.7%,908,266000.0,1.7887197851387646,1.5~2.0x,1.8178298285698649,1.5~2.0x,09:03~09:10,1.3157894736842035,925,-0.7518796992481258,917,924,,,,-0.3759398496240629,-0.3759398496240629,0.9398496240601517,-0.1879699248120259,close,930,267750.0,time_exit,-0.5119548872180486,930,267750.0,time_exit,-0.5119548872180486
2025-11-10,2,opening_rebreak_v1,baseline,71,Top51~100,078930,GS,2.5540275049115824,False,2~3%,0.5617977528089888,0.5~0.7%,908,53700.0,2.416767922235723,2.0x+,2.4440760343513808,2.0x+,09:03~09:10,1.862197392923659,938,-1.4897579143389184,913,936,,912,,-0.9310986964618295,-0.18621973929237035,0.3724394785847407,1.6759776536312776,close,912,53000.0,stop,-2.464636871508384,912,53163.0,stop,-2.161098696461826
2025-11-10,2,opening_rebreak_v1,baseline,82,Top51~100,267250,HD현대,2.8915662650602414,False,2~3%,0.6896551724137931,0.5~0.7%,908,218500.0,1.9518430439952437,1.5~2.0x,1.974433819967411,1.5~2.0x,09:03~09:10,2.2883295194507935,926,-0.4576659038901587,909,914,926,,,0.6864988558352492,0.9153318077803174,1.8306636155606348,0.22883295194509046,close,925,222000.0,take_profit,0.22766590389016628,916,221777.49999999997,take_profit,0.12583524027458992
2025-11-10,2,opening_rebreak_v1,baseline,85,Top51~100,000810,삼성화재,2.6639344262294973,False,2~3%,0.5893909626719057,0.5~0.7%,907,511000.0,1.916304347826087,1.5~2.0x,1.9352401615397834,1.5~2.0x,09:03~09:10,1.7612524461839474,919,-0.3913894324853229,908,912,,,,1.1741682974559797,1.1741682974559797,0.9784735812133016,0.9784735812133016,close,919,520000.0,take_profit,0.5527788649706402,918,518664.99999999994,take_profit,0.29152641878668306
2025-11-10,2,opening_rebreak_v1,baseline,94,Top51~100,000880,한화,2.0713463751438344,False,2~3%,0.3256032705039615,0.3~0.5%,906,112125.0,3.0062972292191437,2.0x+,3.05870092579395,2.0x+,09:03~09:10,1.3913043478260834,911,-0.4289855072463822,909,909,,,,0.7491638795986688,0.8561872909699009,0.5351170568561825,0.5351170568561825,close,930,112485.0,time_exit,-0.354860646599771,930,112485.0,time_exit,-0.354860646599771
2025-11-10,2,opening_rebreak_v1,baseline,95,Top51~100,003550,LG,2.5578562728379994,False,2~3%,0.3456221198156682,0.3~0.5%,909,87700.0,1.1938764352104976,1.0~1.5x,1.2104388828665968,1.2~1.5x,09:03~09:10,0.3420752565564511,910,-1.9384264538198415,919,,,914,,-1.026225769669331,-1.368301026225771,-0.22805017103763037,-1.5963511972634015,close,914,86800.0,stop,-1.826351197263402,914,86823.0,stop,-1.8001254275940717
2025-11-10,2,opening_rebreak_v1,baseline,99,Top51~100,005940,NH투자증권,2.60913196186654,False,2~3%,0.47393364928909953,0.3~0.5%,919,21150.0,2.233116972793813,2.0x+,2.249067808313769,2.0x+,09:11~09:20,0.7092198581560183,923,-1.1820330969267157,944,,,944,,0.23640661938533203,0.0,-0.7092198581560294,-0.47281323877068626,close,930,21100.0,time_exit,-1.648439716312057,930,21100.0,time_exit,-1.648439716312057
2025-11-11,2,opening_rebreak_v1,baseline,2,Top1~20,005930,삼성전자,3.0815109343936387,False,3~4%,0.5730659025787965,0.5~0.7%,930,104900.0,1.1964513449501453,1.0~1.5x,1.201930152743637,1.2~1.5x,09:21~09:30,1.048617731172552,955,0.0,931,955,,,,0.5719733079122991,0.6673021925643452,0.7626310772163913,0.7626310772163913,close,930,104900.0,time_exit,-0.7066444232602479,930,104900.0,time_exit,-0.7066444232602479
2025-11-11,2,opening_rebreak_v1,baseline,19,Top1~20,413630,씨피시스템,5.67200986436498,False,5~7%,0.4291845493562232,0.3~0.5%,920,4670.0,1.5389283614513058,1.5~2.0x,1.548878329305517,1.5~2.0x,09:11~09:20,12.847965738758038,948,-0.4282655246252709,921,924,924,,,4.817987152034253,1.8201284796573791,5.567451820128477,12.847965738758038,close,924,4810.0,take_profit,2.2325267665952895,924,4740.049999999999,take_profit,0.7346680942184057
2025-11-11,2,opening_rebreak_v1,baseline,57,Top51~100,007810,코리아써키트,2.522935779816504,False,2~3%,0.4405286343612335,0.3~0.5%,918,22900.0,1.2764486324420241,1.0~1.5x,1.2904567655549646,1.2~1.5x,09:11~09:20,5.895196506550215,937,-0.4366812227074246,921,929,936,,,-0.21834061135370675,0.21834061135370675,3.7117903930131035,4.475982532751099,close,930,23200.0,time_exit,-0.01165938864629612,930,23200.0,time_exit,-0.01165938864629612
2025-11-11,2,opening_rebreak_v1,baseline,68,Top51~100,009150,삼성전기,2.008928571428581,False,2~3%,0.3236245954692557,0.3~0.5%,915,232000.0,2.359192348565356,2.0x+,2.3694053024552493,2.0x+,09:11~09:20,0.6465517241379226,931,-0.4310344827586188,944,,,,,0.0,0.0,0.21551724137931494,0.21551724137931494,close,930,233000.0,time_exit,-0.8765517241379219,930,233000.0,time_exit,-0.8765517241379219
2025-11-11,2,opening_rebreak_v1,baseline,77,Top51~100,114190,강원에너지,2.7667984189723382,False,2~3%,0.5370569280343717,0.5~0.7%,909,18740.0,2.076940552820901,2.0x+,2.1016126328220133,2.0x+,09:03~09:10,3.255069370330843,927,-0.2134471718249764,911,910,911,,,1.2806830309498363,0.5869797225186657,2.4012806830309597,1.9210245464247544,close,911,19050.0,take_profit,1.15740661686232,911,19021.1,take_profit,1.0031910352187736
2025-11-12,2,opening_rebreak_v1,baseline,5,Top1~20,141080,리가켐바이오,2.203856749311295,False,2~3%,0.5301524188204109,0.5~0.7%,915,151900.0,2.6140251149811378,2.0x+,2.636814311428462,2.0x+,09:11~09:20,0.6583278472679366,941,-0.7899934167215239,922,,,,,-0.6583278472679366,0.0,0.39499670836076195,-0.5924950625411429,close,930,151800.0,time_exit,-0.6249967083607634,930,151800.0,time_exit,-0.6249967083607634
2025-11-12,2,opening_rebreak_v1,baseline,10,Top1~20,049630,재영솔루텍,2.281879194630876,False,2~3%,0.6313131313131313,0.5~0.7%,919,7955.0,1.9356641529926926,1.5~2.0x,1.9645906088011882,1.5~2.0x,09:11~09:20,1.8227529855436853,941,-3.7083595223130095,924,941,,921,924,-3.2055311125078534,-3.2055311125078534,-1.2570710245128902,-1.2570710245128902,close,921,7870.0,stop,-1.9270458830923936,921,7875.45,stop,-1.8585355122564433
2025-11-12,2,opening_rebreak_v1,baseline,20,Top1~20,128940,한미약품,5.066079295154191,False,5~7%,0.6141248720573182,0.5~0.7%,924,489500.0,1.4590044684609789,1.0~1.5x,1.4756198658527395,1.2~1.5x,09:21~09:30,0.9193054136874323,926,-4.647599591419816,954,,,928,931,-1.6343207354443279,-1.532175689479065,-4.392236976506636,-4.1879468845761,close,928,484500.0,stop,-1.7621756894790597,928,484605.0,stop,-1.7407252298263542
2025-11-12,2,opening_rebreak_v1,baseline,24,Top21~50,087010,펩트론,3.007518796992481,False,3~4%,0.7092198581560284,0.7~1.0%,926,283500.0,5.979307025986525,2.0x+,6.054048363811357,2.0x+,09:21~09:30,1.0582010582010692,936,-1.9400352733686121,953,936,,945,,0.0,0.8818342151675429,-0.881834215167554,-1.2345679012345734,close,930,284500.0,time_exit,-0.759100529100518,930,284500.0,time_exit,-0.759100529100518
2025-11-12,2,opening_rebreak_v1,baseline,25,Top21~50,020150,롯데에너지머티리얼즈,3.982930298719767,False,3~4%,0.6527415143603132,0.5~0.7%,915,38750.0,1.7395543892147782,1.5~2.0x,1.7820645728133198,1.5~2.0x,09:11~09:20,6.193548387096781,926,-0.5161290322580614,917,916,922,,,0.903225806451613,5.161290322580636,2.709677419354839,2.3225806451612874,close,922,39400.0,take_profit,0.8022580645161356,919,39331.24999999999,take_profit,0.6248387096774096
2025-11-12,2,opening_rebreak_v1,baseline,31,Top21~50,114450,그린생명과학,3.5911602209944826,False,3~4%,0.8454106280193237,0.7~1.0%,906,4280.0,1.818098612567248,1.5~2.0x,1.895605861580468,1.5~2.0x,09:03~09:10,3.971962616822422,909,-5.957943925233645,930,907,908,907,928,-0.1168224299065379,-0.1168224299065379,0.0,-3.3878504672897214,close,908,4425.0,take_profit,2.573738317757,907,4237.2,stop,-1.8141121495327113
2025-11-12,2,opening_rebreak_v1,baseline,44,Top21~50,389470,인벤티지랩,3.046594982078843,False,3~4%,0.33112582781456956,0.3~0.5%,926,60700.0,2.25151791668129,2.0x+,2.3109704259294106,2.0x+,09:21~09:30,0.49423393739702615,928,-2.8006589785831926,937,,,930,931,-2.1416803953871466,-1.976935749588138,-1.6474464579901205,-1.317957166392092,close,930,59900.0,stop,-2.3716803953871497,930,60093.0,stop,-2.0537232289950587
2025-11-12,2,opening_rebreak_v1,baseline,57,Top51~100,016360,삼성증권,2.8833551769331667,False,2~3%,0.37546933667083854,0.3~0.5%,915,80300.0,7.75272867025365,2.0x+,7.808773482580589,2.0x+,09:11~09:20,3.735990037359893,945,-0.6226650062266526,917,929,941,,,-0.37359900373599153,-0.24906600249066102,0.8717310087173136,3.735990037359893,close,930,81200.0,time_exit,0.2681320049813246,930,81200.0,time_exit,0.2681320049813246
2025-11-12,2,opening_rebreak_v1,baseline,61,Top51~100,413630,씨피시스템,2.2411953041622246,False,2~3%,0.4149377593360996,0.3~0.5%,915,4910.0,2.97374744791949,2.0x+,3.0418958269343115,2.0x+,09:11~09:20,10.997963340122197,938,-3.665987780040736,927,931,931,917,918,-1.8329938900203624,-2.647657841140527,8.961303462321801,0.9164969450101923,close,917,4835.0,stop,-2.2666598778004037,917,4860.9,stop,-1.7391649694501137
2025-11-12,2,opening_rebreak_v1,baseline,70,Top51~100,326030,SK바이오팜,2.9288702928870203,False,2~3%,0.5622489959839357,0.5~0.7%,910,124700.0,2.1838425686172966,2.0x+,2.1932354859112766,2.0x+,09:03~09:10,0.400962309542896,914,-1.3632718524458687,940,,,920,,-0.0801924619085792,-1.0425020048115519,-0.6415396952686447,-1.2028869286287103,close,920,123400.0,stop,-1.673464314354455,920,123453.0,stop,-1.630962309542904
2025-11-12,2,opening_rebreak_v1,baseline,93,Top51~100,036570,엔씨소프트,2.8322440087146017,False,2~3%,0.5202913631633715,0.5~0.7%,912,241000.0,1.3555555555555556,1.0~1.5x,1.3668991166899116,1.2~1.5x,09:11~09:20,1.2448132780082943,931,-1.8672199170124526,916,931,,914,,-1.6597510373444035,-1.0373443983402453,0.7261410788381717,0.20746887966804906,close,914,238500.0,stop,-2.304688796680494,914,238590.0,stop,-2.2673443983402497
2025-11-17,2,opening_rebreak_v1,baseline,4,Top1~20,007660,이수페타시스,6.12061206120611,False,5~7%,0.4922067268252666,0.3~0.5%,905,122600.0,2.012896531277794,2.0x+,2.034469206386295,2.0x+,09:03~09:10,5.5464926590538255,935,-0.9787928221859699,907,908,910,,,1.5905383360522052,3.8336052202283755,3.0995106035889064,5.5464926590538255,close,909,124700.0,take_profit,1.0750570962479622,908,124438.99999999999,take_profit,0.8621696574225025
2025-11-17,2,opening_rebreak_v1,baseline,47,Top21~50,004370,농심,4.260355029585794,False,4~5%,0.5488474204171241,0.5~0.7%,909,457000.0,2.5623123123123124,2.0x+,2.584937586593216,2.0x+,09:03~09:10,2.297592997811826,929,-0.7658643326039383,915,910,928,,,-0.5470459518599591,-0.2188183807439792,2.297592997811826,1.422319474835887,close,927,464000.0,take_profit,0.7546827133479204,927,463854.99999999994,take_profit,0.7229540481400341
2025-11-17,2,opening_rebreak_v1,baseline,64,Top51~100,214450,파마리서치,2.6548672566371723,False,2~3%,0.31746031746031744,0.3~0.5%,908,475000.0,2.1037549407114624,2.0x+,2.121621224709012,2.0x+,09:03~09:10,0.9473684210526301,914,-1.2631578947368438,933,,,916,,0.8421052631578885,-0.21052631578947212,0.21052631578948322,0.0,close,930,473500.0,time_exit,-1.0721052631578978,916,470250.0,stop,-1.756315789473685
2025-11-17,2,opening_rebreak_v1,baseline,72,Top51~100,032350,롯데관광개발,2.5150355385456624,False,2~3%,0.46680497925311204,0.3~0.5%,920,19290.0,3.8763039014373715,2.0x+,3.896503504884153,2.0x+,09:11~09:20,4.7174701918092365,942,-0.6220839813374845,925,930,930,,,-0.051840331778119086,2.384655261793678,3.265940902021769,4.199066874028001,close,930,19750.0,take_profit,1.8954536029030609,930,19579.35,take_profit,1.0107983411093733
2025-11-17,2,opening_rebreak_v1,baseline,82,Top51~100,067310,하나마이크론,3.0612244897959107,False,3~4%,0.5758157389635317,0.5~0.7%,919,26150.0,2.4999205424303423,2.0x+,2.5240510495966584,2.0x+,09:11~09:20,0.5736137667303964,934,-2.48565965583174,948,,,921,947,-1.3384321223709361,-0.5736137667303964,-0.5736137667303964,-1.9120458891013437,close,921,25850.0,stop,-2.3332504780114736,921,25888.5,stop,-2.18602294455067
2025-11-17,2,opening_rebreak_v1,baseline,88,Top51~100,950160,코오롱티슈진,2.0446096654274992,False,2~3%,0.7142857142857143,0.7~1.0%,921,56700.0,2.024025906194505,2.0x+,2.0719361288035514,2.0x+,09:21~09:30,3.3509700176366897,924,-1.4109347442680775,944,923,924,932,,1.4109347442680775,0.0,0.3527336860670305,-0.7054673721340388,close,923,57600.0,take_profit,0.47546737213403323,923,57550.49999999999,take_profit,0.3881657848324418
2025-11-19,2,opening_rebreak_v1,baseline,23,Top21~50,104620,노랑풍선,2.657807308970095,False,2~3%,0.9508716323296356,0.7~1.0%,906,6550.0,5.672927757310118,2.0x+,5.945228289661004,2.0x+,09:03~09:10,15.725190839694658,917,-2.1374045801526687,907,907,910,907,907,5.343511450381677,14.50381679389312,10.381679389312982,9.465648854961838,close,908,6450.0,stop,-2.520076335877865,907,6484.5,stop,-1.993358778625955
2025-11-19,2,opening_rebreak_v1,baseline,100,Top51~100,388870,파로스아이바이오,2.1775544388609624,False,2~3%,0.6339144215530903,0.5~0.7%,927,6380.0,3.846680836527878,2.0x+,3.971776732509681,2.0x+,09:21~09:30,17.24137931034482,953,-1.7241379310344862,935,930,930,928,,0.6269592476489061,0.15673981191222097,5.1724137931034475,14.576802507836994,close,930,6460.0,time_exit,0.2402194357366838,928,6316.2,stop,-2.0136990595611293
2025-11-20,2,opening_rebreak_v1,baseline,14,Top1~20,086520,에코프로,2.395964691046659,False,2~3%,0.3645200486026731,0.3~0.5%,917,82700.0,1.2378375438501075,1.0~1.5x,1.2484044497122424,1.2~1.5x,09:11~09:20,3.5066505441354368,946,-0.48367593712213,921,938,938,,,0.12091898428052694,0.6045949214026569,0.12091898428052694,2.539298669891177,close,930,83300.0,time_exit,-0.10908101571947637,930,83300.0,time_exit,-0.10908101571947637
2025-11-20,2,opening_rebreak_v1,baseline,74,Top51~100,098460,고영,2.506963788300842,False,2~3%,0.48465266558966075,0.3~0.5%,922,18640.0,1.2524501091758493,1.0~1.5x,1.2612887508298836,1.2~1.5x,09:21~09:30,0.10729613733906351,924,-1.931330472102999,952,,,933,,-0.5364806866952843,-0.8047210300429208,-0.9120171673819732,-1.55579399141631,close,930,18570.0,time_exit,-0.8737768240343395,930,18570.0,time_exit,-0.8737768240343395
2025-11-20,2,opening_rebreak_v1,baseline,97,Top51~100,310210,보로노이,4.308390022675734,False,4~5%,0.42016806722689076,0.3~0.5%,909,241000.0,1.8682219419924337,1.5~2.0x,1.8997531140091837,1.5~2.0x,09:03~09:10,0.0,910,-3.526970954356845,939,,,911,913,-2.4896265560165998,-2.0746887966805017,-1.8672199170124526,-3.526970954356845,close,913,236500.0,stop,-3.1345643153527014,911,238590.0,stop,-2.2673443983402497
2025-11-21,2,opening_rebreak_v1,baseline,31,Top21~50,114450,그린생명과학,3.076923076923066,False,3~4%,0.45977011494252873,0.3~0.5%,906,4380.0,1.5378526661165468,1.5~2.0x,1.56174502378403,1.5~2.0x,09:03~09:10,0.6849315068493178,908,-2.9680365296803624,935,,,908,911,-0.22831050228310223,-2.168949771689499,-0.91324200913242,-2.0547945205479423,close,910,4325.0,stop,-2.0564840182648414,908,4336.2,stop,-1.8007762557077633
2025-11-24,2,opening_rebreak_v1,baseline,6,Top1~20,347850,디앤디파마텍,4.347826086956519,False,4~5%,0.47573739295908657,0.3~0.5%,911,108200.0,2.2989123881640823,2.0x+,2.3780336558255613,2.0x+,09:11~09:20,5.083179297597051,918,-5.268022181146026,941,913,914,932,933,3.3271719038816983,1.2939001848428777,0.0,-5.175600739371533,close,914,111300.0,take_profit,2.1729574861367866,914,109822.99999999999,take_profit,0.8078927911275318
2025-11-24,2,opening_rebreak_v1,baseline,16,Top1~20,007660,이수페타시스,2.129402129402136,False,2~3%,0.7710100231303008,0.7~1.0%,917,129900.0,2.3740238839816388,2.0x+,2.4169737291894657,2.0x+,09:11~09:20,0.4618937644341736,918,-3.3102386451116295,939,,,920,929,-1.0777521170130866,-1.1547344110854452,-2.4634334103156297,-2.38645111624326,close,922,128500.0,stop,-1.6926635873749034,920,128601.0,stop,-1.6149114703618177
2025-11-24,2,opening_rebreak_v1,baseline,46,Top21~50,460940,피앤에스로보틱스,3.0965391621129434,False,3~4%,0.7704160246533128,0.7~1.0%,912,13120.0,1.4184823173982584,1.0~1.5x,1.4449136649274186,1.2~1.5x,09:11~09:20,8.765243902439025,932,-1.143292682926833,913,913,913,913,,1.3719512195121908,1.2957317073170715,7.469512195121952,4.115853658536595,close,913,13360.0,take_profit,1.2181707317073187,913,12988.8,stop,-1.6110975609756106
2025-11-24,2,opening_rebreak_v1,baseline,57,Top51~100,365330,에스와이스틸텍,4.71976401179941,False,4~5%,0.8053691275167786,0.7~1.0%,911,3735.0,1.2956081296053552,1.0~1.5x,1.3169748810851427,1.2~1.5x,09:11~09:20,0.1338688085676054,912,-4.81927710843374,930,,,913,913,-2.8112449799196804,-2.9451137884872858,-3.8821954484605126,-1.4725568942436373,close,913,3670.0,stop,-2.6396385542168668,913,3697.65,stop,-1.8993440428380195
2025-11-24,2,opening_rebreak_v1,baseline,78,Top51~100,042670,HD현대인프라코어,3.3619456366237532,False,3~4%,0.8097165991902834,0.7~1.0%,927,14930.0,1.44681719398843,1.0~1.5x,1.4702770580169788,1.2~1.5x,09:21~09:30,4.420629604822501,952,-0.46885465505692725,928,933,934,,,0.8037508372404467,1.4735432016075078,3.0810448760884235,3.482920294708647,close,930,14890.0,time_exit,-0.8328131279303387,930,14890.0,time_exit,-0.8328131279303387
2025-11-24,2,opening_rebreak_v1,baseline,94,Top51~100,001040,CJ,2.586206896551735,False,2~3%,0.8163265306122449,0.7~1.0%,910,196300.0,3.0153142857142856,2.0x+,3.0609842328418826,2.0x+,09:03~09:10,0.0,911,-3.7187977585328547,925,,,914,918,-1.1207335710646915,-1.8339276617422295,-2.2924095771777897,-1.4773306164034605,close,915,194100.0,stop,-1.605445746306668,914,194337.0,stop,-1.4847121752419774
2025-11-25,2,opening_rebreak_v1,baseline,5,Top1~20,015760,한국전력,2.2821576763485396,False,2~3%,0.3021148036253776,0.3~0.5%,928,50000.0,2.7514951026558676,2.0x+,2.779287982480674,2.0x+,09:21~09:30,1.4000000000000012,937,-0.30000000000000027,929,934,,,,0.6000000000000005,1.29999999999999,0.8000000000000007,0.40000000000000036,close,930,50100.0,time_exit,-1.0299999999999998,930,50100.0,time_exit,-1.0299999999999998
2025-11-25,2,opening_rebreak_v1,baseline,9,Top1~20,376900,로킷헬스케어,2.269043760129663,False,2~3%,0.7861635220125787,0.7~1.0%,918,63900.0,3.8967254408060454,2.0x+,3.946129249881241,2.0x+,09:11~09:20,15.649452269170583,929,-1.2519561815336422,919,925,925,919,,-0.15649452269170805,11.893583724569634,10.172143974960868,9.859154929577475,close,925,66100.0,take_profit,2.4304068857590035,919,63261.0,stop,-2.01247261345853
2025-11-25,2,opening_rebreak_v1,baseline,10,Top1~20,009150,삼성전기,5.973451327433632,False,5~7%,0.8281573498964804,0.7~1.0%,908,242500.0,1.5369742557474309,1.5~2.0x,1.556226542875791,1.5~2.0x,09:03~09:10,0.8247422680412342,910,-2.0618556701030966,928,,,915,928,0.0,-0.4123711340206171,-1.855670103092788,-0.8247422680412342,close,915,239500.0,stop,-2.4980412371133975,915,240075.0,stop,-2.260927835051547
2025-11-25,2,opening_rebreak_v1,baseline,22,Top21~50,099440,스맥,4.699453551912569,False,4~5%,0.8121827411167513,0.7~1.0%,924,4935.0,1.3540737260922995,1.0~1.5x,1.3877965039689162,1.2~1.5x,09:21~09:30,0.911854103343468,933,-2.634245187436679,954,,,925,925,-1.317122593718334,-0.5065856129685908,-0.7092198581560294,-2.532928064842954,close,925,4850.0,stop,-2.4589766970618028,925,4885.65,stop,-1.7365856129686037
2025-11-25,2,opening_rebreak_v1,baseline,25,Top21~50,459550,알트,3.4391534391534417,False,3~4%,0.7371007371007371,0.7~1.0%,917,4095.0,1.8118457425114425,1.5~2.0x,1.846616410842945,1.5~2.0x,09:11~09:20,11.721611721611724,942,-0.366300366300365,920,918,918,,,1.2210012210012167,2.93040293040292,6.1050061050061055,9.279609279609268,close,918,4160.0,take_profit,0.7468009768009711,918,4156.424999999999,take_profit,0.6594993894993797
2025-11-25,2,opening_rebreak_v1,baseline,35,Top21~50,047810,한국항공우주,2.9836381135707413,False,2~3%,0.46253469010175763,0.3~0.5%,923,108900.0,2.839516350645782,2.0x+,2.873822774956558,2.0x+,09:21~09:30,5.050505050505061,942,-0.9182736455463747,927,935,937,,,-0.5509641873278182,0.2754820936639035,2.4793388429751984,1.2855831037649201,close,930,109600.0,time_exit,-0.04634527089071527,930,109600.0,time_exit,-0.04634527089071527
2025-11-25,2,opening_rebreak_v1,baseline,62,Top51~100,0015G0,그린광학,2.336448598130847,False,2~3%,0.43668122270742354,0.3~0.5%,909,23750.0,2.4825084274171973,2.0x+,2.593244207644517,2.0x+,09:03~09:10,3.157894736842115,913,-4.210526315789476,937,910,913,912,929,0.6315789473684275,1.0526315789473717,-1.8947368421052602,-4.0000000000000036,close,913,24200.0,take_profit,0.6121052631578918,912,23512.5,stop,-2.2826315789473695
2025-11-25,2,opening_rebreak_v1,baseline,65,Top51~100,020150,롯데에너지머티리얼즈,4.5121951219512235,False,4~5%,0.5675368898978433,0.5~0.7%,917,44350.0,1.3250161325016132,1.0~1.5x,1.3416544629325695,1.2~1.5x,09:11~09:20,0.6764374295377573,919,-3.7204058624577208,930,,,922,924,-0.33821871476887866,-2.2547914317925577,-1.916572717023679,-3.1567080045095786,close,923,43900.0,stop,-1.8083540022547868,922,43906.5,stop,-1.7936978579481406
2025-11-26,2,opening_rebreak_v1,baseline,5,Top1~20,486990,노타,6.468305304010347,False,5~7%,0.5694760820045558,0.5~0.7%,911,44500.0,1.7637920126848878,1.5~2.0x,1.7981384779949028,1.5~2.0x,09:11~09:20,11.79775280898876,920,-0.6741573033707815,912,913,915,,,2.696629213483148,8.314606741573026,5.730337078651693,3.2584269662921272,close,913,45250.0,take_profit,0.8935955056179705,913,45167.49999999999,take_profit,0.7082022471910014
2025-11-26,2,opening_rebreak_v1,baseline,14,Top1~20,376900,로킷헬스케어,2.2026431718061623,False,2~3%,0.4178272980501393,0.3~0.5%,906,72900.0,3.019862803317293,2.0x+,3.0789929840815478,2.0x+,09:03~09:10,0.274348422496562,907,-6.447187928669407,916,,,907,907,-2.7434842249657088,-6.035665294924552,-2.8806584362139898,-3.429355281207136,close,907,72100.0,stop,-2.013264746227708,907,72171.0,stop,-1.9158710562414276
2025-11-26,2,opening_rebreak_v1,baseline,37,Top21~50,326030,SK바이오팜,2.3255813953488413,False,2~3%,0.4424778761061947,0.3~0.5%,908,136000.0,1.4939745075318656,1.0~1.5x,1.505040985365435,1.5~2.0x,09:03~09:10,2.2058823529411686,930,-0.7352941176470562,909,911,928,,,-0.22058823529411686,-0.07352941176470562,1.9852941176470518,2.2058823529411686,close,927,138500.0,take_profit,1.240588235294111,927,138040.0,take_profit,0.9023529411764608
2025-11-26,2,opening_rebreak_v1,baseline,61,Top51~100,0015G0,그린광학,5.733944954128445,False,5~7%,0.8298755186721992,0.7~1.0%,921,24850.0,3.7126800594276856,2.0x+,3.8602552082333887,2.0x+,09:21~09:30,0.2012072434607548,922,-8.048289738430581,946,,,922,923,-3.2193158953722323,-4.426559356136817,-5.633802816901412,-7.243460764587528,close,923,24000.0,stop,-4.656559356136821,922,24601.5,stop,-2.2360362173038237
2025-11-26,2,opening_rebreak_v1,baseline,68,Top51~100,287840,인투셀,2.0952380952381056,False,2~3%,0.5504587155963303,0.5~0.7%,920,54700.0,3.5986322987901103,2.0x+,3.6318300137235986,2.0x+,09:11~09:20,0.5484460694698434,947,-1.188299817184646,927,,,927,,-0.7312614259597838,0.0,-0.7312614259597838,0.3656307129798808,close,930,54700.0,time_exit,-1.1440767824497258,927,54153.0,stop,-2.1440767824497264
2025-11-26,2,opening_rebreak_v1,baseline,71,Top51~100,066970,엘앤에프,3.169014084507049,False,3~4%,0.9917355371900827,0.7~1.0%,915,121700.0,1.841651119402985,1.5~2.0x,1.8708592757207285,1.5~2.0x,09:11~09:20,0.6573541495480617,919,-2.300739523418238,935,,,922,931,-0.08216926869351049,-0.9860312243221037,-1.9720624486442073,-1.396877567789645,close,922,120200.0,stop,-1.8733853738701671,922,120483.0,stop,-1.640846343467544
2025-11-26,2,opening_rebreak_v1,baseline,80,Top51~100,443060,HD현대마린솔루션,2.9818956336528313,False,2~3%,0.4087889626980072,0.3~0.5%,919,195800.0,4.760048426150121,2.0x+,4.77379090172078,2.0x+,09:11~09:20,0.561797752808979,949,-0.3064351378958108,920,,,,,0.05107252298264253,0.05107252298264253,-0.10214504596527396,0.561797752808979,close,930,196000.0,time_exit,-0.3832175689479138,930,196000.0,time_exit,-0.3832175689479138
2025-11-26,2,opening_rebreak_v1,baseline,82,Top51~100,249420,일동제약,3.4782608695652195,False,3~4%,0.49261083743842365,0.3~0.5%,919,30600.0,5.623199023199023,2.0x+,5.678874261052479,2.0x+,09:11~09:20,0.16339869281045694,920,-2.450980392156865,937,,,924,935,-1.1437908496731986,-0.8169934640522847,-1.9607843137254943,-1.9607843137254943,close,924,30250.0,stop,-2.1907843137254863,924,30294.0,stop,-2.0469934640522887
2025-11-26,2,opening_rebreak_v1,baseline,93,Top51~100,011170,롯데케미칼,3.892617449664426,False,3~4%,0.8495145631067961,0.7~1.0%,910,82500.0,1.1881014873140858,1.0~1.5x,1.2028648443088017,1.2~1.5x,09:03~09:10,0.60606060606061,911,-3.6363636363636376,938,,,915,915,-1.0909090909090868,-2.5454545454545507,-2.7878787878787836,-2.9090909090909056,close,915,81600.0,stop,-1.9269696969696928,915,81675.0,stop,-1.8360606060606068
2025-11-27,2,opening_rebreak_v1,baseline,1,Top1~20,000660,SK하이닉스,2.0992366412213803,False,2~3%,0.37174721189591076,0.3~0.5%,912,539500.0,2.081658263305322,2.0x+,2.0974157367918447,2.0x+,09:11~09:20,1.575532900834098,930,-0.0926784059314234,913,927,,,,0.4633920296570837,0.4633920296570837,1.019462465245602,1.019462465245602,close,930,547500.0,time_exit,0.3260704355885058,930,547592.5,take_profit,0.3432159406858104
2025-11-27,2,opening_rebreak_v1,baseline,10,Top1~20,437730,삼현,2.34375,False,2~3%,0.723589001447178,0.7~1.0%,905,35300.0,1.8738063702975796,1.5~2.0x,1.9284362936298707,1.5~2.0x,09:03~09:10,6.515580736543902,922,-0.7082152974504208,906,906,909,,,0.8498583569405138,2.5495750708215192,4.957507082152968,4.674220963172804,close,906,36000.0,take_profit,1.0447875354107665,906,35829.5,take_profit,0.5617847025495653
2025-11-27,2,opening_rebreak_v1,baseline,13,Top1~20,469610,이노테크,3.137789904502042,False,3~4%,0.3926701570680628,0.3~0.5%,905,38750.0,1.3238820076605482,1.0~1.5x,1.3482372614151443,1.2~1.5x,09:03~09:10,1.2903225806451646,929,-5.935483870967739,920,929,,906,909,-2.709677419354839,-3.8709677419354827,-2.709677419354839,-2.580645161290318,close,908,38000.0,stop,-2.8106451612903274,906,38362.5,stop,-1.8751612903225814
2025-11-27,2,opening_rebreak_v1,baseline,40,Top21~50,000150,두산,3.3957845433255196,False,3~4%,0.33444816053511706,0.3~0.5%,910,905000.0,3.613588110403397,2.0x+,3.6580506039318506,2.0x+,09:03~09:10,0.7734806629834168,928,-1.8784530386740328,939,,,933,,0.33149171270718814,0.22099447513812542,-0.33149171270717703,-1.3259668508287303,close,930,902000.0,time_exit,-1.1139779005524808,930,902000.0,time_exit,-1.1139779005524808
2025-11-27,2,opening_rebreak_v1,baseline,52,Top51~100,388210,씨엠티엑스,3.250270855904658,False,3~4%,0.7172131147540983,0.7~1.0%,910,97800.0,1.4323892188213796,1.0~1.5x,1.4456931434543956,1.2~1.5x,09:03~09:10,1.7382413087934534,919,-4.498977505112478,939,916,,925,931,0.2044989775051187,0.9202453987730008,-1.2269938650306789,-3.578732106339466,close,925,96800.0,stop,-1.7637423312883413,919,99266.99999999999,take_profit,0.758752556237209
2025-11-27,2,opening_rebreak_v1,baseline,84,Top51~100,389650,넥스트바이오메디컬,6.2581486310299805,False,5~7%,0.7177033492822966,0.7~1.0%,909,85600.0,1.3096080054171997,1.0~1.5x,1.350631870647136,1.2~1.5x,09:03~09:10,4.672897196261672,911,-8.060747663551403,937,910,910,923,924,0.8177570093457875,1.1682242990654235,-2.10280373831776,-5.957943925233645,close,910,88300.0,take_profit,2.340093457943924,910,86883.99999999999,take_profit,0.68588785046728
2025-11-28,2,opening_rebreak_v1,baseline,3,Top1~20,098460,고영,2.4114930733709627,False,2~3%,0.49019607843137253,0.3~0.5%,923,20450.0,1.8058123061607383,1.5~2.0x,1.819155746846655,1.5~2.0x,09:21~09:30,5.134474327628369,935,0.0,924,924,924,,,1.4669926650366705,2.444987775061125,2.933985330073341,3.17848410757946,close,924,20900.0,take_profit,0.7479951100244433,924,20756.749999999996,take_profit,0.04750611246942782
2025-11-28,2,opening_rebreak_v1,baseline,10,Top1~20,058610,에스피지,3.5035035035035023,False,3~4%,0.3546099290780142,0.3~0.5%,913,58300.0,1.220928678556049,1.0~1.5x,1.2665505686800294,1.2~1.5x,09:11~09:20,1.7152658662092701,917,-3.7735849056603765,932,914,,916,921,0.8576329331046351,-1.543739279588341,-2.0583190394511175,-1.8867924528301883,close,920,57400.0,stop,-2.6313722126929724,916,57717.0,stop,-2.087632933104632
2025-11-28,2,opening_rebreak_v1,baseline,32,Top21~50,0015N0,아로마티카,2.4096385542168752,False,2~3%,0.936768149882904,0.7~1.0%,926,22200.0,1.2337241116889235,1.0~1.5x,1.2949728264536218,1.2~1.5x,09:21~09:30,1.5765765765765716,930,-7.207207207207212,953,929,,927,930,-1.8018018018018056,-4.2792792792792795,-3.1531531531531543,-5.630630630630629,close,930,21700.0,stop,-3.6083783783783776,927,21978.0,stop,-2.356126126126127
2025-11-28,2,opening_rebreak_v1,baseline,39,Top21~50,389500,에스비비테크,3.7234042553191404,False,3~4%,0.5813953488372093,0.5~0.7%,928,35000.0,1.779699809670658,1.5~2.0x,1.8220751331759715,1.5~2.0x,09:21~09:30,4.714285714285715,939,-0.5714285714285672,933,929,931,,,-0.14285714285714457,3.857142857142848,2.0000000000000018,2.0000000000000018,close,929,35350.0,time_exit,0.055714285714286604,929,35350.0,time_exit,0.055714285714286604
2025-11-28,2,opening_rebreak_v1,baseline,46,Top21~50,448900,한국피아이엠,2.3782559456398733,False,2~3%,0.6134969325153374,0.5~0.7%,915,48925.0,2.0151872603951637,2.0x+,2.028663306889576,2.0x+,09:11~09:20,9.964230965763932,931,-0.6642820643842584,916,917,920,,,4.445579969340829,7.715891670924879,7.511497189575889,7.511497189575889,close,918,49700.0,take_profit,0.843071027082274,918,49658.87499999999,take_profit,0.7590137966274814
2025-11-28,2,opening_rebreak_v1,baseline,55,Top51~100,0120G0,삼양바이오팜,2.3391812865497075,False,2~3%,0.6422018348623854,0.5~0.7%,910,57700.0,3.806009721608484,2.0x+,4.096532307572467,2.0x+,09:03~09:10,15.42461005199307,926,-0.34662045060658286,914,912,912,,,0.5199306759098743,4.33275563258233,15.42461005199307,15.42461005199307,close,912,59200.0,take_profit,1.5031022530329292,912,58565.49999999999,take_profit,0.40344887348352576
2025-11-28,2,opening_rebreak_v1,baseline,57,Top51~100,090360,로보스타,2.2556390977443552,False,2~3%,0.43859649122807015,0.3~0.5%,917,68800.0,2.2295205029558036,2.0x+,2.2464630007012776,2.0x+,09:11~09:20,1.017441860465107,923,-0.8720930232558155,934,923,,,,0.7267441860465018,-0.14534883720930258,0.29069767441860517,0.7267441860465018,close,930,69000.0,time_exit,-0.6660465116279064,930,69000.0,time_exit,-0.6660465116279064
2025-11-28,2,opening_rebreak_v1,baseline,87,Top51~100,204320,HL만도,4.756380510440827,False,4~5%,0.3218884120171674,0.3~0.5%,908,46650.0,1.4953219592735278,1.0~1.5x,1.5017603745987098,1.5~2.0x,09:03~09:10,2.4651661307609762,938,-1.2861736334405127,909,910,938,909,,0.0,0.5359056806002238,0.7502679528403,1.8220793140407254,close,920,47400.0,take_profit,0.8418113612004349,909,46183.5,stop,-1.7659056806002154
2025-11-28,2,opening_rebreak_v1,baseline,95,Top51~100,307950,현대오토에버,2.020202020202011,False,2~3%,0.819252432155658,0.7~1.0%,919,196800.0,1.484796573875803,1.0~1.5x,1.5030168028982456,1.5~2.0x,09:11~09:20,3.4044715447154372,938,-0.6605691056910556,924,927,929,,,-0.10162601626015899,1.575203252032531,2.6422764227642226,1.6260162601626105,close,928,199900.0,take_profit,1.0911382113821246,928,199751.99999999997,take_profit,1.0159349593495839
2025-12-01,2,opening_rebreak_v1,baseline,5,Top1~20,466100,클로봇,2.839506172839501,False,2~3%,0.8656818962555823,0.7~1.0%,910,44707.0,1.268590387217881,1.0~1.5x,1.3102056146498904,1.2~1.5x,09:03~09:10,2.8608495313932947,938,-3.8137204464625207,917,934,935,911,912,-1.6932471425056494,-1.905741830138452,-0.8477419643456274,1.3778602903348425,close,911,44044.0,stop,-2.2721857874605815,911,44259.93,stop,-1.7891965464021302
2025-12-01,2,opening_rebreak_v1,baseline,9,Top1~20,108490,로보티즈,2.1413276231263323,False,2~3%,0.8130081300813009,0.7~1.0%,906,250500.0,1.9385677458819417,1.5~2.0x,1.990209919440272,1.5~2.0x,09:03~09:10,0.5988023952095745,909,-4.3912175648702645,924,,,908,911,-1.19760479041916,-2.39520958083832,-3.59281437125748,-3.3932135728542923,close,908,247000.0,stop,-2.6252095808383267,908,247995.0,stop,-2.228003992015969
2025-12-01,2,opening_rebreak_v1,baseline,18,Top1~20,009420,한올바이오파마,2.6709401709401615,False,2~3%,0.30991735537190085,0.3~0.5%,907,48500.0,1.4100661949326638,1.0~1.5x,1.4173722373934547,1.2~1.5x,09:03~09:10,4.329896907216502,934,-0.6185567010309256,908,909,912,,,2.4742268041237025,1.6494845360824684,2.0618556701030855,3.711340206185576,close,912,49700.0,take_profit,1.7287628865979294,912,49227.49999999999,take_profit,0.7545360824742171
2025-12-01,2,opening_rebreak_v1,baseline,20,Top1~20,277810,레인보우로보틱스,2.9885057471264354,False,2~3%,0.44004400440044,0.3~0.5%,910,455500.0,1.2705670926517572,1.0~1.5x,1.2789907418848074,1.2~1.5x,09:03~09:10,0.1097694840834329,911,-3.073545554335899,926,,,912,917,-1.0976948408342513,-1.207464324917673,-2.0856201975850697,-1.5367727771679496,close,912,449500.0,stop,-2.096081229418219,912,450945.0,stop,-1.778847420417125
2025-12-01,2,opening_rebreak_v1,baseline,25,Top21~50,247540,에코프로비엠,2.8018679119413026,False,2~3%,0.43998569567549617,0.3~0.5%,915,157580.0,3.0391401195064174,2.0x+,3.0691119004911203,2.0x+,09:11~09:20,1.1866988196471695,918,-1.2495240512755412,922,918,,921,,-0.3122223632440635,-0.2500317299149679,-0.06282523162838283,0.06219063332910668,close,930,156989.0,time_exit,-0.9223467445107253,921,156004.2,stop,-1.5472991496382686
2025-12-01,2,opening_rebreak_v1,baseline,26,Top21~50,101170,우림피티에스,5.932203389830515,False,5~7%,0.6644518272425249,0.5~0.7%,925,9150.0,1.5899956046102754,1.5~2.0x,1.6455500523947095,1.5~2.0x,09:21~09:30,0.9836065573770592,926,-4.1530054644808745,931,,,926,928,-3.0601092896174853,-3.1693989071038264,-3.4972677595628388,-2.950819672131144,close,927,9040.0,stop,-1.9786338797814245,926,9058.5,stop,-1.776448087431695
2025-12-01,2,opening_rebreak_v1,baseline,43,Top21~50,204320,HL만도,6.22317596566524,False,5~7%,0.5882352941176471,0.5~0.7%,908,51200.0,3.2611482095639315,2.0x+,3.2867102675202164,2.0x+,09:03~09:10,2.734375,910,-0.9765625,933,909,909,,,1.7578125,1.171875,0.0,0.0,close,909,52300.0,take_profit,0.941875,909,51967.99999999999,take_profit,0.29343749999999025
2025-12-01,2,opening_rebreak_v1,baseline,54,Top51~100,0015N0,아로마티카,4.188481675392675,False,4~5%,0.9828009828009828,0.7~1.0%,913,20400.0,1.659891248058001,1.5~2.0x,1.680485432277083,1.5~2.0x,09:11~09:20,7.59803921568627,933,-0.4901960784313708,915,917,917,,,4.166666666666674,2.450980392156854,5.759803921568629,5.6372549019607865,close,917,21500.0,take_profit,3.9366666666666696,917,20705.999999999996,take_profit,0.04450980392155879
2025-12-01,2,opening_rebreak_v1,baseline,65,Top51~100,459550,알트,2.3809523809523725,False,2~3%,0.6993006993006993,0.5~0.7%,913,5770.0,3.7287953657949773,2.0x+,3.8025847073580183,2.0x+,09:11~09:20,2.5996533795493937,942,-1.7331022530329254,922,914,932,915,,-1.0398613518197597,0.6932409012131657,0.17331022530329143,0.34662045060658286,close,918,5710.0,stop,-2.136412478336224,914,5856.549999999999,take_profit,0.40344887348352576
2025-12-01,2,opening_rebreak_v1,baseline,74,Top51~100,469610,이노테크,2.071823204419898,False,2~3%,0.655307994757536,0.5~0.7%,928,39050.0,1.246132580436445,1.0~1.5x,1.2839439911884742,1.2~1.5x,09:21~09:30,1.3444302176696565,936,-2.5608194622279146,948,935,,932,947,-0.1280409731113985,0.1280409731113874,-1.9206145966709331,-0.6402048655569814,close,930,38900.0,time_exit,-1.2543277848911627,930,38900.0,time_exit,-1.2543277848911627
2025-12-01,2,opening_rebreak_v1,baseline,76,Top51~100,448900,한국피아이엠,2.063789868667909,False,2~3%,0.3629764065335753,0.3~0.5%,907,58000.0,3.1006711409395975,2.0x+,3.2757545751274435,2.0x+,09:03~09:10,6.5517241379310365,929,-0.8620689655172376,911,908,908,,,0.0,1.206896551724146,4.655172413793096,1.724137931034475,close,908,59800.0,take_profit,2.0113793103448225,908,58869.99999999999,take_profit,0.4079310344827489
2025-12-02,2,opening_rebreak_v1,baseline,24,Top21~50,459550,알트,2.091254752851701,False,2~3%,0.5338078291814947,0.5~0.7%,910,5760.0,1.7884120627618347,1.5~2.0x,1.8428002650282949,1.5~2.0x,09:03~09:10,8.159722222222232,928,-1.736111111111116,920,911,911,916,,-0.868055555555558,0.694444444444442,3.993055555555558,6.25,close,919,5690.0,stop,-2.3133333333333344,911,5846.4,take_profit,0.40194444444443467
2025-12-02,2,opening_rebreak_v1,baseline,46,Top21~50,060280,큐렉소,4.457050243111826,False,4~5%,0.6065200909780136,0.5~0.7%,905,13280.0,3.56940929456536,2.0x+,3.615694540947977,2.0x+,09:03~09:10,6.024096385542177,929,-1.7319277108433728,921,927,927,907,,-1.3554216867469826,-0.1506024096385561,0.45180722891566827,3.6897590361445687,close,909,13140.0,stop,-1.660722891566267,907,13147.2,stop,-1.6065060240963753
2025-12-02,2,opening_rebreak_v1,baseline,54,Top51~100,204320,HL만도,3.90625,False,3~4%,0.5586592178770949,0.5~0.7%,914,55200.0,2.2576045164744243,2.0x+,2.3337035451196297,2.0x+,09:11~09:20,0.5434782608695565,918,-2.536231884057971,941,,,915,923,-0.36231884057971175,-1.8115942028985477,-1.6304347826086918,-2.3550724637681153,close,920,54500.0,stop,-2.4039130434782554,915,54648.0,stop,-2.1357971014492763
2025-12-02,2,opening_rebreak_v1,baseline,82,Top51~100,448900,한국피아이엠,4.166666666666674,False,4~5%,0.9316770186335404,0.7~1.0%,907,67200.0,2.1606967396159,2.0x+,2.275843587808597,2.0x+,09:03~09:10,2.2321428571428603,908,-8.184523809523814,936,908,908,908,920,-1.1904761904761862,-0.7440476190476164,-4.01785714285714,-8.03571428571429,close,908,68700.0,take_profit,1.2580952380952413,908,66528.0,stop,-1.97404761904762
2025-12-03,2,opening_rebreak_v1,baseline,1,Top1~20,0126Z0,삼성에피스홀딩스,2.828054298642524,False,2~3%,0.5364806866952789,0.5~0.7%,911,472000.0,1.8004996360918228,1.5~2.0x,1.8419403430286405,1.5~2.0x,09:11~09:20,5.6144067796610075,940,-3.072033898305082,924,935,936,913,922,-0.4237288135593209,-1.4830508474576232,-0.5296610169491567,4.449152542372881,close,915,466000.0,stop,-2.0308474576271154,913,467280.0,stop,-1.7596610169491533
2025-12-03,2,opening_rebreak_v1,baseline,47,Top21~50,460940,피앤에스로보틱스,2.861815208503682,False,2~3%,0.312256049960968,0.3~0.5%,914,12970.0,4.344389471601029,2.0x+,4.412430027146856,2.0x+,09:11~09:20,2.1588280647648395,915,-3.6237471087124162,943,915,915,916,931,0.23130300693909867,-0.9252120277563614,-1.8504240555127227,-3.3924441017733176,close,922,12800.0,stop,-1.9262220508866577,915,13164.55,take_profit,0.8844949884348399
2025-12-03,2,opening_rebreak_v1,baseline,54,Top51~100,476040,오가노이드사이언스,2.6011560693641522,False,2~3%,0.39893617021276595,0.3~0.5%,927,38000.0,1.2700471698113207,1.0~1.5x,1.2886993979393908,1.2~1.5x,09:21~09:30,0.9210526315789558,957,-2.500000000000002,929,,,928,929,-1.3157894736842146,-0.1315789473684159,0.0,0.9210526315789558,close,928,37400.0,stop,-2.466842105263163,928,37620.0,stop,-1.8878947368421062
2025-12-03,2,opening_rebreak_v1,baseline,55,Top51~100,488280,에스투더블유,4.672897196261672,False,4~5%,0.33726812816188867,0.3~0.5%,908,30550.0,3.3094444678786856,2.0x+,3.4214392045243263,2.0x+,09:03~09:10,2.127659574468077,912,-3.436988543371522,937,912,912,921,922,1.9639934533551617,0.3273322422258529,-0.6546644844517169,-2.782324058919805,close,913,31150.0,take_profit,0.9156628477905135,912,31008.249999999996,take_profit,0.45166939443534204
2025-12-03,2,opening_rebreak_v1,baseline,59,Top51~100,474650,링크솔루션,3.7234042553191404,False,3~4%,0.823529411764706,0.7~1.0%,921,44400.0,2.2682635920882617,2.0x+,2.389345278498667,2.0x+,09:21~09:30,2.4774774774774855,922,-3.94144144144144,939,922,922,924,930,-0.33783783783783994,-1.0135135135135087,-2.8153153153153143,-0.6756756756756799,close,922,45150.0,take_profit,0.8961261261261255,922,45065.99999999999,take_profit,0.7069369369369272
2025-12-04,2,opening_rebreak_v1,baseline,8,Top1~20,380550,뉴로핏,4.80274442538593,False,4~5%,0.6051437216338881,0.5~0.7%,909,33250.0,1.257285750389061,1.0~1.5x,1.2835027194050592,1.2~1.5x,09:03~09:10,3.458646616541361,917,-7.067669172932334,939,910,916,924,929,1.6541353383458635,1.3533834586466176,-3.157894736842104,-7.067669172932334,close,914,33800.0,take_profit,0.6722556390977432,912,33748.75,take_profit,0.51812030075187
2025-12-04,2,opening_rebreak_v1,baseline,29,Top21~50,476060,온코닉테라퓨틱스,2.6026026026026106,False,2~3%,0.48192771084337355,0.3~0.5%,930,20775.0,1.9054343858368314,1.5~2.0x,1.9169684922886283,1.5~2.0x,09:21~09:30,1.0830324909747224,932,-2.527075812274371,950,932,,934,947,-0.8423586040914532,-1.0830324909747335,-2.0457280385078214,-2.0457280385078214,close,930,20775.0,time_exit,-1.4333694344163659,930,20775.0,time_exit,-1.4333694344163659
2025-12-04,2,opening_rebreak_v1,baseline,39,Top21~50,204320,HL만도,6.321839080459779,False,5~7%,0.35398230088495575,0.3~0.5%,911,56900.0,1.2668669027659478,1.0~1.5x,1.2803681486213576,1.2~1.5x,09:11~09:20,0.5272407732864748,912,-1.5817223198594021,922,,,915,,-0.8787346221441172,-1.0544815465729385,-1.0544815465729385,-0.7029876977152849,close,917,56300.0,stop,-2.1632161687170512,915,56331.0,stop,-2.1087346221441132
2025-12-04,2,opening_rebreak_v1,baseline,45,Top21~50,475960,토모큐브,3.183520599250933,False,3~4%,0.338409475465313,0.3~0.5%,911,59900.0,1.521067029059789,1.5~2.0x,1.5548168360552908,1.5~2.0x,09:11~09:20,2.6711185308847973,918,-2.3372287145242088,925,915,918,923,924,1.5025041736226985,-0.5008347245408995,-2.003338898163609,-1.3355592654423987,close,917,60800.0,take_profit,0.437779632721196,917,60798.49999999999,take_profit,0.43527545909848775
2025-12-04,2,opening_rebreak_v1,baseline,59,Top51~100,004960,한신공영,5.882352941176472,False,5~7%,0.7493755203996669,0.7~1.0%,920,12300.0,1.200117124676596,1.0~1.5x,1.2383758920740042,1.2~1.5x,09:11~09:20,2.0325203252032464,927,-7.967479674796751,943,923,927,921,928,0.1626016260162677,-3.658536585365857,-5.447154471544713,-7.47967479674797,close,928,12060.0,stop,-2.5877235772357743,921,12177.0,stop,-1.6365040650406515
2025-12-04,2,opening_rebreak_v1,baseline,79,Top51~100,086280,현대글로비스,2.707474985285452,False,2~3%,0.5102040816326531,0.5~0.7%,911,176800.0,1.3704490291262137,1.0~1.5x,1.3785219296686013,1.2~1.5x,09:11~09:20,1.3574660633484115,939,-1.0180995475113086,917,937,,917,,-0.7918552036199067,-0.39592760180995334,0.16968325791855143,1.2443438914027105,close,930,177000.0,time_exit,-0.3996832579185524,917,175032.0,stop,-1.5128054298642541
2025-12-05,2,opening_rebreak_v1,baseline,13,Top1~20,064400,LG씨엔에스,2.861685214626397,False,2~3%,0.6106870229007634,0.5~0.7%,922,65700.0,2.9219453572434517,2.0x+,2.9684238277449992,2.0x+,09:21~09:30,0.7610350076103556,936,-1.3698630136986356,941,,,928,,-0.91324200913242,-0.15220700152207556,-1.0654490106544956,-1.0654490106544956,close,930,65600.0,time_exit,-1.1432420091324256,928,65043.0,stop,-1.991035007610351
2025-12-05,2,opening_rebreak_v1,baseline,29,Top21~50,105840,우진,2.960725075528692,False,2~3%,0.47194546407970633,0.3~0.5%,930,19080.0,1.4276953026501171,1.0~1.5x,1.447976121327159,1.2~1.5x,09:21~09:30,1.5199161425576424,933,-3.6163522012578664,936,933,,931,936,0.5765199161425594,-2.5681341719077544,-2.0440251572327095,-2.3060796645702264,close,930,19080.0,time_exit,-0.4920545073375262,930,19080.0,time_exit,-0.4920545073375262
2025-12-05,2,opening_rebreak_v1,baseline,46,Top21~50,450140,코오롱모빌리티그룹,4.638715432649421,False,4~5%,0.8136094674556213,0.7~1.0%,911,13800.0,1.4813701194465594,1.0~1.5x,1.5244524719136854,1.5~2.0x,09:11~09:20,1.376811594202909,920,-3.2608695652173947,936,919,,913,913,-0.8695652173912993,-1.0869565217391353,-1.1594202898550732,-0.7971014492753614,close,913,13580.0,stop,-2.1865217391304332,913,13662.0,stop,-1.592318840579711
2025-12-05,2,opening_rebreak_v1,baseline,85,Top51~100,007810,코리아써키트,5.270655270655267,False,5~7%,0.6605019815059445,0.5~0.7%,928,37950.0,2.5625015837620047,2.0x+,2.6150053442747305,2.0x+,09:21~09:30,3.5573122529644285,937,-0.26350461133070047,951,929,935,,,0.9222661396574461,2.7667984189723382,1.449275362318847,1.3175230566534912,close,930,38350.0,time_exit,0.16525691699605616,929,38519.24999999999,take_profit,0.6112384716732445
2025-12-08,2,opening_rebreak_v1,baseline,2,Top1~20,086520,에코프로,2.8895768833849367,False,2~3%,0.6517690875232774,0.5~0.7%,909,108200.0,1.5757169514830092,1.5~2.0x,1.5978685487390965,1.5~2.0x,09:03~09:10,0.27726432532346745,910,-2.865064695009245,920,,,910,911,-1.6635859519408491,-2.4953789279112737,-1.1090573012939031,-0.1848428835489857,close,910,106300.0,stop,-2.4481146025878004,910,107118.0,stop,-1.6921072088724594
2025-12-08,2,opening_rebreak_v1,baseline,73,Top51~100,237690,에스티팜,4.067796610169494,False,4~5%,0.40096230954290296,0.3~0.5%,916,126100.0,1.3580910963607233,1.0~1.5x,1.378867047110203,1.2~1.5x,09:11~09:20,2.5376685170499513,930,-1.5067406819984086,923,917,927,923,,0.3172085646312439,1.1895321173671647,1.4274385408405976,0.3965107057890549,close,928,129100.0,take_profit,1.7525535289452732,923,124839.0,stop,-1.626510705789057
2025-12-08,2,opening_rebreak_v1,baseline,82,Top51~100,331740,아우토크립트,4.791344667697062,False,4~5%,0.4067796610169492,0.3~0.5%,918,14860.0,3.7284484800631663,2.0x+,3.8149139493860162,2.0x+,09:11~09:20,6.258411843876188,945,-2.0188425302826385,919,926,929,919,919,-0.20188425302826163,0.20188425302827273,3.499327052489898,5.1480484522207215,close,919,14610.0,stop,-2.2488425302826385,919,14711.4,stop,-1.5664737550471073
2025-12-08,2,opening_rebreak_v1,baseline,93,Top51~100,032350,롯데관광개발,2.1077283372365363,False,2~3%,0.6818181818181818,0.5~0.7%,910,22150.0,2.6767732843660585,2.0x+,2.7040316941302973,2.0x+,09:03~09:10,1.5801354401805856,938,-1.8058690744920947,912,933,,912,,-0.9029345372460473,-0.9029345372460473,0.0,1.5801354401805856,close,916,21900.0,stop,-2.4873363431151296,912,21928.5,stop,-2.358668171557563
2025-12-09,2,opening_rebreak_v1,baseline,27,Top21~50,226950,올릭스,2.5359256128486996,False,2~3%,0.4803843074459567,0.3~0.5%,916,125200.0,2.5619455006337137,2.0x+,2.580495387605317,2.0x+,09:11~09:20,2.396166134185296,920,-0.39936102236421966,917,919,920,,,1.757188498402562,1.6773162939297093,1.5175718849840258,1.6773162939297093,close,920,128100.0,take_profit,1.686932907348248,920,127077.99999999999,take_profit,0.870638977635773
2025-12-10,2,opening_rebreak_v1,baseline,7,Top1~20,249420,일동제약,4.040404040404044,False,4~5%,0.904977375565611,0.7~1.0%,925,33550.0,1.7010220064975248,1.5~2.0x,1.737269050776011,1.5~2.0x,09:21~09:30,0.8941877794336861,926,-6.408345752608047,950,,,927,928,-1.788375558867361,-1.4903129657228065,-3.874813710879288,-4.32190760059612,close,927,33200.0,stop,-2.018375558867364,927,33214.5,stop,-1.9751564828614017
2025-12-10,2,opening_rebreak_v1,baseline,23,Top21~50,056080,유진로봇,2.6676829268292623,False,2~3%,0.9318996415770611,0.7~1.0%,909,13990.0,1.584327880305059,1.5~2.0x,1.6038167181959317,1.5~2.0x,09:03~09:10,0.07147962830593713,910,-3.5025017869907082,928,,,913,914,-2.358827734095781,-1.7869907076483171,-3.145103645461045,-1.2151536812008534,close,913,13740.0,stop,-2.374388849177981,913,13850.1,stop,-1.587398141529665
2025-12-10,2,opening_rebreak_v1,baseline,29,Top21~50,124500,아이티센글로벌,3.1818181818181746,False,3~4%,0.5905511811023622,0.5~0.7%,919,25600.0,2.4646590699862934,2.0x+,2.5021324623811245,2.0x+,09:11~09:20,3.125,932,-1.3671875,948,922,931,925,,-0.1953125,0.1953125,0.0,-0.78125,close,930,25750.0,time_exit,-0.620625,925,25344.0,stop,-2.206562500000001
2025-12-10,2,opening_rebreak_v1,baseline,56,Top51~100,484590,삼양컴텍,3.61344537815127,False,3~4%,0.6828528072837633,0.5~0.7%,918,13410.0,1.4336547618368756,1.0~1.5x,1.4623434328159384,1.2~1.5x,09:11~09:20,3.4302759134973826,938,-2.5354213273676374,922,931,933,919,922,-1.1931394481730084,-1.0439970171513768,3.0574198359433202,1.4168530947054503,close,919,13260.0,stop,-1.7214243102162512,919,13275.9,stop,-1.602856077554065
2025-12-10,2,opening_rebreak_v1,baseline,67,Top51~100,000250,삼천당제약,2.637362637362628,False,2~3%,0.8456659619450317,0.7~1.0%,920,237000.0,1.7571428571428571,1.5~2.0x,1.7786297190797,1.5~2.0x,09:11~09:20,5.063291139240511,924,0.0,921,922,922,,,3.586497890295348,2.1097046413502074,0.42194092827003704,0.8438818565400741,close,922,242500.0,take_profit,1.0358227848101316,922,240554.99999999997,take_profit,0.21514767932488477
2025-12-10,2,opening_rebreak_v1,baseline,71,Top51~100,114190,강원에너지,2.003757044458365,False,2~3%,0.667070952092177,0.5~0.7%,927,16580.0,5.483985765124555,2.0x+,5.532055820315206,2.0x+,09:21~09:30,7.599517490952956,939,-0.7237635705669487,929,932,932,,,2.3522316043425917,5.247285886610364,4.342581423401692,2.9553679131483657,close,930,16520.0,time_exit,-0.8934499396863639,930,16520.0,time_exit,-0.8934499396863639
2025-12-11,2,opening_rebreak_v1,baseline,3,Top1~20,249420,일동제약,4.461538461538472,False,4~5%,0.6830601092896175,0.5~0.7%,909,37150.0,1.42942018344899,1.0~1.5x,1.4668462573972396,1.2~1.5x,09:03~09:10,1.6150740242261152,912,-4.5760430686406455,926,912,,912,914,-1.8842530282637937,-1.4804845222072704,-2.0188425302826385,-0.538358008075368,close,914,36450.0,stop,-2.7872005383580065,912,36778.5,stop,-1.9029475100942135
2025-12-11,2,opening_rebreak_v1,baseline,30,Top21~50,298040,효성중공업,2.2107969151671014,False,2~3%,0.5172413793103449,0.5~0.7%,918,2031000.0,1.7254601226993864,1.5~2.0x,1.7352857188425126,1.5~2.0x,09:11~09:20,2.4126046282619384,929,-0.1477104874446078,919,922,926,,,1.723289020187102,1.969473165928104,1.3293943870014813,1.5263417035942917,close,922,2063000.0,take_profit,1.0993943870014689,922,2061464.9999999998,take_profit,1.023815854258976
2025-12-11,2,opening_rebreak_v1,baseline,43,Top21~50,267260,HD현대일렉트릭,2.2379269729092988,False,2~3%,0.3436426116838488,0.3~0.5%,921,878000.0,2.413237924865832,2.0x+,2.432442645406806,2.0x+,09:21~09:30,0.4555808656036442,922,-1.3667425968109326,949,,,940,,-0.2277904328018221,-0.7972665148063829,-1.025056947608205,-1.1389521640091105,close,930,874000.0,time_exit,-1.2550569476082,930,874000.0,time_exit,-1.2550569476082
2025-12-12,2,opening_rebreak_v1,baseline,14,Top1~20,056080,유진로봇,5.188679245283012,False,5~7%,0.9428032683846637,0.7~1.0%,919,15930.0,1.3405168771702525,1.0~1.5x,1.3549767673427742,1.2~1.5x,09:11~09:20,5.398618957940982,928,-0.7532956685499026,921,920,926,,,0.9416195856873921,4.708097928436916,3.0131826741996326,1.2554927809165006,close,923,16220.0,take_profit,1.2765913370998083,922,16168.949999999999,take_profit,0.9561268047708628
2025-12-12,2,opening_rebreak_v1,baseline,17,Top1~20,012450,한화에어로스페이스,2.3230088495575174,False,2~3%,0.3191489361702127,0.3~0.5%,925,942000.0,3.0218068535825546,2.0x+,3.0379317567500173,2.0x+,09:21~09:30,0.2123142250530785,926,-0.6369426751592355,940,,,,,-0.2123142250530785,-0.2123142250530785,-0.5307855626326963,0.0,close,930,940000.0,time_exit,-0.9730997876857749,930,940000.0,time_exit,-0.9730997876857749
2025-12-12,2,opening_rebreak_v1,baseline,28,Top21~50,060370,LS마린솔루션,2.0408163265306145,False,2~3%,0.4830917874396135,0.3~0.5%,911,31150.0,2.8477254490463553,2.0x+,2.8707652989577332,2.0x+,09:11~09:20,8.18619582664526,932,-0.6420545746388395,912,913,914,,,1.284109149277679,2.5682182985553803,5.296950240770459,5.939004815409299,close,914,31850.0,take_profit,1.2146227929374052,913,31617.249999999996,take_profit,0.46743178170143485
2025-12-12,2,opening_rebreak_v1,baseline,50,Top21~50,290690,소룩스,2.3554603854389677,False,2~3%,0.41279669762641896,0.3~0.5%,905,4855.0,2.0886646884272997,2.0x+,2.1016512046247753,2.0x+,09:03~09:10,8.135942327497435,908,-0.1029866117404743,906,906,907,,,4.222451081359413,2.471678681771361,5.252317198764156,6.694129763130796,close,907,4950.0,take_profit,1.2118125643666318,906,4927.825,take_profit,0.7550669412976215
2025-12-12,2,opening_rebreak_v1,baseline,60,Top51~100,397030,에이프릴바이오,2.0118343195266286,False,2~3%,0.44893378226711567,0.3~0.5%,911,44850.0,4.44739336492891,2.0x+,4.497533087194173,2.0x+,09:11~09:20,3.678929765886285,924,-0.6688963210702337,916,913,913,,,-0.22296544035674826,2.229654403567438,2.229654403567438,0.0,close,913,45600.0,take_profit,0.8848272017837224,913,45522.74999999999,take_profit,0.7125863991081285
2025-12-17,2,opening_rebreak_v1,baseline,9,Top1~20,319400,현대무벡스,2.4369747899159577,False,2~3%,0.6299212598425197,0.5~0.7%,913,12800.0,1.9223587873346022,1.5~2.0x,1.9497775339051433,1.5~2.0x,09:11~09:20,4.218750000000004,928,-1.7968749999999978,941,917,917,938,,1.171875,2.890624999999991,0.07812499999999556,-0.07812499999999556,close,917,13070.0,take_profit,1.4887499999999911,917,12991.999999999998,take_profit,0.8793749999999902
2025-12-17,2,opening_rebreak_v1,baseline,13,Top1~20,030530,원익홀딩스,2.604920405209832,False,2~3%,0.8298755186721992,0.7~1.0%,927,36300.0,2.876680920465609,2.0x+,2.9734662948154633,2.0x+,09:21~09:30,0.4132231404958775,928,-5.647382920110189,953,,,929,931,-1.9283746556473802,-2.4793388429752095,-3.3057851239669422,-5.234159779614322,close,930,35700.0,stop,-2.5715977961432452,929,35937.0,stop,-1.9187052341597806
2025-12-18,2,opening_rebreak_v1,baseline,50,Top21~50,081180,쎄크,2.2996515679442497,False,2~3%,0.5291005291005291,0.5~0.7%,905,15240.0,1.3795401032012424,1.0~1.5x,1.39788505138211,1.2~1.5x,09:03~09:10,2.8871391076115582,908,-2.3622047244094446,920,906,907,914,920,1.5748031496062964,-0.19685039370078705,0.3937007874015741,0.0,close,907,15590.0,take_profit,1.7385039370078847,907,15468.599999999999,take_profit,0.9419160104986779
2025-12-18,2,opening_rebreak_v1,baseline,51,Top51~100,295310,에이치브이엠,4.096045197740117,False,4~5%,0.7989347536617843,0.7~1.0%,905,37950.0,2.1766977792082396,2.0x+,2.2176021670054413,2.0x+,09:03~09:10,9.881422924901194,935,-1.8445322793148922,907,910,916,906,,-0.13175230566534468,0.5270092226614009,3.1620553359683834,9.222661396574438,close,907,37250.0,stop,-2.7332938076416378,906,37570.5,stop,-1.8887615283267465
2025-12-18,2,opening_rebreak_v1,baseline,65,Top51~100,000390,삼화페인트,4.754098360655745,False,4~5%,0.8438818565400843,0.7~1.0%,917,7280.0,5.384808585892568,2.0x+,5.700935292625987,2.0x+,09:11~09:20,8.92857142857142,933,-1.9230769230769273,923,918,929,921,,-1.2362637362637319,0.9615384615384581,8.92857142857142,3.708791208791218,close,921,7200.0,stop,-2.0157142857142816,918,7389.199999999999,take_profit,0.5831868131868034
2025-12-19,2,opening_rebreak_v1,baseline,3,Top1~20,478340,나라스페이스테크놀로지,4.647435897435903,False,4~5%,0.4273504273504274,0.3~0.5%,914,35600.0,1.179719459372744,1.0~1.5x,1.2016598785027093,1.2~1.5x,09:11~09:20,3.370786516853941,938,-3.51123595505618,928,936,937,916,928,0.2808988764045006,-0.2808988764044895,0.8426966292134797,0.8426966292134797,close,922,35200.0,stop,-2.0558426966292163,916,35244.0,stop,-1.9322471910112369
2025-12-19,2,opening_rebreak_v1,baseline,54,Top51~100,223250,드림씨아이에스,5.405405405405395,False,5~7%,0.6675567423230975,0.5~0.7%,917,7520.0,2.5549314815577744,2.0x+,2.5992971614611533,2.0x+,09:11~09:20,1.0638297872340496,918,-6.25,928,918,,918,918,-3.4574468085106336,-4.654255319148937,-3.0585106382978733,-4.654255319148937,close,918,7380.0,stop,-2.7565957446808467,918,7444.8,stop,-1.8948936170212773
2025-12-19,2,opening_rebreak_v1,baseline,59,Top51~100,260660,알리코제약,2.3094688221708903,False,2~3%,0.33594624860022393,0.3~0.5%,925,4485.0,4.149181053563524,2.0x+,4.181815061849979,2.0x+,09:21~09:30,4.4593088071348985,940,-0.4459308807134854,926,927,928,,,0.557413600891854,1.3377926421404673,2.341137123745818,3.455964325529548,close,928,4575.0,take_profit,1.2192753623188393,928,4552.275,take_profit,0.7125863991081285
2025-12-19,2,opening_rebreak_v1,baseline,98,Top51~100,456070,이엔셀,4.722921914357681,False,4~5%,0.6314580941446613,0.5~0.7%,918,17460.0,1.7025697102241661,1.5~2.0x,1.7279530453138274,1.5~2.0x,09:11~09:20,5.555555555555558,928,-0.11454753722794919,919,919,920,,,2.5200458190148822,4.696449026345939,4.9255441008018375,3.436426116838498,close,920,18000.0,take_profit,2.5764146620847543,920,17721.899999999998,take_profit,0.9836311569301163
2025-12-22,2,opening_rebreak_v1,baseline,4,Top1~20,478340,나라스페이스테크놀로지,6.666666666666665,False,5~7%,0.3740648379052369,0.3~0.5%,920,40400.0,3.2217429550294763,2.0x+,3.3349252832321903,2.0x+,09:11~09:20,0.866336633663356,921,-6.930693069306926,947,,,921,924,-0.990099009900991,-4.455445544554459,-3.83663366336634,-3.960396039603964,close,922,39800.0,stop,-2.3339603960396054,921,39996.0,stop,-1.8488118811881198
2025-12-22,2,opening_rebreak_v1,baseline,14,Top1~20,488900,비츠로넥스텍,3.063063063063054,False,3~4%,0.819672131147541,0.7~1.0%,909,12260.0,1.508655755090955,1.5~2.0x,1.5315485100442408,1.5~2.0x,09:03~09:10,8.238172920065256,916,-0.32626427406199365,910,910,910,,,4.486133768352363,5.464926590538344,3.6704730831973897,1.71288743882545,close,910,12580.0,take_profit,1.9722838499184392,910,12443.9,take_profit,0.8621696574225025
2025-12-22,2,opening_rebreak_v1,baseline,34,Top21~50,001430,세아베스틸지주,4.891922639362911,False,4~5%,0.3115264797507788,0.3~0.5%,908,48500.0,2.6796206144032233,2.0x+,2.70753332913659,2.0x+,09:03~09:10,7.010309278350513,926,0.0,909,909,911,,,2.577319587628857,3.5051546391752675,3.298969072164959,4.123711340206193,close,911,50200.0,take_profit,2.7596907216494944,909,49227.49999999999,take_profit,0.7545360824742171
2025-12-22,2,opening_rebreak_v1,baseline,44,Top21~50,274090,켄코아에어로스페이스,6.683804627249357,False,5~7%,0.7047768206734534,0.7~1.0%,910,12780.0,1.901171342958322,1.5~2.0x,1.916164807808151,1.5~2.0x,09:03~09:10,6.103286384976525,923,-0.9389671361502372,911,915,915,,,0.6259780907668322,3.8341158059467917,1.2519561815336422,3.2863849765258246,close,917,13090.0,take_profit,1.8044287949921771,915,12971.699999999999,take_profit,0.8787636932707258
2025-12-22,2,opening_rebreak_v1,baseline,65,Top51~100,071970,HD현대마린엔진,3.294117647058825,False,3~4%,0.7383966244725738,0.7~1.0%,929,95300.0,2.0158419846299043,2.0x+,2.0355950350370198,2.0x+,09:21~09:30,0.10493179433368471,930,-1.4690451206715638,938,,,930,,-0.9443861490031513,-1.4690451206715638,-0.6295907660020972,-0.9443861490031513,close,930,94400.0,time_exit,-1.6990451206715669,930,94347.0,stop,-1.7546589716684164
2025-12-22,2,opening_rebreak_v1,baseline,72,Top51~100,225190,LK삼양,3.5662299854439583,False,3~4%,0.7032348804500703,0.7~1.0%,907,7135.0,1.3162445683184831,1.0~1.5x,1.3302273363955208,1.2~1.5x,09:03~09:10,9.18009810791871,925,-1.1212333566923638,910,913,913,909,,0.4905395935529189,3.153468815697269,8.199018920812895,5.746320953048345,close,913,7325.0,take_profit,1.7321583742116242,909,7063.65,stop,-1.9307708479327268
2025-12-22,2,opening_rebreak_v1,baseline,91,Top51~100,049630,재영솔루텍,2.8828828828828756,False,2~3%,0.9803921568627451,0.7~1.0%,926,15475.0,2.578677507674438,2.0x+,2.63399567203049,2.0x+,09:21~09:30,2.5848142164781818,932,-0.3231017770597755,950,928,931,,,2.100161550888524,0.8077544426494443,1.1308562197092087,0.4846526655896577,close,928,15700.0,time_exit,0.9008562197091993,928,15700.0,time_exit,0.9008562197091993
2025-12-22,2,opening_rebreak_v1,baseline,98,Top51~100,189300,인텔리안테크,3.34645669291338,False,3~4%,0.5366726296958855,0.5~0.7%,917,56300.0,1.472336552160836,1.0~1.5x,1.504127226510248,1.5~2.0x,09:11~09:20,4.97335701598578,932,-0.3552397868561319,920,921,926,,,1.243339253996445,2.48667850799289,2.841918294849033,2.131438721136769,close,921,57200.0,take_profit,0.48047957371224603,921,57144.49999999999,take_profit,0.3819005328596705
2025-12-22,2,opening_rebreak_v1,baseline,100,Top51~100,240810,원익IPS,2.951388888888884,False,2~3%,0.4885993485342019,0.3~0.5%,913,61600.0,2.744350195034363,2.0x+,2.761223075414678,2.0x+,09:11~09:20,0.0,914,-2.4350649350649345,927,,,915,925,-1.9480519480519431,-1.7857142857142905,-1.2987012987012991,-0.9740259740259716,close,915,60900.0,stop,-2.178051948051947,915,60984.0,stop,-2.041688311688312
2025-12-23,2,opening_rebreak_v1,baseline,7,Top1~20,272210,한화시스템,2.640845070422526,False,2~3%,0.48543689320388345,0.3~0.5%,909,61900.0,1.7730413458094194,1.5~2.0x,1.7955804871929824,1.5~2.0x,09:03~09:10,0.4846526655896577,910,-5.169628432956386,925,,,911,912,-1.2924071082390909,-3.8772213247172838,-4.523424878836835,-4.846526655896611,close,911,60800.0,stop,-2.814814216478194,911,61281.0,stop,-2.0377544426494354
2025-12-23,2,opening_rebreak_v1,baseline,11,Top1~20,090710,휴림로봇,2.577319587628857,False,2~3%,0.641025641025641,0.5~0.7%,909,6300.0,1.2100358023943567,1.0~1.5x,1.2295525088845882,1.2~1.5x,09:03~09:10,6.666666666666665,919,-1.4285714285714235,939,910,916,939,,0.4761904761904745,6.349206349206349,0.952380952380949,-1.2698412698412653,close,915,6420.0,take_profit,0.8811111111111043,911,6394.499999999999,take_profit,0.47634920634919653
2025-12-23,2,opening_rebreak_v1,baseline,43,Top21~50,413630,씨피시스템,3.0444964871194413,False,3~4%,0.6479481641468683,0.5~0.7%,909,4690.0,1.935202492211838,1.5~2.0x,1.9730651496681566,1.5~2.0x,09:03~09:10,2.8784648187633266,923,-2.4520255863539453,933,918,921,910,914,-2.0895522388059695,1.0660980810234477,-0.7462686567164201,-0.4264392324093813,close,910,4630.0,stop,-2.042366737739871,910,4643.1,stop,-1.7630490405117167
2025-12-23,2,opening_rebreak_v1,baseline,90,Top51~100,041510,에스엠,2.695871946082562,False,2~3%,0.32336297493936944,0.3~0.5%,909,123800.0,1.9534292972057579,1.5~2.0x,1.9613507460995363,1.5~2.0x,09:03~09:10,1.1308562197092087,922,-0.8077544426494332,912,922,,,,-0.5654281098546043,0.28271405492730217,0.646203554119551,0.7269789983844976,close,930,124300.0,time_exit,-0.2300000000000062,930,124300.0,time_exit,-0.2300000000000062
2025-12-24,2,opening_rebreak_v1,baseline,16,Top1~20,249420,일동제약,3.753351206434319,False,3~4%,0.6273525721455459,0.5~0.7%,921,40650.0,2.173312452314982,2.0x+,2.2309381612778796,2.0x+,09:21~09:30,1.4760147601476037,926,-3.075030750307506,945,926,,928,935,0.9840098400984099,-0.9840098400983988,-2.4600246002460024,-1.845018450184499,close,930,40650.0,time_exit,-0.8450061500615006,928,40243.5,stop,-1.8450061500615016
2025-12-24,2,opening_rebreak_v1,baseline,23,Top21~50,317830,에스피시스템스,2.8869286287088958,False,2~3%,0.6901840490797546,0.5~0.7%,910,13330.0,3.3222805527676984,2.0x+,3.412838833631943,2.0x+,09:03~09:10,12.303075768942229,936,-0.6001500375093727,911,911,913,,,5.851462865716428,3.975993998499616,9.752438109527372,7.8019504876219115,close,913,13670.0,take_profit,1.9455438859714953,913,13529.949999999999,take_profit,0.8949062265566294
2025-12-24,2,opening_rebreak_v1,baseline,61,Top51~100,298830,슈어소프트테크,4.615384615384621,False,4~5%,0.6476683937823834,0.5~0.7%,919,7760.0,1.2266764498825022,1.0~1.5x,1.2410703065304065,1.2~1.5x,09:11~09:20,0.2577319587628857,920,-5.283505154639179,935,,,920,921,-2.9639175257731964,-4.123711340206182,-3.8659793814432963,-4.639175257731953,close,920,7640.0,stop,-2.4207216494845305,920,7682.4,stop,-1.8743298969072173
2025-12-24,2,opening_rebreak_v1,baseline,87,Top51~100,464080,에스오에스랩,2.2727272727272707,False,2~3%,0.43821209465381245,0.3~0.5%,916,11500.0,3.8677998111425875,2.0x+,3.9090994019597662,2.0x+,09:11~09:20,3.6521739130434883,943,-0.7826086956521761,923,924,927,,,-0.17391304347825765,1.304347826086949,2.347826086956517,2.0000000000000018,close,924,11690.0,take_profit,0.9873913043478343,924,11672.499999999998,take_profit,0.835217391304338
2025-12-26,2,opening_rebreak_v1,baseline,5,Top1~20,319400,현대무벡스,2.906350914962319,False,2~3%,0.7088607594936709,0.7~1.0%,914,19870.0,1.4066412698682498,1.0~1.5x,1.4252912816054115,1.2~1.5x,09:11~09:20,3.1706089582284935,919,-1.1071967790639126,926,915,916,926,,2.415702063412173,0.45294413688978796,0.050327126321092486,-0.10065425264217387,close,916,20400.0,take_profit,2.1857020634121778,915,20168.05,take_profit,1.018364368394555
2025-12-26,2,opening_rebreak_v1,baseline,35,Top21~50,0013V0,삼진식품,2.770618556701021,False,2~3%,0.41866028708133973,0.3~0.5%,915,17230.0,1.8123973208644004,1.5~2.0x,1.875531882191809,1.5~2.0x,09:11~09:20,6.790481717933838,922,-2.031340684852001,934,916,919,916,934,4.8752176436448025,3.2501450957632017,-1.1897852582704593,1.044689495066753,close,916,17540.0,take_profit,1.2789959373186197,916,17057.7,stop,-1.5201915264074297
2025-12-26,2,opening_rebreak_v1,baseline,39,Top21~50,058610,에스피지,2.857142857142847,False,2~3%,0.45558086560364464,0.3~0.5%,909,88500.0,2.250567375886525,2.0x+,2.278892594576172,2.0x+,09:03~09:10,1.2429378531073398,910,-3.6158192090395502,934,910,,918,921,0.5649717514124353,-0.4519774011299438,-3.050847457627115,-2.9378531073446346,close,918,87600.0,stop,-1.8119209039547974,918,87615.0,stop,-1.7949717514124304
2025-12-29,2,opening_rebreak_v1,baseline,8,Top1~20,319400,현대무벡스,2.5960539979231534,False,2~3%,0.35228988424760943,0.3~0.5%,915,20150.0,2.529722888526875,2.0x+,2.5744402123139665,2.0x+,09:11~09:20,0.7444168734491274,916,-3.47394540942928,929,,,918,927,0.0,-0.8933002481389618,-2.928039702233254,-0.2481389578163795,close,918,19930.0,stop,-2.562506203473949,918,19948.5,stop,-2.470694789081887
2025-12-29,2,opening_rebreak_v1,baseline,10,Top1~20,012450,한화에어로스페이스,3.563218390804601,False,3~4%,0.5364806866952789,0.5~0.7%,918,937000.0,1.2534965034965035,1.0~1.5x,1.2670185801253762,1.2~1.5x,09:11~09:20,0.7470651013874008,919,-2.2411953041622246,933,,,925,933,-0.6403415154749181,-0.7470651013874119,-1.707577374599789,-1.6008537886872953,close,925,926000.0,stop,-1.9375773745997869,925,927630.0,stop,-1.7636179295624341
2025-12-29,2,opening_rebreak_v1,baseline,43,Top21~50,003310,대주산업,2.321428571428563,False,2~3%,0.31695721077654515,0.3~0.5%,910,3240.0,2.8277279581408483,2.0x+,2.9131442239670426,2.0x+,09:03~09:10,3.0864197530864113,916,-0.7716049382716084,911,911,915,,,2.9320987654321007,2.314814814814814,0.15432098765431057,0.7716049382715973,close,915,3335.0,take_profit,1.9304938271604957,913,3288.6,take_profit,0.4983950617283852
2025-12-29,2,opening_rebreak_v1,baseline,61,Top51~100,006260,LS,3.0655391120507414,False,3~4%,0.6467661691542288,0.5~0.7%,915,204000.0,2.539859906604403,2.0x+,2.594548928128684,2.0x+,09:11~09:20,3.1862745098039325,922,-1.4705882352941124,917,919,920,916,,1.9607843137254832,0.9803921568627416,2.2058823529411686,1.9607843137254832,close,916,201500.0,stop,-2.6809803921568585,916,201960.0,stop,-2.4554901960784323
2025-12-29,2,opening_rebreak_v1,baseline,92,Top51~100,332570,PS일렉트로닉스,2.2927689594356204,False,2~3%,0.966183574879227,0.7~1.0%,909,6370.0,1.1952601101345914,1.0~1.5x,1.2287893560319405,1.2~1.5x,09:03~09:10,0.7849293563579218,911,-4.866562009419151,920,,,912,912,-1.4128728414442682,-3.296703296703296,-3.6106750392464693,-3.767660910518056,close,912,6290.0,stop,-2.2708163265306096,912,6306.3,stop,-2.0149293563579285
2025-12-29,2,opening_rebreak_v1,baseline,94,Top51~100,267270,HD현대건설기계,4.7210300429184615,False,4~5%,0.3045685279187817,0.3~0.5%,906,98800.0,1.917907444668008,1.5~2.0x,1.9296258200936782,1.5~2.0x,09:03~09:10,3.1376518218623417,926,-0.9109311740890691,908,910,918,,,0.9109311740890691,1.4170040485830038,3.0364372469635637,2.9352226720647856,close,917,100300.0,take_profit,0.7821457489878547,917,100281.99999999999,take_profit,0.7639271255060631
2025-12-30,2,opening_rebreak_v1,baseline,55,Top51~100,003310,대주산업,4.482225656877903,False,4~5%,0.7132667617689016,0.7~1.0%,913,3565.0,1.2008087457638874,1.0~1.5x,1.2359549958257405,1.2~1.5x,09:11~09:20,3.5063113604488105,917,-3.2258064516129004,939,916,916,919,937,0.5610098176718203,1.9635343618513268,0.0,-1.4025245441795287,close,916,3680.0,take_profit,2.2945441795231387,916,3618.4749999999995,take_profit,0.5687377279102287
2025-12-30,2,opening_rebreak_v1,baseline,91,Top51~100,299170,더블유에스아이,2.970297029702973,False,2~3%,0.7155635062611807,0.7~1.0%,910,2895.0,1.9659782524292642,1.5~2.0x,2.050993528209989,2.0x+,09:03~09:10,8.462867012089802,918,-3.2815198618307395,930,911,913,911,927,5.699481865284972,5.0086355785837755,-2.072538860103623,-2.2452504317789335,close,913,3050.0,take_profit,4.260500863557862,911,2866.05,stop,-2.093557858376501
2026-01-05,2,opening_rebreak_v1,baseline,5,Top1~20,005935,삼성전자우,3.2838983050847537,False,3~4%,0.40650406504065045,0.3~0.5%,915,98500.0,1.2380746699781335,1.0~1.5x,1.244391377478022,1.2~1.5x,09:11~09:20,1.0152284263959421,927,-0.7106598984771617,944,927,,,,0.3045685279187804,0.6091370558375608,-0.10152284263958977,-0.3045685279187804,close,930,99300.0,time_exit,0.07456852791877089,930,99300.0,time_exit,0.07456852791877089
2026-01-05,2,opening_rebreak_v1,baseline,33,Top21~50,010170,대한광통신,5.535714285714288,False,5~7%,0.6324900133155792,0.5~0.7%,914,3047.0,1.1854014198591387,1.0~1.5x,1.2064823711820691,1.2~1.5x,09:11~09:20,7.876599934361672,925,-0.9189366590088621,933,917,917,,,2.198884148342639,6.924844108959638,-0.1640958319658714,-0.29537249753855965,close,917,3110.0,take_profit,1.0171283229405883,917,3092.705,take_profit,0.44952084017064986
2026-01-05,2,opening_rebreak_v1,baseline,45,Top21~50,240810,원익IPS,3.750000000000009,False,3~4%,0.3575685339690107,0.3~0.5%,908,84600.0,1.2687885212068457,1.0~1.5x,1.2820188279984712,1.2~1.5x,09:03~09:10,0.23640661938533203,909,-5.555555555555558,937,,,910,911,-2.3640661938534313,-3.546099290780147,-3.664302600472813,-5.437352245862881,close,910,83700.0,stop,-1.8848463356973955,910,83754.0,stop,-1.8210165484633578
2026-01-05,2,opening_rebreak_v1,baseline,66,Top51~100,039030,이오테크닉스,2.768166089965396,False,2~3%,0.9852216748768473,0.7~1.0%,925,306000.0,2.223051948051948,2.0x+,2.256231827873619,2.0x+,09:21~09:30,2.12418300653594,929,-0.8169934640522847,943,928,929,,,1.7973856209150263,0.32679738562091387,0.16339869281045694,1.1437908496731986,close,929,311000.0,take_profit,0.5869934640522816,929,310589.99999999994,take_profit,0.45300653594770246
2026-01-05,2,opening_rebreak_v1,baseline,97,Top51~100,220260,켐트로스,2.264150943396226,False,2~3%,0.601684717208183,0.5~0.7%,930,8510.0,6.4402116884894385,2.0x+,6.635133349763332,2.0x+,09:21~09:30,12.455934195064632,939,-0.3525264394829586,931,931,932,,,4.582843713278506,8.695652173913038,4.465334900117512,3.055229142185656,close,930,8510.0,time_exit,-0.8175440658049353,930,8510.0,time_exit,-0.8175440658049353
2026-01-06,2,opening_rebreak_v1,baseline,19,Top1~20,204320,HL만도,2.3064250411861664,False,2~3%,0.9463722397476341,0.7~1.0%,906,63500.0,1.4130790190735696,1.0~1.5x,1.4288298998594213,1.2~1.5x,09:03~09:10,2.2047244094488105,909,-4.409448818897643,924,908,908,915,917,0.47244094488188004,-0.9448818897637823,-3.779527559055118,-3.622047244094484,close,908,64800.0,take_profit,1.0298425196850491,908,64452.49999999999,take_profit,0.4825984251968407
2026-01-06,2,opening_rebreak_v1,baseline,61,Top51~100,437730,삼현,2.7826086956521667,False,2~3%,0.974025974025974,0.7~1.0%,914,61900.0,1.7288558534642953,1.5~2.0x,1.7573086360662227,1.5~2.0x,09:11~09:20,6.623586429725359,919,-3.0694668820678506,944,916,916,924,937,5.49273021001615,-1.2924071082390909,-0.4846526655896577,-3.0694668820678506,close,916,64600.0,take_profit,3.324119547657507,916,62828.49999999999,take_profit,0.4622455573505557
2026-01-06,2,opening_rebreak_v1,baseline,78,Top51~100,066970,엘앤에프,3.530633437175501,False,3~4%,0.688298918387414,0.5~0.7%,916,101800.0,2.0165331955567036,2.0x+,2.032505735719529,2.0x+,09:11~09:20,2.357563850687616,935,-1.2770137524557912,928,918,935,925,,0.19646365422396617,-0.8840864440078589,1.3752455795677854,2.062868369351678,close,925,100700.0,stop,-1.8017092337917464,925,100782.0,stop,-1.7211591355599223
2026-01-06,2,opening_rebreak_v1,baseline,88,Top51~100,012800,대창,2.7653213751868355,False,2~3%,0.8397480755773268,0.7~1.0%,917,1450.0,2.485845435843901,2.0x+,2.5365448304525717,2.0x+,09:11~09:20,10.275862068965512,942,-1.2413793103448256,919,919,920,918,,4.275862068965508,8.482758620689657,7.241379310344831,5.79310344827586,close,918,1433.0,stop,-1.7472413793103405,918,1435.5,stop,-1.5748275862068974
2026-01-07,2,opening_rebreak_v1,baseline,4,Top1~20,307950,현대오토에버,2.4038461538461453,False,2~3%,0.30303030303030304,0.3~0.5%,909,331500.0,1.229984412639932,1.0~1.5x,1.2393307987542173,1.2~1.5x,09:03~09:10,4.52488687782806,931,-1.0558069381598756,910,911,912,910,,3.7707390648567207,2.111613876319751,1.5082956259426794,3.318250377073917,close,911,337000.0,take_profit,0.674977375565605,910,328185.0,stop,-1.9841478129713432
2026-01-07,2,opening_rebreak_v1,baseline,48,Top21~50,226950,올릭스,3.517241379310354,False,3~4%,0.45425048669695006,0.3~0.5%,911,154600.0,1.1938812548612912,1.0~1.5x,1.201776929785776,1.2~1.5x,09:11~09:20,2.846054333764547,916,-1.7464424320827954,928,912,914,928,,2.069857697283317,1.681759379042691,-0.5174644243208237,-1.4230271668822736,close,914,157900.0,take_profit,1.581125485122904,913,156918.99999999997,take_profit,0.9465847347994727
2026-01-07,2,opening_rebreak_v1,baseline,50,Top21~50,437730,삼현,3.423423423423433,False,3~4%,0.3454231433506045,0.3~0.5%,922,58700.0,2.572464936321135,2.0x+,2.6170483840909986,2.0x+,09:21~09:30,0.6814310051107331,923,-2.555366269165249,938,,,926,927,-1.3628620102214661,-1.0221465076660996,-2.044293015332199,-0.17035775127768327,close,926,58100.0,stop,-2.103935264054515,926,58113.0,stop,-2.0817887563884163
2026-01-07,2,opening_rebreak_v1,baseline,70,Top51~100,097230,HJ중공업,4.081632653061229,False,4~5%,0.6437768240343348,0.5~0.7%,916,23550.0,2.566543240990249,2.0x+,2.6049913094808645,2.0x+,09:11~09:20,7.006369426751591,928,-0.6369426751592355,917,919,920,,,1.698513800424628,3.1847133757961776,2.3354564755838636,0.6369426751592355,close,920,24200.0,take_profit,1.4685138004246279,919,23903.249999999996,take_profit,0.20842887473459748
2026-01-07,2,opening_rebreak_v1,baseline,75,Top51~100,486990,노타,3.4682080924855585,False,3~4%,0.36968576709796674,0.3~0.5%,909,54300.0,1.4866921286626484,1.0~1.5x,1.4977250943670095,1.2~1.5x,09:03~09:10,0.0,910,-4.604051565377532,928,,,910,916,-1.4732965009208066,-1.4732965009208066,-4.23572744014733,-3.8674033149171283,close,912,53400.0,stop,-2.8082688766114137,910,53757.0,stop,-2.1508103130755076
2026-01-08,2,opening_rebreak_v1,baseline,7,Top1~20,012450,한화에어로스페이스,4.059405940594063,False,4~5%,0.36968576709796674,0.3~0.5%,909,1083000.0,3.62321083172147,2.0x+,3.6400160767665604,2.0x+,09:03~09:10,0.9233610341643494,917,-1.1080332409972304,911,,,911,,0.27700831024930483,0.4616805170821747,-0.3693444136657398,-0.5540166204986097,close,930,1078000.0,time_exit,-1.1533610341643539,911,1072170.0,stop,-1.69168051708218
2026-01-08,2,opening_rebreak_v1,baseline,17,Top1~20,456160,지투지바이오,2.4806201550387597,False,2~3%,0.9859154929577465,0.7~1.0%,919,72500.0,1.4852952026797703,1.0~1.5x,1.52217296283118,1.5~2.0x,09:11~09:20,0.4137931034482678,922,-4.0000000000000036,940,,,925,927,-0.8275862068965467,-1.93103448275862,-3.5862068965517246,-3.1724137931034457,close,925,71400.0,stop,-2.4368965517241343,925,71775.0,stop,-1.919655172413794
2026-01-08,2,opening_rebreak_v1,baseline,22,Top21~50,064350,현대로템,2.2222222222222143,False,2~3%,0.7142857142857143,0.7~1.0%,907,211500.0,1.843545081967213,1.5~2.0x,1.870070910484727,1.5~2.0x,09:03~09:10,0.23640661938533203,908,-1.4184397163120588,911,,,910,,-0.7092198581560294,0.0,-0.9456264775413725,-1.4184397163120588,close,910,209000.0,stop,-2.5940661938534295,910,209385.0,stop,-2.4120330969267147
2026-01-08,2,opening_rebreak_v1,baseline,33,Top21~50,079550,LIG넥스원,4.800817160367732,False,4~5%,0.3787878787878788,0.3~0.5%,925,536000.0,1.2457186110322642,1.0~1.5x,1.2678611467238514,1.2~1.5x,09:21~09:30,0.0,926,-2.6119402985074647,937,,,929,935,-1.3059701492537323,-1.8656716417910446,-1.3059701492537323,-1.8656716417910446,close,929,530000.0,stop,-2.282238805970147,929,530640.0,stop,-2.1628358208955234
2026-01-08,2,opening_rebreak_v1,baseline,37,Top21~50,0015G0,그린광학,2.8384279475982543,False,2~3%,0.4140786749482402,0.3~0.5%,913,24850.0,1.8776106737070388,1.5~2.0x,1.9400675776141336,1.5~2.0x,09:11~09:20,2.4144869215291687,933,-3.2193158953722323,924,919,933,915,916,-0.2012072434607659,-1.2072434607645843,2.213279678068414,-1.6096579476861161,close,916,24600.0,stop,-2.2420724346076413,915,24601.5,stop,-2.2360362173038237
2026-01-08,2,opening_rebreak_v1,baseline,52,Top51~100,376900,로킷헬스케어,6.45669291338582,False,5~7%,0.5594405594405595,0.5~0.7%,909,74100.0,2.1579983916233116,2.0x+,2.2490531760799914,2.0x+,09:03~09:10,0.26990553306343035,910,-6.882591093117407,937,,,910,913,-3.373819163292846,-2.8340080971659964,-4.5883940620782715,-6.072874493927127,close,913,71900.0,stop,-3.87372469635627,910,73359.0,stop,-1.9047638326585705
2026-01-09,2,opening_rebreak_v1,baseline,3,Top1~20,272210,한화시스템,3.316749585406309,False,3~4%,0.6912442396313364,0.5~0.7%,911,65600.0,2.9071273766131416,2.0x+,2.940766899375523,2.0x+,09:11~09:20,5.792682926829262,923,-0.7621951219512146,913,915,916,,,1.5243902439024293,4.4207317073170715,3.963414634146334,5.182926829268286,close,915,66700.0,take_profit,0.6846341463414705,915,66584.0,take_profit,0.5078048780487707
2026-01-09,2,opening_rebreak_v1,baseline,43,Top21~50,214450,파마리서치,3.5675675675675755,False,3~4%,0.6191950464396285,0.5~0.7%,910,486000.0,1.7645074224021593,1.5~2.0x,1.7755526728851316,1.5~2.0x,09:03~09:10,1.337448559670773,914,-2.0576131687242816,924,914,,922,924,0.0,0.0,-0.5144032921810648,0.0,close,923,476500.0,stop,-2.699135802469141,922,481140.0,stop,-1.7444032921810708
2026-01-12,2,opening_rebreak_v1,baseline,6,Top1~20,000720,현대건설,2.902374670184704,False,2~3%,0.6038647342995169,0.5~0.7%,916,83800.0,2.9984425986354197,2.0x+,3.053092220724765,2.0x+,09:11~09:20,2.9832935560859086,920,-1.9093078758949833,927,917,918,927,,1.7899761336515496,-0.835322195704058,0.835322195704058,0.7159904534606243,close,918,85600.0,take_profit,1.321312649164667,918,85056.99999999999,take_profit,0.6733412887828065
2026-01-12,2,opening_rebreak_v1,baseline,14,Top1~20,298040,효성중공업,3.4482758620689724,False,3~4%,0.45454545454545453,0.3~0.5%,927,1985000.0,2.504830917874396,2.0x+,2.522622715363103,2.0x+,09:21~09:30,1.2090680100755646,954,-0.5037783375314908,942,945,,,,0.1007556675062915,0.7052896725440849,1.0075566750629816,0.8060453400503764,close,930,1980000.0,time_exit,-0.7337783375314829,930,1980000.0,time_exit,-0.7337783375314829
2026-01-12,2,opening_rebreak_v1,baseline,16,Top1~20,006800,미래에셋증권,4.612546125461248,False,4~5%,0.5205058338573325,0.5~0.7%,920,28725.0,1.6974671865576796,1.5~2.0x,1.7266992723134125,1.5~2.0x,09:11~09:20,5.375108790252403,929,-0.17058311575283147,950,921,926,,,1.7336814621409902,2.6005221932114964,1.7336814621409902,0.17406440382941035,close,922,29174.0,take_profit,0.4627763272410854,921,29155.874999999996,take_profit,0.39967798085290585
2026-01-12,2,opening_rebreak_v1,baseline,54,Top51~100,079550,LIG넥스원,4.0590405904058935,False,4~5%,0.5291005291005291,0.5~0.7%,925,569000.0,1.6920260178270294,1.5~2.0x,1.718220836327859,1.5~2.0x,09:21~09:30,0.0,926,-1.5817223198594021,939,,,932,,-0.7029876977152849,-1.0544815465729385,-0.7029876977152849,-0.8787346221441172,close,930,565000.0,time_exit,-1.8117223198593975,930,565000.0,time_exit,-1.8117223198593975
2026-01-12,2,opening_rebreak_v1,baseline,76,Top51~100,347700,스피어,3.413333333333335,False,3~4%,0.9674134419551934,0.7~1.0%,926,20100.0,3.2155012608761,2.0x+,3.3229601719079493,2.0x+,09:21~09:30,3.233830845771135,928,-2.238805970149249,938,927,928,931,937,-0.5970149253731294,-1.691542288557213,-0.24875621890547706,-0.497512437810943,close,927,20450.0,take_profit,0.2675124378109539,927,20401.499999999996,take_profit,0.026218905472626952
2026-01-12,2,opening_rebreak_v1,baseline,82,Top51~100,332570,PS일렉트로닉스,3.439803439803435,False,3~4%,0.35046728971962615,0.3~0.5%,911,8720.0,3.2129722548091193,2.0x+,3.2845390459478923,2.0x+,09:11~09:20,6.077981651376141,920,-0.8027522935779796,912,912,914,,,3.669724770642202,3.7844036697247674,0.5733944954128489,3.096330275229353,close,914,9090.0,take_profit,3.439724770642207,914,8850.8,take_profit,0.6966055045871462
2026-01-12,2,opening_rebreak_v1,baseline,90,Top51~100,105840,우진,5.805038335158819,False,5~7%,0.5486284289276808,0.5~0.7%,911,20250.0,2.860012789086646,2.0x+,2.9044763780844827,2.0x+,09:11~09:20,0.0,912,-5.629629629629629,930,,,912,914,-1.7777777777777781,-3.8024691358024665,-4.345679012345682,-4.691358024691361,close,914,19800.0,stop,-3.6867901234567935,912,20047.5,stop,-2.4645679012345685
2026-01-12,2,opening_rebreak_v1,baseline,98,Top51~100,083650,비에이치아이,5.5452865064695045,False,5~7%,0.5199306759098787,0.5~0.7%,906,58100.0,2.4301605181638974,2.0x+,2.459796622043945,2.0x+,09:03~09:10,0.1721170395869276,907,-4.130808950086062,923,,,909,911,-2.409638554216864,-2.2375215146299476,-3.7865748709122182,-3.098106712564541,close,909,57100.0,stop,-2.811755593803783,909,57519.0,stop,-2.0905851979345966
2026-01-12,2,opening_rebreak_v1,baseline,100,Top51~100,059270,해성에어로보틱스,4.208194905869322,False,4~5%,0.3102378490175801,0.3~0.5%,910,9700.0,3.9638061879743143,2.0x+,3.9884771808455235,2.0x+,09:03~09:10,2.4742268041237025,913,-0.10309278350515427,911,911,912,,,1.4432989690721598,1.4432989690721598,2.3711340206185483,1.3402061855670055,close,912,9910.0,take_profit,1.4194845360824666,911,9845.499999999998,take_profit,0.7545360824742171
2026-01-13,2,opening_rebreak_v1,baseline,7,Top1~20,012330,현대모비스,2.15736040609138,False,2~3%,0.7042253521126761,0.7~1.0%,917,439000.0,1.4645615148630065,1.0~1.5x,1.5199586407207089,1.5~2.0x,09:11~09:20,3.8724373576309867,946,-2.277904328018221,923,931,937,920,922,-1.9362186788154934,-0.4555808656036442,1.480637813211838,2.9612756264236983,close,922,430500.0,stop,-2.7356947608200493,920,434610.0,stop,-1.7994760820045568
2026-01-13,2,opening_rebreak_v1,baseline,8,Top1~20,098460,고영,3.0476190476190546,False,3~4%,0.7117437722419928,0.7~1.0%,922,28750.0,6.137073537030461,2.0x+,6.34892418532762,2.0x+,09:21~09:30,7.304347826086954,942,-0.3478260869565264,923,923,926,,,3.4782608695652195,3.3043478260869508,6.08695652173914,3.1304347826087042,close,926,29250.0,take_profit,0.6395652173912942,923,29181.249999999996,take_profit,0.4004347826086858
2026-01-13,2,opening_rebreak_v1,baseline,9,Top1~20,307950,현대오토에버,5.108695652173911,False,5~7%,0.7677543186180422,0.7~1.0%,909,523000.0,1.201809817501643,1.0~1.5x,1.2157573202192635,1.2~1.5x,09:03~09:10,2.103250478011476,920,-2.103250478011476,933,911,920,931,933,0.3824091778202643,0.9560229445506607,-0.19120458891013214,-0.3824091778202643,close,912,531000.0,take_profit,0.34361376673041,912,530845.0,take_profit,0.31397705544932086
2026-01-13,2,opening_rebreak_v1,baseline,19,Top1~20,086280,현대글로비스,2.4640657084188833,False,2~3%,0.3853564547206166,0.3~0.5%,912,263000.0,1.451060233558697,1.0~1.5x,1.476320469732833,1.2~1.5x,09:11~09:20,0.0,913,-5.323193916349811,935,,,913,914,-1.9011406844106515,-3.9923954372623527,-3.6121673003802313,-3.4220532319391594,close,913,260000.0,stop,-2.3212547528517096,913,260370.0,stop,-2.180570342205324
2026-01-13,2,opening_rebreak_v1,baseline,21,Top21~50,204320,HL만도,2.1352313167259718,False,2~3%,0.3424657534246575,0.3~0.5%,911,59700.0,1.9625126917116442,1.5~2.0x,2.013092915724831,2.0x+,09:11~09:20,5.695142378559459,932,-0.8375209380234505,915,912,924,,,0.0,1.1725293132328396,5.360134003350092,3.1825795644891075,close,925,61000.0,take_profit,1.110033500837512,912,60595.49999999999,take_profit,0.43247906197653974
2026-01-13,2,opening_rebreak_v1,baseline,39,Top21~50,053700,삼보모터스,2.411347517730489,False,2~3%,0.7653061224489796,0.7~1.0%,907,7940.0,1.9601797373451504,1.5~2.0x,2.0049388221423525,2.0x+,09:03~09:10,12.720403022670034,924,0.6297229219143663,909,909,909,,,4.156171284634769,7.5566750629722845,7.8085642317380355,5.919395465994959,close,909,8150.0,take_profit,1.7851133501259495,909,8059.099999999999,take_profit,0.6402770780856325
2026-01-13,2,opening_rebreak_v1,baseline,66,Top51~100,299170,더블유에스아이,2.0334928229664984,False,2~3%,0.6984866123399301,0.5~0.7%,924,4345.0,3.102305535796477,2.0x+,3.16049649543627,2.0x+,09:21~09:30,0.11507479861909697,925,-2.6467203682393525,938,,,925,936,-0.11507479861909697,-0.345224395857302,-1.1507479861910253,-1.7261219792865323,close,926,4295.0,stop,-1.9561219792865372,925,4301.55,stop,-1.8053739930955128
2026-01-13,2,opening_rebreak_v1,baseline,82,Top51~100,125490,한라캐스트,2.4575775307197123,False,2~3%,0.33670033670033667,0.3~0.5%,912,17840.0,1.2573387615170344,1.0~1.5x,1.2623086384880158,1.2~1.5x,09:11~09:20,4.372197309417047,940,-0.5605381165919243,913,916,925,,,0.33632286995515237,0.6726457399103047,2.4103139013452957,3.0829596412556004,close,925,18140.0,take_profit,1.17134529147982,924,18107.6,take_profit,0.9897309417040261
2026-01-13,2,opening_rebreak_v1,baseline,100,Top51~100,250060,모비스,4.498714652956304,False,4~5%,0.3389830508474576,0.3~0.5%,924,4470.0,1.63702260920175,1.5~2.0x,1.6775706964914887,1.5~2.0x,09:21~09:30,9.955257270693508,931,-0.22371364653244186,927,927,928,,,4.026845637583887,6.263982102908283,5.257270693512295,2.9082774049216997,close,928,4645.0,take_profit,3.1257046979865697,927,4537.049999999999,take_profit,0.710715883668894
2026-01-14,2,opening_rebreak_v1,baseline,10,Top1~20,000270,기아,2.6470588235294024,False,2~3%,0.49226441631504925,0.3~0.5%,913,142300.0,1.776912296711534,1.5~2.0x,1.786958443972094,1.5~2.0x,09:11~09:20,2.8109627547435068,916,-2.037947997189038,930,915,915,923,930,1.194659170765977,-0.7730147575544577,-1.2649332396345803,0.28109627547434624,close,915,145200.0,take_profit,1.4565776528461005,915,144434.5,take_profit,0.9186296556570528
2026-01-14,2,opening_rebreak_v1,baseline,37,Top21~50,024060,흥구석유,2.2140221402213944,False,2~3%,0.7042253521126761,0.7~1.0%,910,14280.0,1.188433963188581,1.0~1.5x,1.2036054605909883,1.2~1.5x,09:03~09:10,0.8403361344537785,913,-3.9215686274509776,936,,,914,923,-1.6806722689075682,-1.3305322128851493,-2.941176470588236,-3.0112044817927175,close,914,14110.0,stop,-1.7706162464985953,914,14137.2,stop,-1.5801400560223988
2026-01-15,2,opening_rebreak_v1,baseline,5,Top1~20,042660,한화오션,2.183098591549304,False,2~3%,0.33921302578018997,0.3~0.5%,909,147900.0,1.2275923652193326,1.0~1.5x,1.2359490184883546,1.2~1.5x,09:03~09:10,3.0425963488843744,917,-0.13522650439485862,910,912,914,,,1.8255578093306246,1.893171061528065,0.6761325219743153,0.8789722785665921,close,914,150600.0,take_profit,1.257491548343471,914,150118.5,take_profit,0.9319337390128367
2026-01-15,2,opening_rebreak_v1,baseline,21,Top21~50,007660,이수페타시스,2.3336214347450257,False,2~3%,0.9068425391591096,0.7~1.0%,906,121500.0,1.3596955554859522,1.0~1.5x,1.374401081460426,1.2~1.5x,09:03~09:10,1.2345679012345734,912,-0.4115226337448541,908,912,,,,0.9053497942386857,0.16460905349793276,0.16460905349793276,0.9053497942386857,close,930,121400.0,time_exit,-0.7238271604938223,930,121400.0,time_exit,-0.7238271604938223
2026-01-15,2,opening_rebreak_v1,baseline,30,Top21~50,010130,고려아연,3.023255813953485,False,3~4%,0.8733624454148471,0.7~1.0%,924,1377000.0,1.60370942812983,1.5~2.0x,1.6116337431068977,1.5~2.0x,09:21~09:30,0.2178649237472685,928,-2.251270878721856,939,,,930,937,-0.0726216412490932,-1.525054466230935,-0.9440813362382006,-1.0167029774872938,close,930,1363000.0,stop,-1.609811183732755,930,1363230.0,stop,-1.593108206245462
2026-01-15,2,opening_rebreak_v1,baseline,48,Top21~50,459510,나우로보틱스,5.809128630705396,False,5~7%,0.5617977528089888,0.5~0.7%,905,27350.0,1.6505717761557177,1.5~2.0x,1.7003065189400708,1.5~2.0x,09:03~09:10,14.44241316270567,926,-1.4625228519195566,906,906,906,906,,8.043875685557577,3.290676416819016,14.44241316270567,8.59232175502742,close,906,28000.0,take_profit,1.2325228519195661,906,27076.5,stop,-2.1440767824497264
2026-01-15,2,opening_rebreak_v1,baseline,68,Top51~100,295310,에이치브이엠,3.2704402515723263,False,3~4%,0.7058823529411765,0.7~1.0%,920,85800.0,5.71382463690156,2.0x+,5.808603718556325,2.0x+,09:11~09:20,9.440559440559436,938,-0.5827505827505797,921,925,927,,,0.0,4.195804195804187,5.827505827505819,3.962703962703973,close,927,88400.0,take_profit,2.217552447552445,927,87086.99999999999,take_profit,0.6872494172494075
2026-01-16,2,opening_rebreak_v1,baseline,28,Top21~50,056080,유진로봇,5.581395348837215,False,5~7%,0.4166666666666667,0.3~0.5%,906,24750.0,1.9534552434077839,1.5~2.0x,2.02292959306873,2.0x+,09:03~09:10,8.686868686868676,936,-3.838383838383841,911,909,916,909,909,-3.232323232323231,1.0101010101010166,4.444444444444451,8.28282828282829,close,909,24300.0,stop,-3.058282828282829,909,24502.5,stop,-2.240101010101011
2026-01-16,2,opening_rebreak_v1,baseline,47,Top21~50,437730,삼현,3.554868624420404,False,3~4%,0.6765899864682002,0.5~0.7%,908,75200.0,1.6635748657507496,1.5~2.0x,1.7043709796247464,1.5~2.0x,09:03~09:10,2.2606382978723305,914,-4.9202127659574435,927,913,914,909,910,0.7978723404255428,-2.92553191489362,-2.92553191489362,-1.46276595744681,close,910,73100.0,stop,-3.687446808510643,909,74448.0,stop,-1.8948936170212773
2026-01-16,2,opening_rebreak_v1,baseline,51,Top51~100,403870,HPSP,2.898550724637672,False,2~3%,0.5594405594405595,0.5~0.7%,906,35800.0,2.0156712060424553,2.0x+,2.026098859219068,2.0x+,09:03~09:10,3.4916201117318524,920,-1.3966480446927387,908,913,917,908,,0.5586592178770999,1.6759776536312776,1.8156424581005526,1.8156424581005526,close,916,36400.0,take_profit,0.7476536312849089,908,35442.0,stop,-1.9283240223463696
2026-01-16,2,opening_rebreak_v1,baseline,61,Top51~100,005385,현대차우,2.824858757062154,False,2~3%,0.3597122302158274,0.3~0.5%,921,279000.0,1.2462958986471977,1.0~1.5x,1.2535258695364409,1.2~1.5x,09:21~09:30,1.6129032258064502,924,-4.3010752688172005,944,923,,931,938,-0.17921146953404632,-0.8960573476702538,-2.8673835125448077,-3.2258064516129004,close,930,276500.0,time_exit,-2.0221146953405045,924,283185.0,take_profit,0.37394265232973933
2026-01-16,2,opening_rebreak_v1,baseline,72,Top51~100,459510,나우로보틱스,3.833865814696491,False,3~4%,0.7564296520423601,0.7~1.0%,916,33150.0,1.7550548489890303,1.5~2.0x,1.773782568414218,1.5~2.0x,09:11~09:20,1.8099547511312153,928,-1.8099547511312264,920,925,,920,,-0.6033182503770718,-0.15082956259426794,-0.9049773755656076,0.4524886877828038,close,920,32800.0,stop,-2.039954751131218,920,32818.5,stop,-1.9841478129713432
2026-01-19,2,opening_rebreak_v1,baseline,7,Top1~20,454910,두산로보틱스,4.535398230088505,False,4~5%,0.9813542688910697,0.7~1.0%,910,103500.0,1.3587076229018775,1.0~1.5x,1.393718919428586,1.2~1.5x,09:03~09:10,5.893719806763276,922,-1.545893719806768,912,914,915,911,,1.9323671497584627,2.801932367149762,2.3188405797101463,5.024154589371976,close,915,105500.0,take_profit,1.2192753623188493,911,102465.0,stop,-1.7130917874396143
2026-01-19,2,opening_rebreak_v1,baseline,25,Top21~50,047810,한국항공우주,3.0788967286722313,False,3~4%,0.36968576709796674,0.3~0.5%,927,166200.0,1.884264040034951,1.5~2.0x,1.936701814804013,1.5~2.0x,09:21~09:30,4.993983152827908,938,-0.3610108303249149,928,931,933,,,1.504211793020449,3.790613718411562,2.8880866425992746,1.2033694344163681,close,930,166700.0,time_exit,-0.23000000000001053,930,166700.0,time_exit,-0.23000000000001053
2026-01-19,2,opening_rebreak_v1,baseline,27,Top21~50,0004V0,엔비알모션,2.1479713603818507,False,2~3%,0.6756756756756757,0.5~0.7%,920,22850.0,3.117260702654513,2.0x+,3.245615021190275,2.0x+,09:11~09:20,7.658643326039383,950,-5.251641137855579,929,938,939,921,921,-3.938730853391681,-4.37636761487965,2.844638949671774,6.5645514223194645,close,921,22350.0,stop,-3.5122757111597376,921,22621.5,stop,-2.3240919037199133
2026-01-19,2,opening_rebreak_v1,baseline,43,Top21~50,108490,로보티즈,2.3300970873786353,False,2~3%,0.3766478342749529,0.3~0.5%,916,268500.0,1.7395041322314049,1.5~2.0x,1.7658104329078723,1.5~2.0x,09:11~09:20,4.096834264432037,934,-0.18621973929237035,917,920,925,,,0.9310986964618184,1.3035381750465591,3.165735567970196,0.7448789571694592,close,924,273250.0,take_profit,0.6079888268156433,920,272527.5,take_profit,0.33890130353816517
2026-01-19,2,opening_rebreak_v1,baseline,81,Top51~100,388720,유일로보틱스,4.938271604938271,False,4~5%,0.5313496280552604,0.5~0.7%,909,95200.0,2.074898352236251,2.0x+,2.106422510758496,2.0x+,09:03~09:10,7.983193277310918,927,-0.9453781512605008,912,913,913,,,2.626050420168058,3.4663865546218586,6.512605042016806,4.4117647058823595,close,913,97800.0,take_profit,1.9758823529411669,913,96627.99999999999,take_profit,0.7447899159663768
2026-01-19,2,opening_rebreak_v1,baseline,86,Top51~100,160190,하이젠알앤엠,4.020100502512558,False,4~5%,0.47694753577106513,0.3~0.5%,921,63500.0,1.9720950834194597,1.5~2.0x,2.000447888133158,2.0x+,09:21~09:30,1.1023622047244164,922,-1.5748031496062964,927,922,,925,,-1.2598425196850394,-0.6299212598425252,0.47244094488188004,0.6299212598425141,close,926,62700.0,stop,-2.277244094488189,925,62865.0,stop,-2.0174015748031504
2026-01-19,2,opening_rebreak_v1,baseline,90,Top51~100,101490,에스앤에스텍,4.391891891891886,False,4~5%,0.46801872074883,0.3~0.5%,911,64500.0,1.3172458172458172,1.0~1.5x,1.3316983575604264,1.2~1.5x,09:11~09:20,3.56589147286821,934,-2.170542635658912,924,913,915,924,924,1.5503875968992276,-0.7751937984496138,1.240310077519391,1.240310077519391,close,913,65500.0,take_profit,0.5451937984496151,913,65467.49999999999,take_profit,0.4948062015503778
2026-01-19,2,opening_rebreak_v1,baseline,92,Top51~100,053700,삼보모터스,2.41837968561065,False,2~3%,0.33975084937712347,0.3~0.5%,905,8850.0,1.5039373398973235,1.5~2.0x,1.5124824384194673,1.5~2.0x,09:03~09:10,12.881355932203387,915,-1.016949152542368,906,907,907,906,,4.632768361581929,9.830508474576272,7.457627118644061,4.85875706214689,close,907,9130.0,take_profit,2.368870056497177,906,8761.5,stop,-1.7949717514124304
2026-01-22,2,opening_rebreak_v1,baseline,4,Top1~20,006400,삼성SDI,2.777777777777768,False,2~3%,0.7215007215007215,0.7~1.0%,920,349500.0,1.7217873292167063,1.5~2.0x,1.7493159057012757,1.5~2.0x,09:11~09:20,6.7238912732475065,945,-0.5722460658083017,924,925,929,,,1.2875536480686733,2.145922746781115,4.7210300429184615,4.00572246065809,close,927,355000.0,take_profit,0.6283690987124412,926,354742.49999999994,take_profit,0.5546924177396183
2026-01-22,2,opening_rebreak_v1,baseline,6,Top1~20,034020,두산에너빌리티,3.066812705366928,False,3~4%,0.31645569620253167,0.3~0.5%,924,95000.0,1.653246421992348,1.5~2.0x,1.6610023962671587,1.5~2.0x,09:21~09:30,0.7368421052631469,925,-2.210526315789474,954,,,934,952,0.0,-0.9473684210526301,-1.2631578947368438,-2.1052631578947323,close,930,94600.0,time_exit,-1.1773684210526283,930,94600.0,time_exit,-1.1773684210526283
2026-01-22,2,opening_rebreak_v1,baseline,14,Top1~20,457190,이수스페셜티케미컬,5.795454545454537,False,5~7%,0.40404040404040403,0.3~0.5%,910,100100.0,1.696304901478933,1.5~2.0x,1.7221107569781053,1.5~2.0x,09:03~09:10,11.78821178821179,931,-1.1988011988012026,920,911,911,920,,2.2977022977022976,0.7992007992007943,9.990009990009984,8.191808191808182,close,911,102400.0,take_profit,1.5682017982017982,911,101601.49999999999,take_profit,0.7704995004994907
2026-01-22,2,opening_rebreak_v1,baseline,15,Top1~20,298830,슈어소프트테크,2.232667450058745,False,2~3%,0.3271537622682661,0.3~0.5%,912,9260.0,3.3980098728558685,2.0x+,3.442622693943692,2.0x+,09:11~09:20,1.8358531317494542,917,-3.347732181425489,941,913,,915,924,1.5118790496760237,-0.2159827213822907,-2.2678185745140356,-2.3758099352051865,close,917,9400.0,take_profit,0.7419222462203002,913,9398.9,take_profit,0.7300431965442667
2026-01-22,2,opening_rebreak_v1,baseline,21,Top21~50,000150,두산,6.060606060606055,False,5~7%,0.32537960954446854,0.3~0.5%,909,924000.0,1.2907146876758582,1.0~1.5x,1.297737074442321,1.2~1.5x,09:03~09:10,0.0,910,-4.870129870129869,938,,,910,914,-2.164502164502169,-1.1904761904761862,-1.9480519480519431,-4.2207792207792245,close,911,911000.0,stop,-2.1780519480519533,910,914760.0,stop,-1.771125541125542
2026-01-22,2,opening_rebreak_v1,baseline,51,Top51~100,018880,한온시스템,2.4615384615384706,False,2~3%,0.42796005706134094,0.3~0.5%,927,3565.0,2.2375750082347943,2.0x+,2.2856604310478628,2.0x+,09:21~09:30,4.768583450210384,933,-2.805049088359046,956,929,929,941,955,-0.7012622720897643,0.5610098176718203,-0.28050490883591017,-2.244039270687237,close,929,3640.0,take_profit,1.1725245441795202,929,3618.4749999999995,take_profit,0.5687377279102287
2026-01-22,2,opening_rebreak_v1,baseline,53,Top51~100,098460,고영,5.507745266781416,False,5~7%,0.3179650238473768,0.3~0.5%,905,31750.0,2.2389661648619303,2.0x+,2.2675335162477284,2.0x+,09:03~09:10,0.15748031496063408,906,-5.98425196850394,915,,,906,907,-4.251968503937009,-5.1968503937007915,-4.881889763779523,-5.826771653543306,close,906,31350.0,stop,-2.277244094488189,906,31432.5,stop,-2.0174015748031504
2026-01-22,2,opening_rebreak_v1,baseline,70,Top51~100,0015S0,페스카로,5.393258426966296,False,5~7%,0.9221311475409836,0.7~1.0%,908,19680.0,2.3052598784983642,2.0x+,2.345786680912503,2.0x+,09:03~09:10,5.182926829268286,925,-0.10162601626015899,909,909,909,,,2.1341463414634054,3.658536585365857,1.2703252032520318,1.1686991869918728,close,909,20150.0,take_profit,1.9041463414634188,909,19975.199999999997,take_profit,1.0159349593495839
2026-01-22,2,opening_rebreak_v1,baseline,72,Top51~100,222080,씨아이에스,2.672292545710264,False,2~3%,0.5376344086021506,0.5~0.7%,911,7490.0,1.9866840513773685,1.5~2.0x,2.0079504359858547,2.0x+,09:11~09:20,13.484646194926576,941,-0.2670226969292422,913,915,916,,,1.3351134846461887,1.2016021361815676,3.8718291054739673,13.484646194926576,close,922,7610.0,take_profit,0.7045794392523335,916,7602.349999999999,take_profit,0.6024432576768928
2026-01-22,2,opening_rebreak_v1,baseline,85,Top51~100,083650,비에이치아이,2.8846153846153744,False,2~3%,0.6134969325153374,0.5~0.7%,909,66200.0,2.689066130754255,2.0x+,2.747163238517464,2.0x+,09:03~09:10,2.4169184290030232,922,-2.4169184290030232,911,920,922,910,911,-1.963746223564955,0.30211480362538623,0.0,-1.8126888217522619,close,910,65100.0,stop,-2.646918429003024,910,65538.0,stop,-1.9852870090634451
2026-01-22,2,opening_rebreak_v1,baseline,91,Top51~100,020150,롯데에너지머티리얼즈,2.391629297458886,False,2~3%,0.6906077348066298,0.5~0.7%,917,36900.0,2.331568960351543,2.0x+,2.3931820483163264,2.0x+,09:11~09:20,8.536585365853666,935,-1.0840108401083959,918,918,919,918,,5.555555555555558,5.1490514905149,5.962059620596216,5.691056910569103,close,919,37650.0,take_profit,1.1250135501354959,918,36531.0,stop,-1.9075067750677515
2026-01-23,2,opening_rebreak_v1,baseline,34,Top21~50,464080,에스오에스랩,5.405405405405395,False,5~7%,0.7345225603357817,0.7~1.0%,909,25100.0,2.39598853117922,2.0x+,2.542888462266318,2.0x+,09:03~09:10,14.342629482071722,937,-0.5976095617529875,910,910,910,,,11.553784860557759,6.573705179282863,8.565737051792821,10.55776892430278,close,910,25700.0,take_profit,1.16442231075697,910,25476.499999999996,take_profit,0.27398406374501016
2026-01-23,2,opening_rebreak_v1,baseline,36,Top21~50,352820,하이브,3.7991858887381325,False,3~4%,0.38809831824062097,0.3~0.5%,913,387000.0,2.471876555500249,2.0x+,2.4847174726716785,2.0x+,09:11~09:20,0.25839793281654533,914,-2.454780361757103,940,,,916,934,-0.7751937984496138,-1.1627906976744207,-1.6795865633074891,-1.9379844961240345,close,917,383000.0,stop,-1.9095865633074918,916,383130.0,stop,-1.8759948320413447
2026-01-23,2,opening_rebreak_v1,baseline,89,Top51~100,071050,한국금융지주,2.036441586280824,False,2~3%,0.8799171842650104,0.7~1.0%,921,193500.0,1.5457735247208932,1.5~2.0x,1.5528967198093402,1.5~2.0x,09:21~09:30,2.84237726098191,950,-0.20671834625323182,922,940,943,,,0.10335917312660481,0.41343669250646364,1.2919896640826822,2.739018087855305,close,930,194500.0,time_exit,0.028397932816530913,930,194500.0,time_exit,0.028397932816530913
2026-01-26,2,opening_rebreak_v1,baseline,5,Top1~20,086520,에코프로,3.116147308781869,False,3~4%,0.45045045045045046,0.3~0.5%,917,112100.0,1.5795701307334367,1.5~2.0x,1.5978348982442965,1.5~2.0x,09:11~09:20,4.281891168599472,939,-1.1596788581623496,922,933,935,922,,-0.8920606601248937,-0.8920606601248937,3.479036574487071,2.943800178412137,close,930,113000.0,time_exit,0.12682426404995673,922,110979.0,stop,-1.6760303300624453
2026-01-26,2,opening_rebreak_v1,baseline,8,Top1~20,298380,에이비엘바이오,2.777777777777768,False,2~3%,0.7009345794392523,0.7~1.0%,912,214500.0,1.2052430886558627,1.0~1.5x,1.2165865530196827,1.2~1.5x,09:11~09:20,6.2937062937062915,926,-1.3986013986013957,913,915,919,913,,0.6993006993007089,5.128205128205132,2.564102564102555,4.66200466200466,close,918,218000.0,take_profit,0.23620046620046642,913,212355.0,stop,-2.3955011655011664
2026-01-26,2,opening_rebreak_v1,baseline,9,Top1~20,247540,에코프로비엠,2.696500286861725,False,2~3%,0.5451130943477756,0.5~0.7%,910,182482.0,3.4573116422793784,2.0x+,3.5249925681135874,2.0x+,09:03~09:10,4.746221545138707,937,-0.7014390460428954,911,914,916,,,0.8625508269308746,1.7799015793338535,2.3728367729419997,3.6677590118477488,close,916,187501.0,take_profit,2.246408632084263,915,185219.22999999998,take_profit,0.9960003726394834
2026-01-26,2,opening_rebreak_v1,baseline,24,Top21~50,000250,삼천당제약,2.2222222222222143,False,2~3%,0.5361930294906166,0.5~0.7%,919,377500.0,1.7343659244917715,1.5~2.0x,1.7647523894761288,1.5~2.0x,09:11~09:20,3.576158940397356,947,-1.7218543046357615,930,920,939,928,,0.26490066225166586,-0.6622516556291425,2.384105960264904,3.0463576158940464,close,930,372000.0,stop,-2.3492052980132456,928,373725.0,stop,-1.89225165562914
2026-01-26,2,opening_rebreak_v1,baseline,41,Top21~50,347850,디앤디파마텍,3.6130536130536184,False,3~4%,0.547645125958379,0.5~0.7%,913,91400.0,1.289516129032258,1.0~1.5x,1.2980371607218986,1.2~1.5x,09:11~09:20,1.2035010940919078,938,-0.8752735229759279,920,926,,,,-0.4376367614879695,0.3282275711159688,0.4376367614879584,0.875273522975939,close,930,91700.0,time_exit,-0.4488183807439874,930,91700.0,time_exit,-0.4488183807439874
2026-01-26,2,opening_rebreak_v1,baseline,66,Top51~100,140410,메지온,3.386960203217604,False,3~4%,0.9273570324574961,0.7~1.0%,917,130100.0,2.2125743109349667,2.0x+,2.245365973889541,2.0x+,09:11~09:20,6.764027671022288,947,-0.1537279016141424,918,919,920,,,3.1514219830899304,2.3827824750192184,4.073789392774785,6.149116064565718,close,920,133100.0,take_profit,1.6915987701767787,920,132051.5,take_profit,0.8856802459646328
2026-01-26,2,opening_rebreak_v1,baseline,99,Top51~100,263750,펄어비스,4.664391353811159,False,4~5%,0.4123711340206186,0.3~0.5%,912,48750.0,1.9983473557692308,1.5~2.0x,2.0169654988354035,2.0x+,09:11~09:20,2.564102564102555,919,-1.1282051282051286,927,914,919,927,,0.8205128205128309,0.20512820512821328,1.1282051282051286,0.20512820512821328,close,919,49750.0,take_profit,1.3084615384615312,918,49481.24999999999,take_profit,0.7571794871794775
2026-01-27,2,opening_rebreak_v1,baseline,55,Top51~100,006220,제주은행,3.2499999999999973,False,3~4%,0.6369426751592357,0.5~0.7%,914,12630.0,5.58546511627907,2.0x+,5.652598110465116,2.0x+,09:11~09:20,2.2961203483768733,933,-1.9002375296912066,927,933,933,915,,-0.7917656373713333,-1.0292953285827355,0.7125890736342066,-0.23752969121140222,close,924,12500.0,stop,-1.6551781472684044,915,12503.7,stop,-1.6258828186856586
2026-01-27,2,opening_rebreak_v1,baseline,60,Top51~100,003530,한화투자증권,4.085257548845478,False,4~5%,0.33222591362126247,0.3~0.5%,906,6110.0,1.4947602992460967,1.0~1.5x,1.5221642380656084,1.5~2.0x,09:03~09:10,3.109656301145658,909,-2.6186579378068786,935,907,907,912,922,-0.6546644844517169,0.8183306055646433,-0.8183306055646433,-2.2913256955810146,close,907,6235.0,take_profit,0.9974959083469823,907,6201.65,take_profit,0.45166939443534204
2026-01-27,2,opening_rebreak_v1,baseline,91,Top51~100,049630,재영솔루텍,3.886925795053009,False,3~4%,0.3508771929824561,0.3~0.5%,906,28550.0,1.68182784272051,1.5~2.0x,1.6907107362560057,1.5~2.0x,09:03~09:10,0.17513134851139256,907,-5.604203152364273,936,,,907,907,-2.276707530647981,-2.4518388791593737,-1.7513134851138368,-5.078809106830118,close,907,27800.0,stop,-3.732626970227673,907,28264.5,stop,-2.105656742556919
2026-01-28,2,opening_rebreak_v1,baseline,11,Top1~20,373220,LG에너지솔루션,3.182374541003674,False,3~4%,0.6764374295377678,0.5~0.7%,913,446000.0,1.4691183982020635,1.0~1.5x,1.483187620245671,1.2~1.5x,09:11~09:20,2.0179372197309364,923,-2.4663677130044803,943,920,923,935,942,0.5605381165919354,1.905829596412567,-0.33632286995515237,-2.2421524663677084,close,920,453000.0,take_profit,0.7789686098654643,920,452689.99999999994,take_profit,0.709461883408062
2026-01-28,2,opening_rebreak_v1,baseline,44,Top21~50,222800,심텍,4.761904761904767,False,4~5%,0.34662045060658575,0.3~0.5%,908,57800.0,1.4684687283637203,1.0~1.5x,1.4761303043377918,1.2~1.5x,09:03~09:10,2.941176470588225,915,-3.633217993079585,933,909,913,920,922,1.903114186851207,-0.17301038062284002,-1.038062283737029,-2.595155709342556,close,913,58900.0,take_profit,0.8080622837370199,913,58666.99999999999,take_profit,0.40494809688580324
2026-01-28,2,opening_rebreak_v1,baseline,71,Top51~100,086960,MDS테크,2.70083102493075,False,2~3%,0.6681514476614699,0.5~0.7%,916,4081.0,1.776345251280907,1.5~2.0x,1.8059952592121031,1.5~2.0x,09:11~09:20,2.8179367802009248,919,-4.288164665523153,943,919,919,924,937,1.1026709139916768,2.0828228375398217,-0.9066405292820434,-2.6219063954913024,close,919,4194.0,take_profit,1.9263342318059227,919,4142.214999999999,take_profit,0.6574050477823965
2026-01-28,2,opening_rebreak_v1,baseline,72,Top51~100,012860,모베이스전자,5.42540073982738,False,5~7%,0.33333333333333337,0.3~0.5%,908,4600.0,1.3308720441162725,1.0~1.5x,1.364996968324382,1.2~1.5x,09:03~09:10,1.9565217391304346,909,-8.043478260869563,932,909,,909,909,-2.826086956521734,-3.804347826086951,-5.543478260869561,-5.760869565217385,close,910,4460.0,stop,-3.816956521739135,909,4554.0,stop,-1.773478260869566
2026-01-28,2,opening_rebreak_v1,baseline,78,Top51~100,214450,파마리서치,2.443991853360483,False,2~3%,0.3868471953578337,0.3~0.5%,920,518000.0,1.3819095477386936,1.0~1.5x,1.38995950626921,1.2~1.5x,09:11~09:20,0.38610038610038533,940,-1.737451737451734,950,,,928,,-0.38610038610038533,-0.9652509652509633,0.38610038610038533,-1.5444015444015413,close,930,513000.0,time_exit,-2.160501930501929,928,512820.0,stop,-2.195250965250966
2026-01-29,2,opening_rebreak_v1,baseline,41,Top21~50,010170,대한광통신,2.556390977443601,False,2~3%,0.5689900426742532,0.5~0.7%,907,3525.0,1.6902496171798609,1.5~2.0x,1.7047581975848383,1.5~2.0x,09:03~09:10,8.936170212765958,937,-2.553191489361706,920,908,911,909,919,1.2765957446808418,-0.14184397163120588,4.113475177304959,8.652482269503547,close,911,3620.0,take_profit,1.755815602836872,908,3577.8749999999995,take_profit,0.5607801418439619
2026-01-29,2,opening_rebreak_v1,baseline,50,Top21~50,232680,라온로보틱스,2.4390243902439046,False,2~3%,0.7042253521126761,0.7~1.0%,906,17070.0,1.5034643448402722,1.5~2.0x,1.5128610150813273,1.5~2.0x,09:03~09:10,1.698886936145283,921,-3.7492677211482084,933,921,,910,911,-2.1675454012888062,-1.991798476859985,0.11716461628588082,-1.8746338605741042,close,910,16840.0,stop,-1.8703046280023448,910,16899.3,stop,-1.5229115407147051
2026-01-29,2,opening_rebreak_v1,baseline,74,Top51~100,060250,NHN KCP,2.0930232558139528,False,2~3%,0.4524886877828055,0.3~0.5%,908,22250.0,1.3312845088030003,1.0~1.5x,1.345086994625988,1.2~1.5x,09:03~09:10,0.44943820224718767,909,-6.516853932584265,933,,,911,912,-1.7977528089887618,-2.696629213483148,-0.8988764044943864,-1.1235955056179803,close,911,21950.0,stop,-2.7019101123595517,911,22027.5,stop,-2.3535955056179785
2026-01-30,2,opening_rebreak_v1,baseline,14,Top1~20,038500,삼표시멘트,3.4848484848484906,False,3~4%,0.43478260869565216,0.3~0.5%,919,7210.0,9.402371088565552,2.0x+,9.996331399408536,2.0x+,09:11~09:20,0.6934812760055475,920,-5.131761442441052,940,,,920,924,-1.8030513176144236,-1.2482662968099856,-3.328710124826628,-2.9126213592232997,close,923,7130.0,stop,-2.033051317614424,920,7137.9,stop,-1.9234812760055489
2026-01-30,2,opening_rebreak_v1,baseline,31,Top21~50,027360,아주IB투자,3.5476718403547602,False,3~4%,0.3115264797507788,0.3~0.5%,924,4825.0,1.628927533270459,1.5~2.0x,1.683370711285264,1.5~2.0x,09:21~09:30,0.31088082901553626,925,-7.564766839378234,944,,,925,926,-2.2797927461139844,-3.1088082901554404,-7.253886010362698,-4.870466321243527,close,926,4775.0,stop,-1.784404145077724,925,4776.75,stop,-1.7481347150259077
2026-01-30,2,opening_rebreak_v1,baseline,50,Top21~50,478340,나라스페이스테크놀로지,4.444444444444451,False,4~5%,0.6462035541195477,0.5~0.7%,920,62200.0,1.577644005479057,1.5~2.0x,1.5956009291186561,1.5~2.0x,09:11~09:20,0.8038585209003246,922,-5.1446945337620615,941,,,921,926,-1.9292604501607746,-2.893890675241162,-4.5016077170418,-3.2154340836012874,close,924,61500.0,stop,-2.1592604501607715,921,61578.0,stop,-2.0338585209003224
2026-01-30,2,opening_rebreak_v1,baseline,79,Top51~100,103140,풍산,6.872586872586872,False,5~7%,0.4313443565780014,0.3~0.5%,924,139700.0,1.3347183530856037,1.0~1.5x,1.3474916927407163,1.2~1.5x,09:21~09:30,0.21474588403722628,925,-5.010737294201862,945,,,927,931,-1.5032211882605617,-1.8611309949892574,-4.366499642090194,-4.366499642090194,close,927,138100.0,stop,-1.7332211882605595,927,138303.0,stop,-1.5879098067287054
2026-02-02,2,opening_rebreak_v1,baseline,13,Top1~20,009150,삼성전기,3.584229390680993,False,3~4%,0.684931506849315,0.5~0.7%,924,293000.0,2.068946535470997,2.0x+,2.083763029396568,2.0x+,09:21~09:30,2.3890784982935065,930,-0.34129692832765013,926,929,930,,,1.5358361774743923,2.3890784982935065,-0.34129692832765013,1.5358361774743923,close,929,297500.0,take_profit,0.4525938566552796,929,297395.0,take_profit,0.4167576791808776
2026-02-02,2,opening_rebreak_v1,baseline,98,Top51~100,060280,큐렉소,5.9001512859303995,False,5~7%,0.6864988558352403,0.5~0.7%,916,22100.0,2.8527498017277404,2.0x+,2.9162451542350207,2.0x+,09:11~09:20,2.036199095022617,917,-5.429864253393668,940,917,917,920,921,-2.0361990950226283,-2.26244343891403,-4.298642533936647,-4.751131221719462,close,921,21650.0,stop,-3.397420814479642,917,22431.499999999996,take_profit,0.1387782805429767
2026-02-03,2,opening_rebreak_v1,baseline,3,Top1~20,272210,한화시스템,4.305705059203446,False,4~5%,0.4012036108324975,0.3~0.5%,910,100200.0,1.2323840849926124,1.0~1.5x,1.2435537292674699,1.2~1.5x,09:03~09:10,6.287425149700598,924,-0.09980039920159944,911,912,912,,,3.6926147704590795,3.4930139720558806,4.590818363273463,4.091816367265477,close,912,102800.0,take_profit,1.865808383233535,912,101702.99999999999,take_profit,0.7709980039920062
2026-02-03,2,opening_rebreak_v1,baseline,17,Top1~20,277810,레인보우로보틱스,4.35393258426966,False,4~5%,0.3870967741935484,0.3~0.5%,930,777000.0,1.932456362256514,1.5~2.0x,1.9449722713384863,1.5~2.0x,09:21~09:30,0.9009009009008917,932,-2.5740025740025763,951,,,938,947,0.2574002574002643,-1.5444015444015413,-2.316602316602312,-1.158301158301156,close,930,777000.0,time_exit,-0.8735006435006435,930,777000.0,time_exit,-0.8735006435006435
2026-02-03,2,opening_rebreak_v1,baseline,22,Top21~50,012450,한화에어로스페이스,3.3091202582727908,False,3~4%,0.539291217257319,0.5~0.7%,926,1300000.0,1.5445627802690585,1.5~2.0x,1.5513909204988756,1.5~2.0x,09:21~09:30,0.2307692307692344,933,-1.3076923076923097,952,,,950,,0.07692307692308553,-0.2307692307692344,0.0,-1.0769230769230753,close,930,1298000.0,time_exit,-0.7684615384615335,930,1298000.0,time_exit,-0.7684615384615335
2026-02-03,2,opening_rebreak_v1,baseline,35,Top21~50,000250,삼천당제약,5.603448275862077,False,5~7%,0.6048387096774194,0.5~0.7%,925,501000.0,2.3745063624396665,2.0x+,2.4130379058463953,2.0x+,09:21~09:30,4.191616766467066,951,-1.2974051896207595,932,940,942,931,,-0.4990019960079861,-0.7984031936127733,1.9960079840319445,3.1936127744510934,close,930,498500.0,time_exit,-1.727005988023954,930,498500.0,time_exit,-1.727005988023954
2026-02-03,2,opening_rebreak_v1,baseline,36,Top21~50,047810,한국항공우주,2.187500000000009,False,2~3%,0.3338391502276176,0.3~0.5%,924,165000.0,1.3233146364694677,1.0~1.5x,1.3276496574022183,1.2~1.5x,09:21~09:30,0.1818181818181719,925,-1.8181818181818188,951,,,936,,-0.48484848484848797,-0.9090909090909038,-1.5757575757575748,-0.787878787878793,close,930,163700.0,time_exit,-1.3209090909090961,930,163700.0,time_exit,-1.3209090909090961
2026-02-03,2,opening_rebreak_v1,baseline,40,Top21~50,474170,루미르,3.075170842824604,False,3~4%,0.9204114780725501,0.7~1.0%,909,18560.0,1.330017013939223,1.0~1.5x,1.352689707605275,1.2~1.5x,09:03~09:10,8.836206896551735,939,-0.7004310344827624,911,912,915,,,0.5387931034482651,1.400862068965525,3.9870689655172376,8.836206896551735,close,915,19040.0,take_profit,2.086810344827597,915,18838.399999999998,take_profit,1.0006034482758523
2026-02-03,2,opening_rebreak_v1,baseline,41,Top21~50,038500,삼표시멘트,6.043956043956045,False,5~7%,0.9708737864077669,0.7~1.0%,921,14190.0,1.9306979969069427,1.5~2.0x,2.079821593085205,2.0x+,09:21~09:30,0.0,922,0.0,922,,,,,0.0,0.0,0.0,0.0,close,930,14190.0,time_exit,-0.5823608174770966,930,14190.0,time_exit,-0.5823608174770966
2026-02-03,2,opening_rebreak_v1,baseline,42,Top21~50,000720,현대건설,2.1255060728744946,False,2~3%,0.3795066413662239,0.3~0.5%,923,106500.0,1.271492997863755,1.0~1.5x,1.289657183547523,1.2~1.5x,09:21~09:30,0.28169014084507005,925,-1.0328638497652531,931,,,931,,-0.6572769953051671,-0.09389671361502705,-0.187793427230043,-0.6572769953051671,close,930,105500.0,time_exit,-1.6384507042253547,930,105500.0,time_exit,-1.6384507042253547
2026-02-03,2,opening_rebreak_v1,baseline,45,Top21~50,267260,HD현대일렉트릭,3.5885167464114742,False,3~4%,0.3401360544217687,0.3~0.5%,923,883000.0,6.484729064039409,2.0x+,6.505721702395358,2.0x+,09:21~09:30,0.5096262740656776,925,-0.9060022650056676,930,,,,,-0.5662514156285381,-0.22650056625141968,-0.11325028312570984,0.3397508493771184,close,930,876000.0,time_exit,-1.5890033975084967,930,876000.0,time_exit,-1.5890033975084967
2026-02-03,2,opening_rebreak_v1,baseline,47,Top21~50,464490,쿼드메디슨,2.6000000000000023,False,2~3%,0.8573178199632578,0.7~1.0%,906,16520.0,1.5477327351385997,1.5~2.0x,1.5737290709478158,1.5~2.0x,09:03~09:10,0.6053268765133124,907,-5.387409200968518,935,,,907,907,-2.0581113801452777,-2.8450363196125927,-3.087167070217922,-4.47941888619855,close,907,16180.0,stop,-2.590774818401936,907,16354.8,stop,-1.5326634382566595
2026-02-03,2,opening_rebreak_v1,baseline,48,Top21~50,489790,한화비전,4.7451669595782064,False,4~5%,0.49504950495049505,0.3~0.5%,908,61000.0,1.259820939155856,1.0~1.5x,1.2744457261775657,1.2~1.5x,09:03~09:10,0.6557377049180246,917,-1.967213114754096,932,,,910,,-0.983606557377048,0.3278688524590123,-0.983606557377048,-1.4754098360655776,close,910,60300.0,stop,-2.197213114754095,910,60390.0,stop,-2.049672131147542
2026-02-03,2,opening_rebreak_v1,baseline,55,Top51~100,105560,KB금융,3.2161555721765156,False,3~4%,0.5043227665706052,0.5~0.7%,923,139200.0,2.235548324775027,2.0x+,2.25855170349947,2.0x+,09:21~09:30,0.07183908045977905,924,-1.4367816091954033,950,,,928,,-1.0057471264367845,-0.5028735632183867,-0.6465517241379337,-1.2931034482758674,close,928,137800.0,stop,-1.5949425287356351,928,137808.0,stop,-1.5891954022988515
2026-02-03,2,opening_rebreak_v1,baseline,58,Top51~100,003530,한화투자증권,2.975206611570247,False,2~3%,0.625,0.5~0.7%,917,6470.0,3.221466672095769,2.0x+,3.2771838629653502,2.0x+,09:11~09:20,3.7094281298299947,946,-1.7001545595054068,929,922,945,927,,0.9273570324574987,-0.9273570324574987,0.0,3.2457496136012454,close,928,6380.0,stop,-2.3938330757341615,927,6405.3,stop,-2.0027975270479144
2026-02-03,2,opening_rebreak_v1,baseline,69,Top51~100,028260,삼성물산,3.264604810996574,False,3~4%,0.3289473684210526,0.3~0.5%,910,305500.0,2.9336683417085427,2.0x+,2.957873526046072,2.0x+,09:03~09:10,0.49099836333879043,925,-1.1456628477905073,913,,,913,,-0.8183306055646433,-0.16366612111292644,-0.327332242225864,0.0,close,930,304500.0,time_exit,-1.3756628477905122,913,302445.0,stop,-2.048330605564649
2026-02-03,2,opening_rebreak_v1,baseline,74,Top51~100,000880,한화,3.0442804428044257,False,3~4%,0.3467832243615215,0.3~0.5%,913,138775.0,1.4213882310074695,1.0~1.5x,1.430044236474148,1.2~1.5x,09:11~09:20,2.4226265537740987,925,-0.6052963430012603,915,922,925,,,0.34588362457215194,1.3842550891731253,1.2977841830300818,1.0383714646009734,close,924,140936.0,take_profit,0.9669014591965348,924,140856.625,take_profit,0.9097045577373348
2026-02-03,2,opening_rebreak_v1,baseline,79,Top51~100,108490,로보티즈,5.040650406504055,False,5~7%,0.3048780487804878,0.3~0.5%,929,329000.0,2.103144354454502,2.0x+,2.1160076226774653,2.0x+,09:21~09:30,0.6079027355623046,930,-2.4316109422492405,949,,,933,946,-0.6838905775075954,-0.6079027355623046,-2.2796352583586588,-1.2158054711246202,close,930,330500.0,time_exit,-0.5339513677811647,930,330500.0,time_exit,-0.5339513677811647
2026-02-03,2,opening_rebreak_v1,baseline,91,Top51~100,039490,키움증권,3.237410071942448,False,3~4%,0.8948545861297539,0.7~1.0%,917,447500.0,1.6401468788249693,1.5~2.0x,1.6568075130342523,1.5~2.0x,09:11~09:20,2.346368715083802,947,-1.6759776536312887,930,945,946,928,,-0.22346368715083775,-0.7821229050279377,-0.4469273743016755,1.8994413407821265,close,928,442500.0,stop,-1.9059776536312838,928,443025.0,stop,-1.788659217877096
2026-02-03,2,opening_rebreak_v1,baseline,96,Top51~100,417010,나노팀,3.754940711462451,False,3~4%,0.36900369003690037,0.3~0.5%,909,10870.0,1.3656479048541004,1.0~1.5x,1.3744993264596361,1.2~1.5x,09:03~09:10,9.475620975160993,934,-0.36798528058877844,910,910,910,,,3.219871205151792,3.0358785648574083,6.0717571297148165,6.2557497700092,close,912,11040.0,take_profit,0.8739558417663239,910,11033.05,take_profit,0.8100183992640196
2026-02-04,2,opening_rebreak_v1,baseline,15,Top1~20,015760,한국전력,3.1932773109243806,False,3~4%,0.6359300476947536,0.5~0.7%,922,63100.0,1.9518447731427622,1.5~2.0x,1.9705824829649328,1.5~2.0x,09:21~09:30,1.4263074484944571,944,-0.9508716323296307,928,943,,,,-0.15847860538826808,0.0,0.47543581616482644,1.4263074484944571,close,930,63200.0,time_exit,-0.863914421553095,930,63200.0,time_exit,-0.863914421553095
2026-02-04,2,opening_rebreak_v1,baseline,18,Top1~20,052690,한전기술,6.0560181680545,False,5~7%,0.337609723160027,0.3~0.5%,922,149900.0,1.9746239198580267,1.5~2.0x,2.013881063113776,2.0x+,09:21~09:30,1.2675116744496284,925,-4.402935290193466,941,925,,923,925,-2.2681787858572333,-1.867911941294198,-3.1354236157438264,-1.1340893929286167,close,924,147200.0,stop,-2.3647565043362215,923,148401.0,stop,-1.5635557038025358
2026-02-04,2,opening_rebreak_v1,baseline,46,Top21~50,018880,한온시스템,3.834808259587019,False,3~4%,0.6906077348066298,0.5~0.7%,913,3740.0,1.6910645671664282,1.5~2.0x,1.759271622031277,1.5~2.0x,09:11~09:20,1.0695187165775444,942,-3.074866310160429,928,942,,914,918,-0.8021390374331583,-2.2727272727272707,-0.9358288770053513,-0.13368983957219305,close,919,3685.0,stop,-2.369037433155075,914,3702.6,stop,-1.8984491978609634
2026-02-04,2,opening_rebreak_v1,baseline,59,Top51~100,009070,KCTC,4.215116279069764,False,4~5%,0.8883248730964468,0.7~1.0%,910,8200.0,1.605652565726749,1.5~2.0x,1.6858323993545894,1.5~2.0x,09:03~09:10,0.24390243902439046,911,-9.999999999999998,928,,,911,911,-7.073170731707313,-8.41463414634146,-8.41463414634146,-2.5609756097561,close,911,7970.0,stop,-3.644634146341466,911,8118.0,stop,-1.8397560975609766
2026-02-04,2,opening_rebreak_v1,baseline,73,Top51~100,012210,삼미금속,2.5139664804469275,False,2~3%,0.32449972958355866,0.3~0.5%,913,18890.0,2.5186066073034197,2.0x+,2.581469278999544,2.0x+,09:11~09:20,6.67019587083113,928,-2.805717310746425,919,926,926,915,917,-2.1704605611434613,-1.5881418740074094,4.55267337215457,-0.10587612493382359,close,917,18410.0,stop,-3.0357173107464237,915,18701.1,stop,-1.4946903123345807
2026-02-04,2,opening_rebreak_v1,baseline,95,Top51~100,047040,대우건설,3.7109375,False,3~4%,0.7233273056057866,0.7~1.0%,911,5620.0,1.245906967816239,1.0~1.5x,1.275409318602416,1.2~1.5x,09:11~09:20,1.7793594306049876,934,-2.491103202846978,923,918,,913,922,-0.7117437722419906,-1.6014234875444844,-0.5338078291814985,0.5338078291814874,close,913,5550.0,stop,-2.36523131672598,913,5563.8,stop,-2.1196797153024924
2026-02-05,2,opening_rebreak_v1,baseline,10,Top1~20,323410,카카오뱅크,2.0000000000000018,False,2~3%,0.4770992366412214,0.3~0.5%,908,26600.0,2.3340739415735414,2.0x+,2.38106871892066,2.0x+,09:03~09:10,6.766917293233088,937,-0.9398496240601517,909,910,919,,,0.7518796992481258,1.3157894736842035,2.819548872180455,5.827067669172936,close,921,27150.0,take_profit,0.897819548872179,918,26998.999999999996,take_profit,0.33015037593983987
2026-02-05,2,opening_rebreak_v1,baseline,11,Top1~20,278470,에이피알,2.840909090909083,False,2~3%,0.34843205574912894,0.3~0.5%,914,290500.0,1.4297661452687007,1.0~1.5x,1.452262465736215,1.2~1.5x,09:11~09:20,2.5817555938037806,935,-2.065404475043031,921,916,934,919,921,-0.8605851979345935,-0.5163511187607606,2.06540447504302,-0.688468158347677,close,921,286500.0,stop,-2.46752151462995,919,287595.0,stop,-2.0905851979345966
2026-02-05,2,opening_rebreak_v1,baseline,34,Top21~50,098460,고영,5.473372781065078,False,5~7%,0.547945205479452,0.5~0.7%,906,37300.0,3.4662566339839884,2.0x+,3.5617457974546216,2.0x+,09:03~09:10,0.40214477211795163,908,-7.506702412868638,921,,,907,909,-3.351206434316356,-5.227882037533515,-6.568364611260058,-5.898123324396787,close,907,36900.0,stop,-1.9726273458445047,907,36927.0,stop,-1.9002412868632717
2026-02-05,2,opening_rebreak_v1,baseline,72,Top51~100,000050,경방,4.7863247863247915,False,4~5%,0.47233468286099867,0.3~0.5%,913,15000.0,3.538286556993077,2.0x+,3.745178829902188,2.0x+,09:11~09:20,1.4000000000000012,914,-15.000000000000002,943,914,,914,914,-6.933333333333335,-9.533333333333339,-10.933333333333328,-14.333333333333332,close,914,14440.0,stop,-4.296666666666666,914,14850.0,stop,-1.5633333333333344
2026-02-09,2,opening_rebreak_v1,baseline,4,Top1~20,034020,두산에너빌리티,4.6067415730337125,False,4~5%,0.3125,0.3~0.5%,916,96400.0,1.962288356720399,1.5~2.0x,1.9766415630913945,1.5~2.0x,09:11~09:20,0.5186721991701226,918,-1.1410788381742698,939,,,927,,0.10373443983402453,-0.6224066390041472,-0.7261410788381717,-0.10373443983402453,close,930,95900.0,time_exit,-1.267344398340247,927,95436.0,stop,-1.7486721991701253
2026-02-09,2,opening_rebreak_v1,baseline,8,Top1~20,402340,SK스퀘어,6.6147859922178975,False,5~7%,0.5385996409335727,0.5~0.7%,915,558000.0,1.4415028747158711,1.0~1.5x,1.4516084897818147,1.2~1.5x,09:11~09:20,1.7921146953405076,940,-0.17921146953404632,916,920,,,,1.0752688172043001,0.7168458781362075,1.4336917562723928,1.0752688172043001,close,930,561000.0,time_exit,-0.5884229390681008,930,561000.0,time_exit,-0.5884229390681008
2026-02-09,2,opening_rebreak_v1,baseline,10,Top1~20,090430,아모레퍼시픽,6.3364894391842785,False,5~7%,0.4519044544867657,0.3~0.5%,921,155600.0,1.4015721255084557,1.0~1.5x,1.42423645106783,1.2~1.5x,09:21~09:30,4.755784061696655,941,-1.0925449871465265,925,930,933,925,,-0.3856041131105381,1.2210796915167021,4.24164524421593,2.185089974293053,close,930,157300.0,time_exit,0.5412082262210766,925,154044.0,stop,-1.5513367609254507
2026-02-09,2,opening_rebreak_v1,baseline,15,Top1~20,267260,HD현대일렉트릭,6.190476190476191,False,5~7%,0.33333333333333337,0.3~0.5%,906,909000.0,4.557806912991657,2.0x+,4.618780918516629,2.0x+,09:03~09:10,1.7601760176017667,928,-0.660066006600657,907,912,,,,0.5500550055005604,0.990099009900991,1.320132013201314,0.8800880088008833,close,928,925000.0,take_profit,0.9801210121012166,926,922634.9999999999,take_profit,0.7199449944994402
2026-02-09,2,opening_rebreak_v1,baseline,18,Top1~20,000720,현대건설,3.7523452157598447,False,3~4%,0.4484304932735426,0.3~0.5%,906,112100.0,1.9663926750598273,1.5~2.0x,1.985879449317177,1.5~2.0x,09:03~09:10,6.422836752899208,932,-0.4460303300624413,907,908,913,,,0.8920606601248826,4.906333630686888,4.549509366636939,5.35236396074934,close,913,114500.0,take_profit,1.4649152542372916,913,113781.49999999999,take_profit,0.823969669937546
2026-02-09,2,opening_rebreak_v1,baseline,20,Top1~20,234340,헥토파이낸셜,4.883227176220806,False,4~5%,0.9174311926605505,0.7~1.0%,921,28350.0,2.2511070960427957,2.0x+,2.3636624508449358,2.0x+,09:21~09:30,7.9365079365079305,927,-0.3527336860670194,922,922,923,,,5.64373897707231,4.056437389770728,2.2927689594356204,1.2345679012345734,close,923,29750.0,take_profit,3.8264373897707227,923,28775.249999999996,take_profit,0.3881657848324418
2026-02-09,2,opening_rebreak_v1,baseline,38,Top21~50,225190,LK삼양,2.7504911591355707,False,2~3%,0.3436426116838488,0.3~0.5%,912,14825.0,1.6717933692116231,1.5~2.0x,1.7506146035329577,1.5~2.0x,09:11~09:20,6.408094435075884,914,-3.204047217537942,942,913,914,913,918,-0.1686340640809414,2.866779089376048,0.1686340640809414,-2.6981450252951067,close,914,15650.0,take_profit,4.997655986509266,913,14676.75,stop,-1.5672681281618894
2026-02-09,2,opening_rebreak_v1,baseline,39,Top21~50,298040,효성중공업,3.9800995024875663,False,3~4%,0.34086067319982954,0.3~0.5%,912,2356000.0,1.6260504201680672,1.5~2.0x,1.6362681961464505,1.5~2.0x,09:11~09:20,1.2733446519524572,929,-0.38200339558573937,917,926,,,,-0.21222410865874286,0.38200339558573937,0.4668930390492321,0.339558573853993,close,930,2368000.0,time_exit,0.0671137521222348,930,2368000.0,time_exit,0.0671137521222348
2026-02-09,2,opening_rebreak_v1,baseline,41,Top21~50,011930,신성이엔지,2.947845804988658,False,2~3%,0.4048582995951417,0.3~0.5%,910,25350.0,2.018161692573221,2.0x+,2.0748260999465202,2.0x+,09:03~09:10,1.5779092702169706,911,-4.339250493096647,934,911,,913,913,-1.3806706114398382,-1.1834319526627168,-1.1834319526627168,-3.9447731755424043,close,911,25750.0,take_profit,0.36171597633136887,911,25730.249999999996,take_profit,0.2838067061143885
2026-02-09,2,opening_rebreak_v1,baseline,42,Top21~50,006910,보성파워텍,2.3622047244094446,False,2~3%,0.3807106598984772,0.3~0.5%,906,7950.0,2.2082206598161167,2.0x+,2.23635085930422,2.0x+,09:03~09:10,9.811320754716979,933,-0.12578616352201255,907,907,908,,,3.899371069182389,7.798742138364778,5.534591194968552,6.666666666666665,close,909,8130.0,take_profit,1.405220125786163,907,8069.249999999999,take_profit,0.6410691823899273
2026-02-09,2,opening_rebreak_v1,baseline,48,Top21~50,062040,산일전기,3.8596491228070073,False,3~4%,0.324254215304799,0.3~0.5%,922,154500.0,1.4933414970151537,1.0~1.5x,1.5011142569215437,1.5~2.0x,09:21~09:30,0.1941747572815622,929,-1.1650485436893177,947,,,947,,-0.3236245954692518,-0.3236245954692518,-0.06472491909385036,-0.45307443365695255,close,930,153700.0,time_exit,-1.0714239482200698,930,153700.0,time_exit,-1.0714239482200698
2026-02-09,2,opening_rebreak_v1,baseline,80,Top51~100,043260,성호전자,4.481132075471694,False,4~5%,0.8130081300813009,0.7~1.0%,925,24750.0,1.2569271290605795,1.0~1.5x,1.29604092015782,1.2~1.5x,09:21~09:30,7.676767676767682,953,-0.20202020202020332,926,926,926,,,2.2222222222222143,3.232323232323231,5.252525252525242,7.4747474747474785,close,926,25650.0,take_profit,2.3962626262626276,926,25121.249999999996,take_profit,0.2598989898989801
2026-02-09,2,opening_rebreak_v1,baseline,90,Top51~100,033100,제룡전기,4.6875,False,4~5%,0.8183306055646482,0.7~1.0%,911,61700.0,4.504299623338782,2.0x+,4.606454614793372,2.0x+,09:11~09:20,2.7552674230145957,919,-1.620745542949753,927,914,918,925,,0.8103727714748876,1.296596434359798,0.16207455429497752,-0.32414910858995505,close,918,62800.0,take_profit,0.7424473257698521,916,62625.49999999999,take_profit,0.45962722852511173
2026-02-09,2,opening_rebreak_v1,baseline,92,Top51~100,039490,키움증권,6.172839506172845,False,5~7%,0.6787330316742082,0.5~0.7%,926,444500.0,1.2545168892380205,1.0~1.5x,1.2702340712216402,1.2~1.5x,09:21~09:30,0.8998875140607376,952,-1.7997750281214864,929,,,929,,-0.5624296962879693,-0.4499437570303688,-0.11248593925758943,0.6749156355455588,close,929,439500.0,stop,-1.9172890888638916,929,440055.0,stop,-1.792429696287965
2026-02-10,2,opening_rebreak_v1,baseline,37,Top21~50,055550,신한지주,2.4625267665952855,False,2~3%,0.3115264797507788,0.3~0.5%,915,96900.0,1.824751789425075,1.5~2.0x,1.841858837450935,1.5~2.0x,09:11~09:20,0.6191950464396356,941,-0.9803921568627416,920,,,,,-0.515995872033026,-0.41279669762641635,-0.20639834881320818,0.6191950464396356,close,930,97300.0,time_exit,-0.3331991744066074,930,97300.0,time_exit,-0.3331991744066074
2026-02-10,2,opening_rebreak_v1,baseline,43,Top21~50,267320,나인테크,6.91823899371069,False,5~7%,0.6666666666666667,0.5~0.7%,910,3820.0,1.8162636999646453,1.5~2.0x,1.8583710239649847,1.5~2.0x,09:03~09:10,2.7486910994764413,929,-4.319371727748688,913,927,928,911,912,-3.0104712041884807,-1.2565445026177957,2.0942408376963373,-0.2617801047120394,close,912,3685.0,stop,-4.418481675392675,911,3781.8,stop,-1.8844502617800944
2026-02-11,2,opening_rebreak_v1,baseline,8,Top1~20,006910,보성파워텍,3.308823529411775,False,3~4%,0.6872852233676976,0.5~0.7%,915,8910.0,1.6181067992973897,1.5~2.0x,1.6628986830149646,1.5~2.0x,09:11~09:20,8.978675645342316,943,-4.8260381593714925,919,930,931,916,916,-3.367003367003363,-3.5914702581369196,3.703703703703698,5.499438832772174,close,916,8690.0,stop,-3.2603030303030303,916,8820.9,stop,-1.7911672278338955
2026-02-11,2,opening_rebreak_v1,baseline,29,Top21~50,389140,포바이포,2.036441586280824,False,2~3%,0.39603960396039606,0.3~0.5%,923,10300.0,1.1953328091031037,1.0~1.5x,1.2238496952049671,1.2~1.5x,09:21~09:30,7.087378640776709,930,-3.592233009708734,924,925,928,924,924,4.271844660194168,1.2621359223300876,-0.3883495145631022,-0.7766990291262155,close,924,10100.0,stop,-2.657184466019417,924,10197.0,stop,-1.7154368932038844
2026-02-11,2,opening_rebreak_v1,baseline,33,Top21~50,047040,대우건설,5.9490084985835745,False,5~7%,0.398406374501992,0.3~0.5%,913,7560.0,1.5907777544872033,1.5~2.0x,1.6035039765231007,1.5~2.0x,09:11~09:20,0.7936507936507908,916,-3.4391534391534417,942,,,917,918,-1.9841269841269882,-1.0582010582010581,-2.1164021164021163,-2.645502645502651,close,917,7450.0,stop,-2.346402116402115,917,7484.4,stop,-1.8913756613756623
2026-02-11,2,opening_rebreak_v1,baseline,50,Top21~50,0126Z0,삼성에피스홀딩스,2.764227642276418,False,2~3%,0.6201550387596899,0.5~0.7%,908,647000.0,1.5578606158833064,1.5~2.0x,1.5724427745343201,1.5~2.0x,09:03~09:10,0.15455950540959051,909,-3.4003091190108137,926,,,911,916,-1.081916537867078,-1.7001545595054068,-2.782071097372485,-2.3183925811437356,close,911,639000.0,stop,-2.239273570324571,911,640530.0,stop,-2.0027975270479144
2026-02-11,2,opening_rebreak_v1,baseline,52,Top51~100,128940,한미약품,2.538071065989844,False,2~3%,0.32102728731942215,0.3~0.5%,906,633000.0,2.592233009708738,2.0x+,2.6423244688335443,2.0x+,09:03~09:10,1.579778830963674,908,-1.579778830963663,933,908,,915,,0.3159557661927437,0.15797788309637184,-0.4739336492891044,-1.2638230647709303,close,930,628000.0,time_exit,-1.8097788309636695,908,642494.9999999999,take_profit,0.4801105845181577
2026-02-11,2,opening_rebreak_v1,baseline,65,Top51~100,052690,한전기술,2.945205479452051,False,2~3%,0.33025099075297226,0.3~0.5%,906,153300.0,1.6700011239743733,1.5~2.0x,1.696561778033608,1.5~2.0x,09:03~09:10,0.9784735812133016,907,-5.609915198956294,919,,,908,911,-2.022178734507507,-3.1963470319634757,-4.24005218525767,-4.370515329419444,close,908,150700.0,stop,-2.2521787345075017,908,151767.0,stop,-1.5561578604044366
2026-02-11,2,opening_rebreak_v1,baseline,78,Top51~100,046120,오르비텍,2.777777777777768,False,2~3%,0.9633911368015413,0.7~1.0%,912,5210.0,4.22515499127594,2.0x+,4.282696012557908,2.0x+,09:11~09:20,8.63723608445297,931,-2.303262955854124,919,914,927,913,919,-0.7677543186180413,0.19193857965451588,8.061420345489445,4.99040307101728,close,916,5150.0,stop,-2.3413243761996148,913,5157.9,stop,-2.1896928982725647
2026-02-11,2,opening_rebreak_v1,baseline,82,Top51~100,294630,서남,3.189792663476876,False,3~4%,0.872093023255814,0.7~1.0%,912,3530.0,2.211671984347439,2.0x+,2.3144628130475473,2.0x+,09:11~09:20,0.28328611898016387,913,-6.090651558073656,926,,,913,913,-4.532577903682721,-3.82436260623229,-4.674220963172804,-4.249291784702547,close,914,3415.0,stop,-4.196005665722376,913,3494.7,stop,-1.9382152974504259
2026-02-11,2,opening_rebreak_v1,baseline,98,Top51~100,036570,엔씨소프트,4.668304668304679,False,4~5%,0.6928406466512702,0.5~0.7%,913,218000.0,2.927019270192702,2.0x+,2.967861399544228,2.0x+,09:11~09:20,1.1467889908256979,914,-1.834862385321101,924,914,,918,,-1.0321100917431214,-0.917431192660545,-1.6055045871559592,-1.3761467889908285,close,918,215750.0,stop,-2.4088990825688095,918,215820.0,stop,-2.376788990825689
2026-02-12,2,opening_rebreak_v1,baseline,43,Top21~50,088350,한화생명,2.4676850763807323,False,2~3%,0.33003300330033003,0.3~0.5%,914,4610.0,4.64747696387814,2.0x+,4.778963156688469,2.0x+,09:11~09:20,3.3622559652928485,930,-4.013015184381774,922,915,930,915,917,-2.2776572668112838,-2.711496746203901,-0.10845986984815426,-0.4338394793926281,close,916,4530.0,stop,-2.5076572668112824,915,4563.9,stop,-1.772299349240793
2026-02-12,2,opening_rebreak_v1,baseline,54,Top51~100,489790,한화비전,2.368866328257191,False,2~3%,0.9708737864077669,0.7~1.0%,919,62000.0,1.7771596120592437,1.5~2.0x,1.7915879145845577,1.5~2.0x,09:11~09:20,4.8387096774193505,943,-0.4838709677419395,922,925,935,,,0.8064516129032251,0.967741935483879,4.0322580645161255,2.0967741935483897,close,930,62700.0,time_exit,0.09258064516128495,930,62700.0,time_exit,0.09258064516128495
2026-02-12,2,opening_rebreak_v1,baseline,59,Top51~100,250060,모비스,2.5390625,False,2~3%,0.5263157894736842,0.5~0.7%,917,5990.0,2.3207691036009135,2.0x+,2.45174725406869,2.0x+,09:11~09:20,0.33388981636059967,918,-7.679465776293826,927,,,918,920,-1.3355592654423987,-6.6777963272120155,-3.8397328881469073,-2.6711185308848084,close,920,5780.0,stop,-4.57056761268781,918,5930.1,stop,-2.0647245409014925
2026-02-12,2,opening_rebreak_v1,baseline,78,Top51~100,006260,LS,3.0042918454935563,False,3~4%,0.4098360655737705,0.3~0.5%,923,246000.0,4.647531014351739,2.0x+,4.692521041123791,2.0x+,09:21~09:30,3.0487804878048808,932,-0.40650406504064707,924,929,931,,,0.40650406504065817,2.4390243902439046,-0.20325203252032908,-0.20325203252032908,close,930,248000.0,time_exit,-0.43325203252033173,930,248000.0,time_exit,-0.43325203252033173
2026-02-12,2,opening_rebreak_v1,baseline,91,Top51~100,175330,JB금융지주,3.7617554858934144,False,3~4%,0.5970149253731344,0.5~0.7%,930,33600.0,3.21418779986292,2.0x+,3.2431444467085315,2.0x+,09:21~09:30,0.29761904761904656,943,-0.8928571428571397,931,,,,,-0.5952380952380931,-0.44642857142856984,-0.44642857142856984,-0.7440476190476164,close,930,33600.0,time_exit,-0.9740476190476189,930,33600.0,time_exit,-0.9740476190476189
2026-02-13,2,opening_rebreak_v1,baseline,4,Top1~20,006800,미래에셋증권,5.243445692883886,False,5~7%,0.7012721570285795,0.7~1.0%,921,57451.0,3.471644281753829,2.0x+,3.5203123103606253,2.0x+,09:21~09:30,3.811944091486663,941,-1.9059720457433316,928,937,937,922,,-0.8668256427216248,-1.0391464030217068,2.426415554124395,3.811944091486663,close,923,56555.0,stop,-2.6598967816051924,922,56876.49,stop,-2.1003068702024343
2026-02-13,2,opening_rebreak_v1,baseline,14,Top1~20,017670,SK텔레콤,4.10256410256411,False,4~5%,0.5903187721369539,0.5~0.7%,916,85400.0,1.2294805845131334,1.0~1.5x,1.2470028731285223,1.2~1.5x,09:11~09:20,3.74707259953162,926,-1.87353629976581,938,917,920,938,,0.936768149882905,3.3957845433255196,1.053864168618257,-0.4683840749414525,close,919,86900.0,take_profit,0.9409601873536207,919,86680.99999999999,take_profit,0.6845199063231752
2026-02-13,2,opening_rebreak_v1,baseline,18,Top1~20,004310,현대약품,3.125,False,3~4%,0.5826656955571741,0.5~0.7%,917,14030.0,4.959618536730741,2.0x+,5.097688503321047,2.0x+,09:11~09:20,11.332858161083404,943,-1.6393442622950838,922,918,918,919,,-1.5680684248039922,0.2138275124732747,5.773342836778328,7.840342124019961,close,918,14300.0,take_profit,1.3380684248039976,918,14240.449999999999,take_profit,0.9136208125445376
2026-02-13,2,opening_rebreak_v1,baseline,68,Top51~100,047770,코데즈컴바인,3.8798498122653235,False,3~4%,0.3541912632821724,0.3~0.5%,905,4285.0,2.184488051697019,2.0x+,2.218135379507518,2.0x+,09:03~09:10,14.23570595099184,934,-1.0501750291715295,909,906,906,909,,4.200700116686118,4.667444574095692,3.850641773628949,11.668611435239207,close,909,4355.0,take_profit,0.8201750291715251,906,4349.275,take_profit,0.6865694282380299
2026-02-19,2,opening_rebreak_v1,baseline,9,Top1~20,009150,삼성전기,5.977382875605808,False,5~7%,0.42979942693409745,0.3~0.5%,909,351500.0,2.418719991558065,2.0x+,2.4465613727558555,2.0x+,09:03~09:10,1.5647226173541862,914,-1.4224751066856278,912,913,,911,,0.8534850640113723,0.14224751066855834,-0.14224751066855834,0.0,close,911,347500.0,stop,-2.0792176386913277,911,347985.0,stop,-1.9412375533428174
2026-02-19,2,opening_rebreak_v1,baseline,13,Top1~20,042660,한화오션,3.2357473035439233,False,3~4%,0.361794500723589,0.3~0.5%,911,138800.0,2.119509740493135,2.0x+,2.1327040079470474,2.0x+,09:11~09:20,2.5936599423631135,926,-0.5763688760806907,912,925,926,,,0.0,0.0,1.729106628242083,1.9452449567723296,close,925,141100.0,take_profit,1.0668299711815465,925,140882.0,take_profit,0.909769452449558
2026-02-19,2,opening_rebreak_v1,baseline,24,Top21~50,000250,삼천당제약,2.0560747663551426,False,2~3%,0.718132854578097,0.7~1.0%,909,562000.0,2.6309121621621623,2.0x+,2.6649079529531394,2.0x+,09:03~09:10,2.6690391459074814,930,0.0,910,911,914,,,2.313167259786475,1.9572953736654908,2.0462633451957313,1.7793594306049876,close,914,575000.0,take_profit,1.1934875444839836,912,570430.0,take_profit,0.3803202846974989
2026-02-19,2,opening_rebreak_v1,baseline,34,Top21~50,005490,POSCO홀딩스,2.663115845539288,False,2~3%,0.6369426751592357,0.5~0.7%,928,393000.0,1.4147609840656044,1.0~1.5x,1.4195570950406502,1.2~1.5x,09:21~09:30,0.12722646310432406,929,-1.0178117048346036,944,,,944,,-0.31806615776081015,-0.6361323155216314,-0.7633587786259555,-0.8905852417302795,close,930,393500.0,time_exit,-0.7389058524173043,930,393500.0,time_exit,-0.7389058524173043
2026-02-19,2,opening_rebreak_v1,baseline,38,Top21~50,130660,한전산업,4.20560747663552,False,4~5%,0.6666666666666667,0.5~0.7%,907,22650.0,1.2214756612334592,1.0~1.5x,1.2378713076929688,1.2~1.5x,09:03~09:10,7.726269315673284,919,-0.22075055187638082,908,908,909,,,1.103752759381904,3.31125827814569,3.9735099337748325,1.5452538631346657,close,908,23050.0,take_profit,0.432251655629148,908,22989.749999999996,take_profit,0.1662472406180917
2026-02-19,2,opening_rebreak_v1,baseline,47,Top21~50,039490,키움증권,4.792332268370614,False,4~5%,0.5045408678102926,0.5~0.7%,908,499000.0,1.62002567394095,1.5~2.0x,1.6397420107434768,1.5~2.0x,09:03~09:10,3.4068136272545013,936,-1.3026052104208374,911,909,931,910,,0.0,1.4028056112224352,0.6012024048096087,3.006012024048088,close,910,493500.0,stop,-1.8332064128256467,910,494010.0,stop,-1.7310020040080167
2026-02-19,2,opening_rebreak_v1,baseline,49,Top21~50,016360,삼성증권,6.930693069306937,False,5~7%,0.7226738934056007,0.7~1.0%,920,113100.0,1.3085685628313513,1.0~1.5x,1.3466706501931376,1.2~1.5x,09:11~09:20,2.3872679045092937,936,-1.1494252873563204,926,932,935,926,,-0.5305039787798393,0.5305039787798504,1.5030946065428763,1.945181255526074,close,930,113700.0,time_exit,-0.14158267020335025,926,111969.0,stop,-1.6720866489832016
2026-02-19,2,opening_rebreak_v1,baseline,61,Top51~100,087010,펩트론,2.868852459016402,False,2~3%,0.3913894324853229,0.3~0.5%,918,258500.0,1.5838804618519358,1.5~2.0x,1.608774457323086,1.5~2.0x,09:11~09:20,4.255319148936176,945,-0.3868471953578312,921,920,928,,,-0.19342359767892114,1.1605415860735047,2.9013539651837617,4.061895551257244,close,929,262500.0,take_profit,0.3502707930367406,927,262377.5,take_profit,0.30288201160540607
2026-02-19,2,opening_rebreak_v1,baseline,62,Top51~100,010140,삼성중공업,2.3465703971119023,False,2~3%,0.34662045060658575,0.3~0.5%,930,28900.0,1.2401109520928928,1.0~1.5x,1.2454834939425339,1.2~1.5x,09:21~09:30,0.519031141868509,950,-0.34602076124568004,931,,,,,0.0,0.0,0.17301038062282892,-0.17301038062284002,close,930,28900.0,time_exit,-1.095051903114187,930,28900.0,time_exit,-1.095051903114187
2026-02-19,2,opening_rebreak_v1,baseline,63,Top51~100,389140,포바이포,2.6919242273180544,False,2~3%,0.46253469010175763,0.3~0.5%,919,11150.0,2.0623386261383136,2.0x+,2.1370888179778995,2.0x+,09:11~09:20,9.68609865470853,945,-2.511210762331839,928,920,937,920,928,-0.4484304932735439,-1.6143497757847514,3.408071748878916,8.251121076233181,close,921,10970.0,stop,-2.292780269058294,920,11038.5,stop,-1.6784304932735434
2026-02-19,2,opening_rebreak_v1,baseline,79,Top51~100,094820,일진파워,2.949681897050316,False,2~3%,0.5509641873278237,0.5~0.7%,905,18210.0,1.9937571592210768,1.5~2.0x,2.011430352876222,2.0x+,09:03~09:10,2.5260845689181854,922,-2.8006589785831926,913,917,918,908,912,-1.1532125205930832,-1.098297638660073,1.4827018121911006,0.05491488193301031,close,908,17950.0,stop,-1.9323613399231205,908,18027.9,stop,-1.5045744096650089
2026-02-19,2,opening_rebreak_v1,baseline,81,Top51~100,089030,테크윙,2.8503562945368266,False,2~3%,0.5649717514124294,0.5~0.7%,914,44375.0,1.7446108019126754,1.5~2.0x,1.7594796439744311,1.5~2.0x,09:11~09:20,0.5070422535211172,915,-1.2957746478873267,925,,,921,,-0.8450704225352101,-1.183098591549292,-0.16901408450704647,-0.28169014084507005,close,921,43925.0,stop,-1.8074647887323976,921,43931.25,stop,-1.7933802816901419
2026-02-19,2,opening_rebreak_v1,baseline,98,Top51~100,084370,유진테크,2.678571428571419,False,2~3%,0.42771599657827203,0.3~0.5%,929,118500.0,1.211307574765335,1.0~1.5x,1.2331610619389364,1.2~1.5x,09:21~09:30,1.0970464135021007,936,-1.6877637130801704,945,936,,940,,0.5907172995780696,-0.5907172995780585,-1.6033755274261652,0.9282700421940904,close,930,118700.0,time_exit,-0.48316455696203175,930,118700.0,time_exit,-0.48316455696203175
2026-02-20,2,opening_rebreak_v1,baseline,34,Top21~50,004090,한국석유,5.137614678899083,False,5~7%,0.89736399326977,0.7~1.0%,917,17870.0,1.6624983901335115,1.5~2.0x,1.6873215430234996,1.5~2.0x,09:11~09:20,0.3357582540570725,918,-4.3088975937325085,947,,,918,919,-2.462227196418576,-2.350307778399552,-3.5254616675993278,-4.3088975937325085,close,919,17590.0,stop,-2.0766703973139373,918,17691.3,stop,-1.5097985450475666
2026-02-20,2,opening_rebreak_v1,baseline,58,Top51~100,096770,SK이노베이션,2.613827993254647,False,2~3%,0.4830917874396135,0.3~0.5%,905,125100.0,3.9042073628850487,2.0x+,3.9515885202016148,2.0x+,09:03~09:10,1.6786570743405171,935,-1.7585931254995968,913,908,,910,,-1.0391686650679466,-1.4388489208633115,0.3996802557953538,1.358912869704243,close,910,123800.0,stop,-1.6688489208633102,910,123849.0,stop,-1.6296802557953645
2026-02-23,2,opening_rebreak_v1,baseline,25,Top21~50,009290,광동제약,2.98076923076922,False,2~3%,0.6779661016949152,0.5~0.7%,912,12570.0,1.1648244377134325,1.0~1.5x,1.2650369308765697,1.2~1.5x,09:11~09:20,1.829753381066035,916,-5.9665871121718395,942,916,,913,913,-0.23866348448687846,-2.9435163086714344,-3.2617342879872724,-5.8074781225139205,close,913,12300.0,stop,-2.7757438345266507,913,12444.3,stop,-1.62777247414479
2026-02-23,2,opening_rebreak_v1,baseline,27,Top21~50,000720,현대건설,2.8838659392049992,False,2~3%,0.6488824801730353,0.5~0.7%,916,141100.0,2.167357791776139,2.0x+,2.21926113512056,2.0x+,09:11~09:20,1.3465627214741316,919,-4.748405386250887,946,919,,923,926,-0.425230333097093,-1.984408221119771,-2.0552799433026236,-4.394046775336635,close,923,139600.0,stop,-1.6474344436569779,923,139689.0,stop,-1.5843586109142462
2026-02-23,2,opening_rebreak_v1,baseline,39,Top21~50,103590,일진전기,5.270457697642161,False,5~7%,0.3811944091486658,0.3~0.5%,910,79200.0,2.308901314795224,2.0x+,2.332461532293135,2.0x+,09:03~09:10,6.944444444444442,926,-0.631313131313127,911,912,913,,,2.9040404040403978,3.7878787878787845,4.924242424242431,4.292929292929304,close,914,80900.0,take_profit,1.2851515151515096,913,80387.99999999999,take_profit,0.638686868686859
2026-02-23,2,opening_rebreak_v1,baseline,49,Top21~50,062040,산일전기,2.740641711229941,False,2~3%,0.3814367450731087,0.3~0.5%,906,158000.0,2.723768115942029,2.0x+,2.742675520216233,2.0x+,09:03~09:10,6.645569620253156,922,-1.0759493670886022,908,911,913,908,,1.2658227848101333,2.784810126582271,4.113924050632911,4.2405063291139244,close,912,160900.0,take_profit,1.2889873417721618,908,156420.0,stop,-1.5464556962025324
2026-02-23,2,opening_rebreak_v1,baseline,90,Top51~100,043260,성호전자,4.565217391304355,False,4~5%,0.4056795131845842,0.3~0.5%,913,25300.0,2.1820695864685833,2.0x+,2.2487315901285196,2.0x+,09:11~09:20,9.683794466403173,930,-0.19762845849802257,914,915,915,,,2.371541501976293,6.9169960474308345,4.940711462450587,4.743083003952564,close,915,25800.0,take_profit,0.7581422924901293,915,25679.499999999996,take_profit,0.2818577075098716
2026-02-23,2,opening_rebreak_v1,baseline,96,Top51~100,001820,삼화콘덴서,5.131128848346633,False,5~7%,0.708502024291498,0.7~1.0%,909,49800.0,1.3244528703518925,1.0~1.5x,1.3447044432930528,1.2~1.5x,09:03~09:10,7.2289156626506035,913,-1.5060240963855387,924,910,912,923,,5.823293172690769,3.2128514056224855,-0.20080321285140812,4.016064257028118,close,910,50700.0,take_profit,1.0752208835341368,910,50546.99999999999,take_profit,0.7679919678714762
2026-02-24,2,opening_rebreak_v1,baseline,3,Top1~20,006400,삼성SDI,2.298850574712641,False,2~3%,0.4807692307692308,0.3~0.5%,923,419500.0,2.268958284782102,2.0x+,2.299101450401188,2.0x+,09:21~09:30,0.47675804529201393,927,-1.5494636471990453,945,,,929,,-0.7151370679380209,-0.11918951132300348,-1.1918951132300348,0.0,close,930,417000.0,time_exit,-1.4218951132300353,929,415305.0,stop,-1.8259475566150187
2026-02-24,2,opening_rebreak_v1,baseline,24,Top21~50,373220,LG에너지솔루션,2.777777777777768,False,2~3%,0.6097560975609756,0.5~0.7%,915,411000.0,1.6295666949872558,1.5~2.0x,1.6398333015666398,1.5~2.0x,09:11~09:20,0.24330900243310083,916,-1.0948905109489093,920,,,920,,-1.0948905109489093,-0.8515815085158196,-0.12165450121655041,-0.12165450121655041,close,920,406500.0,stop,-1.9331630170316343,920,406890.0,stop,-1.8382725060827259
2026-02-25,2,opening_rebreak_v1,baseline,3,Top1~20,005380,현대차,2.0992366412213803,False,2~3%,0.5444646098003629,0.5~0.7%,916,554000.0,1.9462618320121365,1.5~2.0x,1.9675712681290578,1.5~2.0x,09:11~09:20,2.3465703971119023,944,-1.4440433212996373,927,942,944,922,,-0.7220216606498187,-0.9025270758122761,0.18050541516245744,1.895306859205781,close,922,548000.0,stop,-2.215559566787008,922,548460.0,stop,-2.132527075812275
2026-02-25,2,opening_rebreak_v1,baseline,7,Top1~20,307950,현대오토에버,2.3121387283236983,False,2~3%,0.8676789587852495,0.7~1.0%,915,469500.0,4.483698464723132,2.0x+,4.606337919447507,2.0x+,09:11~09:20,5.6443024494142735,928,-0.9584664536741228,919,916,924,,,1.1714589989350266,3.407880724174661,4.046858359957395,4.579339723109688,close,924,479500.0,take_profit,1.3674440894568596,924,476542.49999999994,take_profit,0.7375186368477006
2026-02-25,2,opening_rebreak_v1,baseline,81,Top51~100,012860,모베이스전자,2.467532467532463,False,2~3%,0.42598509052183176,0.3~0.5%,912,4820.0,1.3640489008396481,1.0~1.5x,1.406356299903124,1.2~1.5x,09:11~09:20,3.734439834024905,913,-3.941908713692943,925,913,913,920,921,3.734439834024905,-3.112033195020747,0.3112033195020736,3.734439834024905,close,913,5000.0,take_profit,2.985767634854781,913,4892.299999999999,take_profit,0.7513278008298658
2026-02-26,2,opening_rebreak_v1,baseline,9,Top1~20,047040,대우건설,2.6285714285714246,False,2~3%,0.7575757575757576,0.7~1.0%,914,9400.0,1.5669014345828727,1.5~2.0x,1.6101966291470489,1.5~2.0x,09:11~09:20,1.0638297872340496,944,-3.404255319148941,935,944,,916,917,-2.3404255319148914,-2.2340425531914843,-2.659574468085102,1.010638297872335,close,916,9270.0,stop,-2.1448936170212813,916,9306.0,stop,-1.7619148936170221
2026-02-26,2,opening_rebreak_v1,baseline,18,Top1~20,035420,NAVER,2.1739130434782705,False,2~3%,0.38095238095238093,0.3~0.5%,927,265000.0,2.484786059234744,2.0x+,2.5180432340237364,2.0x+,09:21~09:30,0.7547169811320753,928,-1.3207547169811318,950,,,935,,-0.18867924528301883,-0.37735849056603765,-0.9433962264150941,-0.7547169811320753,close,930,266000.0,time_exit,-0.7960377358490567,930,266000.0,time_exit,-0.7960377358490567
2026-02-26,2,opening_rebreak_v1,baseline,62,Top51~100,064400,LG씨엔에스,2.237762237762242,False,2~3%,0.6711409395973155,0.5~0.7%,916,74600.0,1.3094147086542525,1.0~1.5x,1.3200315846703679,1.2~1.5x,09:11~09:20,1.072386058981234,920,-1.2064343163538882,944,920,,944,,0.2680965147453085,0.2680965147453085,-0.536193029490617,-0.9383378016085797,close,930,75200.0,time_exit,-0.0959517426273453,930,75200.0,time_exit,-0.0959517426273453
2026-02-26,2,opening_rebreak_v1,baseline,78,Top51~100,308080,바이젠셀,6.78391959798994,False,5~7%,0.9635974304068522,0.7~1.0%,908,9620.0,1.6731596420876687,1.5~2.0x,1.7400860277711754,1.5~2.0x,09:03~09:10,7.484407484407485,914,-3.118503118503113,915,910,910,909,909,7.484407484407485,3.014553014553023,1.8711018711018657,-0.31185031185031464,close,909,9430.0,stop,-2.7248024948024976,909,9523.8,stop,-1.7497505197505316
2026-02-26,2,opening_rebreak_v1,baseline,98,Top51~100,089030,테크윙,2.696629213483148,False,2~3%,0.3264417845484222,0.3~0.5%,913,46150.0,2.609278724175426,2.0x+,2.6292186270894304,2.0x+,09:11~09:20,1.300108342361872,920,-0.9750812567713929,926,917,,,,0.7583965330444142,-0.325027085590468,0.10834236186347823,-0.5417118093174467,close,930,46050.0,time_exit,-0.9883965330444218,930,46050.0,time_exit,-0.9883965330444218
2026-02-27,2,opening_rebreak_v1,baseline,26,Top21~50,064350,현대로템,2.2727272727272707,False,2~3%,0.4405286343612335,0.3~0.5%,909,228000.0,2.1081413210445468,2.0x+,2.1245986056326935,2.0x+,09:03~09:10,0.43859649122806044,912,-1.5350877192982448,925,,,918,,-0.43859649122807154,-1.0964912280701733,-1.0964912280701733,-1.3157894736842146,close,919,225500.0,stop,-2.422982456140349,918,225720.0,stop,-2.326491228070176
2026-02-27,2,opening_rebreak_v1,baseline,40,Top21~50,047810,한국항공우주,2.5013594344752477,False,2~3%,0.7326007326007326,0.7~1.0%,914,191600.0,2.025139089223161,2.0x+,2.045422506563825,2.0x+,09:11~09:20,0.7306889352818313,931,-1.565762004175364,919,,,917,,-1.1482254697286032,-1.1482254697286032,-0.6263048016701411,0.31315240083507057,close,917,189600.0,stop,-1.5348016701461407,917,189684.0,stop,-1.4909603340292286
2026-02-27,2,opening_rebreak_v1,baseline,83,Top51~100,064400,LG씨엔에스,2.153432032301472,False,2~3%,0.6451612903225806,0.5~0.7%,920,77900.0,1.6089388321930462,1.5~2.0x,1.6218007347386774,1.5~2.0x,09:11~09:20,0.5134788189987249,921,-2.9525032092426184,940,,,926,932,-0.25673940949936247,-1.1553273427471145,-2.695763799743256,-2.695763799743256,close,928,77000.0,stop,-2.0271758664955097,926,77121.0,stop,-1.8718485237483962
2026-03-03,2,opening_rebreak_v1,baseline,8,Top1~20,042660,한화오션,2.478753541076495,False,2~3%,0.4067796610169492,0.3~0.5%,911,148500.0,1.545242001110867,1.5~2.0x,1.5598236701782071,1.5~2.0x,09:11~09:20,4.2424242424242475,938,-1.4814814814814836,916,922,923,915,,-0.8080808080808133,0.6734006734006703,0.40404040404040664,3.6363636363636376,close,915,146700.0,stop,-1.7788215488215455,915,147015.0,stop,-1.5667003367003376
2026-03-03,2,opening_rebreak_v1,baseline,17,Top1~20,047810,한국항공우주,5.22193211488251,False,5~7%,0.7389162561576355,0.7~1.0%,914,203500.0,1.3375295043273014,1.0~1.5x,1.345734116210822,1.2~1.5x,09:11~09:20,5.896805896805901,942,-1.4742014742014753,916,922,926,916,,0.49140049140048436,1.4742014742014753,1.7199017199017286,4.422604422604426,close,923,207000.0,take_profit,0.26140049140050015,916,201465.0,stop,-2.4585012285012295
2026-03-03,2,opening_rebreak_v1,baseline,60,Top51~100,0015G0,그린광학,4.196642685851315,False,4~5%,0.6651884700665188,0.5~0.7%,906,45300.0,1.3358686578239496,1.0~1.5x,1.3507779062371632,1.2~1.5x,09:03~09:10,6.512141280353201,930,-2.98013245033113,914,907,907,910,913,-1.655629139072845,-1.3245033112582738,1.324503311258285,4.856512141280356,close,907,46200.0,take_profit,1.204878587196478,907,45979.49999999999,take_profit,0.718123620309041
2026-03-03,2,opening_rebreak_v1,baseline,89,Top51~100,000880,한화,3.221083455344065,False,3~4%,0.7045310556820048,0.7~1.0%,918,171068.0,1.257427843803056,1.0~1.5x,1.2708068695238952,1.2~1.5x,09:11~09:20,4.210606308602438,924,-1.333387892533966,919,920,921,919,,3.8598685902681895,3.0175135034021583,1.333387892533966,0.8423550868660312,close,920,173709.0,take_profit,1.0215490915893148,919,169357.32,stop,-1.5222814319451923
2026-03-04,2,opening_rebreak_v1,baseline,75,Top51~100,402490,그린리소스,6.372045220966083,False,5~7%,0.8333333333333334,0.7~1.0%,918,10940.0,2.6369708465556148,2.0x+,2.7144482572066284,2.0x+,09:11~09:20,6.489945155393051,945,-2.10237659963437,920,919,921,920,920,2.1937842778793515,1.645338208409508,2.376599634369292,4.6617915904936025,close,921,11200.0,take_profit,1.689561243144429,919,11104.099999999999,take_profit,0.8129616087751274
2026-03-05,2,opening_rebreak_v1,baseline,29,Top21~50,036930,주성엔지니어링,5.947955390334569,False,5~7%,0.48939641109298526,0.3~0.5%,913,61900.0,3.2351213808315284,2.0x+,3.3270432346588734,2.0x+,09:11~09:20,4.20032310177707,933,-0.646203554119551,914,915,920,,,0.9693053311793154,2.746365105008075,4.20032310177707,0.0,close,920,63200.0,take_profit,1.0624071082390896,917,62828.49999999999,take_profit,0.4622455573505557
2026-03-05,2,opening_rebreak_v1,baseline,33,Top21~50,096770,SK이노베이션,6.14678899082568,False,5~7%,0.4262574595055414,0.3~0.5%,925,117700.0,1.3814232286490087,1.0~1.5x,1.4033613411935224,1.2~1.5x,09:21~09:30,2.9736618521665203,955,-0.5947323704333041,928,940,952,,,-0.0849617672047609,0.0,1.0195412064570863,2.3789294817332163,close,930,117600.0,time_exit,-0.7397706032285503,930,117600.0,time_exit,-0.7397706032285503
2026-03-06,2,opening_rebreak_v1,baseline,5,Top1~20,012450,한화에어로스페이스,2.389572773352633,False,2~3%,0.4919184820801124,0.3~0.5%,918,1426000.0,1.2715029078665443,1.0~1.5x,1.2782746540723884,1.2~1.5x,09:11~09:20,2.3141654978962034,937,-0.42075736325385416,920,925,929,,,0.42075736325386526,1.33239831697054,1.7531556802244053,1.5427769985974837,close,930,1445000.0,time_exit,0.7517671809256592,929,1447389.9999999998,take_profit,0.9193688639551094
2026-03-06,2,opening_rebreak_v1,baseline,7,Top1~20,032820,우리기술,3.3172496984318567,False,3~4%,0.7250418293363079,0.7~1.0%,923,18010.0,4.772841931504426,2.0x+,4.8496329780303995,2.0x+,09:21~09:30,4.108828428650746,948,-1.4991671293725695,924,928,928,924,,1.3325930038867284,0.6662965019433642,0.2220988339811214,0.27762354247640175,close,925,17760.0,stop,-1.895741254858411,924,17829.9,stop,-1.507623542476392
2026-03-06,2,opening_rebreak_v1,baseline,11,Top1~20,042700,한미반도체,3.492063492063502,False,3~4%,0.4531722054380665,0.3~0.5%,919,332000.0,1.2239396975335146,1.0~1.5x,1.2332260381824791,1.2~1.5x,09:11~09:20,0.6024096385542244,923,-3.3132530120481896,935,,,921,930,-0.9036144578313254,-1.6566265060240948,-2.56024096385542,-3.0120481927710885,close,925,327000.0,stop,-2.48903614457831,921,328680.0,stop,-1.983012048192772
2026-03-06,2,opening_rebreak_v1,baseline,15,Top1~20,322000,HD현대에너지솔루션,2.885682574916748,False,2~3%,0.9354536950420954,0.7~1.0%,923,108100.0,2.7105159456516414,2.0x+,2.8104137695915408,2.0x+,09:21~09:30,5.087881591119325,947,-2.405180388529138,936,925,926,924,935,0.9250693802035137,0.09250693802034249,3.0527289546715908,4.070305272895469,close,926,111000.0,take_profit,1.990166512488441,924,107019.0,stop,-1.6925346901017586
2026-03-06,2,opening_rebreak_v1,baseline,29,Top21~50,078600,대주전자재료,6.224066390041494,False,5~7%,0.9149130832570906,0.7~1.0%,913,109600.0,1.2766301551128427,1.0~1.5x,1.2855947646886325,1.2~1.5x,09:11~09:20,7.208029197080301,922,-1.3686131386861367,916,915,918,916,,1.4598540145985384,4.835766423357657,2.007299270072993,1.3686131386861256,close,919,112400.0,take_profit,1.868540145985404,916,108504.0,stop,-1.6862043795620445
2026-03-06,2,opening_rebreak_v1,baseline,48,Top21~50,298380,에이비엘바이오,2.202145680406553,False,2~3%,0.7995735607675907,0.7~1.0%,911,188700.0,1.5301724137931034,1.5~2.0x,1.5486139736513285,1.5~2.0x,09:11~09:20,2.119766825649183,925,-2.119766825649183,936,919,925,913,936,-0.7949125596184436,1.0598834128245915,-0.4239533651298366,-0.4769475357710662,close,922,191800.0,take_profit,1.1478484366719583,913,186813.0,stop,-1.4949708532061483
2026-03-06,2,opening_rebreak_v1,baseline,69,Top51~100,047050,포스코인터내셔널,6.212121212121202,False,5~7%,0.5617977528089888,0.5~0.7%,921,71900.0,2.069645288891771,2.0x+,2.1018007947926316,2.0x+,09:21~09:30,1.5299026425591,937,-1.3908205841446475,949,936,,949,,0.4172461752433909,-0.5563282336578546,0.9735744089012455,0.4172461752433909,close,930,72000.0,time_exit,-0.7863282336578591,930,72000.0,time_exit,-0.7863282336578591
2026-03-06,2,opening_rebreak_v1,baseline,73,Top51~100,278470,에이피알,2.473498233215543,False,2~3%,0.3294892915980231,0.3~0.5%,911,304500.0,1.2563185503099665,1.0~1.5x,1.2646247886591235,1.2~1.5x,09:11~09:20,0.49261083743843415,934,-0.9852216748768461,914,,,,,-0.8210180623973717,0.0,-0.49261083743842304,0.0,close,930,303000.0,time_exit,-1.5436288998357959,930,303000.0,time_exit,-1.5436288998357959
2026-03-09,2,opening_rebreak_v1,baseline,32,Top21~50,003280,흥아해운,5.098039215686279,False,5~7%,0.7117437722419928,0.7~1.0%,914,2840.0,1.297348574943386,1.0~1.5x,1.320598549404737,1.2~1.5x,09:11~09:20,2.1126760563380254,917,-5.633802816901412,935,915,917,919,921,-0.7042253521126751,-2.1126760563380254,-4.401408450704225,-2.992957746478875,close,920,2810.0,stop,-2.1666197183098577,915,2882.6,take_profit,0.389718309859145
2026-03-09,2,opening_rebreak_v1,baseline,80,Top51~100,008350,남선알미늄,2.162565249813575,False,2~3%,0.995732574679943,0.7~1.0%,912,1409.0,1.293667892265137,1.0~1.5x,1.3017221891177189,1.2~1.5x,09:11~09:20,13.413768630234202,940,-0.6387508871540049,913,914,916,,,1.9162526614620257,4.968062455642297,4.684173172462747,10.57487579843861,close,915,1436.0,take_profit,1.3313910574875756,915,1430.1349999999998,take_profit,0.9151383960255403
2026-03-09,2,opening_rebreak_v1,baseline,97,Top51~100,321370,센서뷰,3.1598513011152463,False,3~4%,0.6629448709002094,0.5~0.7%,915,2950.0,1.6743766875649746,1.5~2.0x,1.7495058327217452,1.5~2.0x,09:11~09:20,2.8474576271186436,916,-3.9661016949152583,931,916,916,919,919,-0.6101694915254252,-1.4237288135593218,-0.7796610169491514,-1.5593220338983027,close,919,2885.0,stop,-3.280847457627117,916,2994.2499999999995,take_profit,0.4225423728813462
2026-03-10,2,opening_rebreak_v1,baseline,3,Top1~20,032820,우리기술,6.936416184971095,False,5~7%,0.6951871657754011,0.5~0.7%,917,18855.0,1.4782425742145628,1.0~1.5x,1.5009296573406345,1.5~2.0x,09:11~09:20,10.580747812251401,947,-0.026518164942990197,918,919,919,,,4.905860514452409,7.663749668522946,6.072659771943778,10.315566162821543,close,919,19260.0,take_profit,1.6527897109519913,919,19137.824999999997,take_profit,1.004818350570131
2026-03-10,2,opening_rebreak_v1,baseline,6,Top1~20,279570,케이뱅크,4.329004329004338,False,4~5%,0.6702412868632708,0.5~0.7%,906,7570.0,2.198331376131266,2.0x+,2.2457987202852476,2.0x+,09:03~09:10,4.887714663143994,931,-1.4531043593130732,909,909,911,909,,2.9062087186261465,2.6420079260237816,0.39630118890356947,4.095112285336855,close,911,7790.0,take_profit,2.015706737120202,909,7494.3,stop,-1.8905019815059454
2026-03-10,2,opening_rebreak_v1,baseline,37,Top21~50,044490,태웅,4.613466334164595,False,4~5%,0.35335689045936397,0.3~0.5%,925,42700.0,1.2272227222722272,1.0~1.5x,1.2388276652724375,1.2~1.5x,09:21~09:30,0.5854800936768045,951,-2.3419203747072626,942,,,928,929,-1.6393442622950838,-1.6393442622950838,-0.5854800936768156,-0.7025761124121788,close,929,41950.0,stop,-2.571920374707262,928,42273.0,stop,-1.815480093676816
2026-03-10,2,opening_rebreak_v1,baseline,92,Top51~100,105840,우진,3.7946428571428603,False,3~4%,0.628930817610063,0.5~0.7%,918,24050.0,2.7165635619064217,2.0x+,2.76151720297604,2.0x+,09:11~09:20,3.1185031185031242,947,-1.039501039501034,920,944,946,920,,-0.4158004158004158,-0.20790020790020236,-0.20790020790020236,2.9106029106028997,close,930,24050.0,time_exit,-1.2695010395010395,920,23809.5,stop,-2.2695010395010407
2026-03-10,2,opening_rebreak_v1,baseline,93,Top51~100,295310,에이치브이엠,4.63659147869675,False,4~5%,0.5854800936768151,0.5~0.7%,919,86700.0,2.248202040474996,2.0x+,2.295867101403794,2.0x+,09:11~09:20,2.076124567474058,921,-2.8835063437139596,934,920,921,927,933,0.11534025374855261,-1.2687427912341454,-1.4994232987312617,0.46136101499423265,close,928,85700.0,stop,-1.9601038062283729,921,88000.49999999999,take_profit,0.693298731257199
2026-03-11,2,opening_rebreak_v1,baseline,3,Top1~20,032820,우리기술,4.600484261501214,False,4~5%,0.45871559633027525,0.3~0.5%,925,22150.0,2.166739607821874,2.0x+,2.211671996002512,2.0x+,09:21~09:30,1.5801354401805856,930,-3.3860045146726914,935,929,,927,933,0.9029345372460584,-2.934537246049662,-1.8058690744920947,-2.934537246049662,close,930,22350.0,time_exit,-0.4557336343115037,927,21928.5,stop,-2.358668171557563
2026-03-11,2,opening_rebreak_v1,baseline,5,Top1~20,006800,미래에셋증권,5.417956656346745,False,5~7%,0.4302220175829868,0.3~0.5%,915,72287.0,1.4081653933965579,1.0~1.5x,1.4709834074054475,1.2~1.5x,09:11~09:20,0.27529154619778673,916,-3.1679278431806512,934,,,916,917,-1.102549559395194,-2.272884474386816,-2.203715744186363,-2.4803906649881746,close,917,70992.0,stop,-2.713157414196194,916,71564.13,stop,-1.9216873020044996
2026-03-11,2,opening_rebreak_v1,baseline,8,Top1~20,042660,한화오션,5.305466237942125,False,5~7%,0.8142116950407106,0.7~1.0%,916,136700.0,2.8223565096757506,2.0x+,2.879224887109516,2.0x+,09:11~09:20,3.2918800292611516,937,-0.4389173372348232,922,918,935,,,0.8046817849304944,1.2435991221653175,2.3408924652523755,2.633504023408917,close,930,137500.0,time_exit,-0.010541331382578956,926,138750.5,take_profit,0.9042355523043063
2026-03-11,2,opening_rebreak_v1,baseline,15,Top1~20,006910,보성파워텍,2.042801556420226,False,2~3%,0.7441860465116279,0.7~1.0%,922,10950.0,2.671955666639351,2.0x+,2.7480216675681866,2.0x+,09:21~09:30,3.7442922374429255,951,-2.73972602739726,934,925,949,924,932,-0.91324200913242,-1.82648401826484,-1.187214611872145,1.461187214611881,close,930,10930.0,time_exit,-0.8692694063926896,924,10840.5,stop,-1.686621004566211
2026-03-11,2,opening_rebreak_v1,baseline,18,Top1~20,050890,쏠리드,4.328523862375144,False,4~5%,0.4784688995215311,0.3~0.5%,919,10560.0,2.050552257870614,2.0x+,2.111397244317105,2.0x+,09:11~09:20,4.166666666666674,942,-1.6098484848484862,931,920,922,928,,0.8522727272727293,-0.18939393939394478,1.7045454545454586,1.799242424242431,close,920,10730.0,take_profit,0.9063636363636377,920,10718.4,take_profit,0.7965151515151417
2026-03-11,2,opening_rebreak_v1,baseline,28,Top21~50,006400,삼성SDI,2.4783147459727317,False,2~3%,0.4801920768307323,0.3~0.5%,920,417000.0,2.3893515764425937,2.0x+,2.3985131021860964,2.0x+,09:11~09:20,0.47961630695443347,928,-1.3788968824940073,950,,,947,,-0.17985611510791255,0.0,-0.23980815347721673,-1.3189448441247031,close,930,417000.0,time_exit,-0.8295203836930456,930,417000.0,time_exit,-0.8295203836930456
2026-03-11,2,opening_rebreak_v1,baseline,35,Top21~50,047040,대우건설,3.37909186906018,False,3~4%,0.3003003003003003,0.3~0.5%,919,10040.0,3.5187589178300644,2.0x+,3.547022041668057,2.0x+,09:11~09:20,1.195219123505975,921,-3.3864541832669293,935,921,,924,931,-1.0956175298804771,-0.4980079681274896,-1.7928286852589626,-1.6932270916334646,close,924,9930.0,stop,-1.8236254980079671,924,9939.6,stop,-1.728007968127491
2026-03-11,2,opening_rebreak_v1,baseline,45,Top21~50,329180,HD현대중공업,2.0583190394511064,False,2~3%,0.33112582781456956,0.3~0.5%,917,605000.0,1.2091421415153412,1.0~1.5x,1.21375503499693,1.2~1.5x,09:11~09:20,0.9917355371900749,926,-0.49586776859503745,933,,,,,0.0,0.8264462809917328,0.49586776859504855,-0.49586776859503745,close,930,606000.0,time_exit,-0.8911570247933935,930,606000.0,time_exit,-0.8911570247933935
2026-03-11,2,opening_rebreak_v1,baseline,49,Top21~50,278470,에이피알,2.819237147595355,False,2~3%,0.31496062992125984,0.3~0.5%,925,318000.0,1.9472016895459345,1.5~2.0x,1.9564301335722185,1.5~2.0x,09:21~09:30,3.6163522012578664,955,0.0,926,927,928,,,1.7295597484276781,1.1006289308176154,2.9874213836478036,3.4591194968553562,close,927,323000.0,take_profit,0.5561635220125893,927,322769.99999999994,take_profit,0.4838364779874116
2026-03-11,2,opening_rebreak_v1,baseline,51,Top51~100,440110,파두,2.0408163265306145,False,2~3%,0.43988269794721413,0.3~0.5%,910,69100.0,4.26970130282809,2.0x+,4.345159941464227,2.0x+,09:03~09:10,1.1577424023154759,912,-2.749638205499272,924,912,,913,919,0.5788712011577379,-1.302460202604916,-1.591895803183796,-1.013024602026047,close,919,67700.0,stop,-2.979638205499272,913,68409.0,stop,-1.9535890014471788
2026-03-11,2,opening_rebreak_v1,baseline,52,Top51~100,376900,로킷헬스케어,5.433376455368699,False,5~7%,0.6841505131128849,0.5~0.7%,912,88900.0,1.2889518413597734,1.0~1.5x,1.3098775813326915,1.2~1.5x,09:11~09:20,9.11136107986501,937,-3.8245219347581516,921,931,931,915,919,-0.7874015748031482,-3.0371203599550034,5.624296962879649,2.8121484814398245,close,915,87800.0,stop,-2.029775028121481,915,88011.0,stop,-1.792429696287965
2026-03-11,2,opening_rebreak_v1,baseline,55,Top51~100,000390,삼화페인트,5.205205205205199,False,5~7%,0.7532956685499058,0.7~1.0%,914,10880.0,1.8856559469116896,1.5~2.0x,1.9464835581023894,1.5~2.0x,09:11~09:20,10.294117647058831,930,-0.8272058823529438,915,915,915,,,3.2169117647058876,6.25,6.341911764705888,2.389705882352944,close,915,11160.0,take_profit,1.883970588235285,915,11043.199999999999,take_profit,0.8104411764705785
2026-03-11,2,opening_rebreak_v1,baseline,65,Top51~100,115180,큐리언트,3.3398821218074692,False,3~4%,0.8278145695364238,0.7~1.0%,912,60600.0,1.8048673053628455,1.5~2.0x,1.8259592438228454,1.5~2.0x,09:11~09:20,0.3300330033003229,913,-4.125412541254125,922,,,913,914,-2.640264026402639,-3.7953795379537913,-0.990099009900991,-1.320132013201325,close,913,59900.0,stop,-2.2101980198019775,913,59994.0,stop,-2.055082508250826
2026-03-11,2,opening_rebreak_v1,baseline,67,Top51~100,298040,효성중공업,3.098039215686277,False,3~4%,0.4900113079532605,0.3~0.5%,907,2683000.0,3.253125,2.0x+,3.306111505681818,2.0x+,09:03~09:10,0.186358553857624,908,-3.0562802832650005,936,,,910,928,-1.6772269847185939,-1.1554230339172578,-1.4535967200894562,-2.5344763324636643,close,910,2650000.0,stop,-1.6463250093179296,910,2656170.0,stop,-1.416358553857623
2026-03-11,2,opening_rebreak_v1,baseline,71,Top51~100,088350,한화생명,3.304904051172697,False,3~4%,0.5952380952380952,0.5~0.7%,926,5080.0,1.453658086759917,1.0~1.5x,1.4683695400930785,1.2~1.5x,09:21~09:30,1.3779527559055094,951,-1.9685039370078705,937,951,,934,,-0.7874015748031482,-1.870078740157477,0.0,0.7874015748031482,close,930,5040.0,time_exit,-2.0016535433070852,930,5040.0,time_exit,-2.0016535433070852
2026-03-11,2,opening_rebreak_v1,baseline,82,Top51~100,373220,LG에너지솔루션,2.1798365122615904,False,2~3%,0.3973509933774834,0.3~0.5%,920,378000.0,3.3853754940711465,2.0x+,3.397672579013857,2.0x+,09:11~09:20,0.7275132275132323,928,-0.92592592592593,949,,,,,0.1322751322751392,0.3968253968253954,-0.1322751322751281,-0.92592592592593,close,930,379500.0,time_exit,-0.49455026455026596,930,379500.0,time_exit,-0.49455026455026596
2026-03-11,2,opening_rebreak_v1,baseline,98,Top51~100,032500,케이엠더블유,3.0478192327903386,False,3~4%,0.49261083743842365,0.3~0.5%,919,20500.0,5.036844519186669,2.0x+,5.17052303720406,2.0x+,09:11~09:20,5.609756097560981,949,-1.9512195121951237,926,920,933,925,,0.0,0.24390243902439046,3.4146341463414664,5.1219512195122,close,925,20150.0,stop,-3.156829268292684,925,20295.0,stop,-2.449512195121952
2026-03-12,2,opening_rebreak_v1,baseline,5,Top1~20,010170,대한광통신,2.9329608938547524,False,2~3%,0.9422850412249705,0.7~1.0%,919,8590.0,1.357030705372175,1.0~1.5x,1.4014952448380915,1.2~1.5x,09:11~09:20,3.608847497089629,924,-4.423748544819562,934,921,921,920,932,1.7462165308498312,1.2805587892898762,-2.4447031431897526,-2.6193247962747357,close,921,8790.0,take_profit,1.516216530849833,920,8504.1,stop,-1.8120721769499428
2026-03-12,2,opening_rebreak_v1,baseline,10,Top1~20,050890,쏠리드,4.0990606319385225,False,4~5%,0.5613472333600642,0.5~0.7%,921,12820.0,2.263467072561657,2.0x+,2.3401328927613263,2.0x+,09:21~09:30,4.602184087363503,929,-2.49609984399376,951,922,923,934,950,1.950078003120126,1.8720748829953227,2.262090483619339,-1.8720748829953227,close,923,13090.0,take_profit,1.4860686427457075,923,13012.3,take_profit,0.8799843993759653
2026-03-12,2,opening_rebreak_v1,baseline,32,Top21~50,046120,오르비텍,3.025477707006363,False,3~4%,0.6993006993006993,0.5~0.7%,917,7390.0,1.7605804362843422,1.5~2.0x,1.832491468188914,1.5~2.0x,09:11~09:20,3.247631935047357,920,-4.3301759133964834,935,919,920,925,928,0.0,-1.4884979702300405,-1.2178619756427644,-1.8944519621109657,close,920,7580.0,take_profit,1.6644519621109555,920,7500.849999999999,take_profit,0.59341001353179
2026-03-12,2,opening_rebreak_v1,baseline,33,Top21~50,047050,포스코인터내셔널,4.057591623036649,False,4~5%,0.4920049200492005,0.3~0.5%,913,82400.0,2.4369558492067,2.0x+,2.482140444680248,2.0x+,09:11~09:20,0.6067961165048485,914,-4.126213592233007,933,,,915,922,-1.3349514563106846,-1.9417475728155331,-3.762135922330101,-3.033980582524276,close,915,81200.0,stop,-2.293106796116504,915,81576.0,stop,-1.8367961165048552
2026-03-12,2,opening_rebreak_v1,baseline,34,Top21~50,380540,옵티코어,4.573547589616811,False,4~5%,0.8602150537634409,0.7~1.0%,908,9350.0,1.2570396886806625,1.0~1.5x,1.277787541264684,1.2~1.5x,09:03~09:10,9.304812834224595,926,-3.7433155080213942,914,912,912,913,913,-1.49732620320856,-0.6417112299465288,7.807486631016047,6.203208556149731,close,913,9210.0,stop,-2.26208556149733,912,9490.249999999998,take_profit,0.7352406417112203
2026-03-12,2,opening_rebreak_v1,baseline,44,Top21~50,043260,성호전자,2.187500000000009,False,2~3%,0.3021148036253776,0.3~0.5%,925,50100.0,1.531498990757463,1.5~2.0x,1.548443591199121,1.5~2.0x,09:21~09:30,4.3912175648702645,933,-1.0978043912175606,948,926,927,948,,0.9980039920159722,3.592814371257491,-0.29940119760478723,0.3992015968063978,close,928,51100.0,take_profit,0.7680039920159765,927,50851.49999999999,take_profit,0.27199600798402224
2026-03-12,2,opening_rebreak_v1,baseline,56,Top51~100,138080,오이솔루션,2.446982055464919,False,2~3%,0.7704160246533128,0.7~1.0%,909,32500.0,1.3524734550080737,1.0~1.5x,1.3816678122999857,1.2~1.5x,09:03~09:10,12.307692307692308,923,-0.4615384615384577,917,910,911,,,0.15384615384614886,6.000000000000005,11.076923076923073,7.846153846153836,close,911,33550.0,take_profit,2.231538461538468,911,32987.5,take_profit,0.500769230769221
2026-03-13,2,opening_rebreak_v1,baseline,9,Top1~20,475150,SK이터닉스,4.819277108433728,False,4~5%,0.6218905472636816,0.5~0.7%,905,41700.0,3.2305852862113893,2.0x+,3.3721002862331644,2.0x+,09:03~09:10,4.796163069544357,930,-3.477218225419665,914,906,907,910,910,-2.1582733812949617,-1.6786570743405282,3.237410071942448,2.517985611510798,close,908,42400.0,take_profit,0.8491366906474715,906,42325.49999999999,take_profit,0.6704796163069446
2026-03-13,2,opening_rebreak_v1,baseline,53,Top51~100,0007C0,아크릴,4.545454545454541,False,4~5%,0.4744958481613286,0.3~0.5%,910,43500.0,3.641165036975253,2.0x+,3.794683792051418,2.0x+,09:03~09:10,12.298850574712649,927,-0.8045977011494232,911,911,913,,,0.9195402298850519,6.436781609195408,7.931034482758625,8.850574712643677,close,911,44250.0,take_profit,0.9194252873563142,911,44152.49999999999,take_profit,0.6952873563218294
2026-03-13,2,opening_rebreak_v1,baseline,60,Top51~100,005860,한일사료,6.2982005141388075,False,5~7%,0.9900990099009901,0.7~1.0%,908,4615.0,1.203773629855511,1.0~1.5x,1.2345367337295963,1.2~1.5x,09:03~09:10,5.092091007583965,912,-4.550379198266519,933,909,909,909,915,2.383531960996743,-2.8169014084507005,-2.92524377031419,-1.1917659804983716,close,909,4710.0,take_profit,1.2867930660888431,909,4568.85,stop,-1.7717118093174329
2026-03-16,2,opening_rebreak_v1,baseline,6,Top1~20,003280,흥아해운,5.353319057815842,False,5~7%,0.7042253521126761,0.7~1.0%,915,2920.0,1.662939766284045,1.5~2.0x,1.7219092615423444,1.5~2.0x,09:11~09:20,3.9383561643835607,929,-2.73972602739726,942,916,916,919,920,-1.5410958904109595,0.5136986301369939,1.8835616438356073,-1.0273972602739767,close,916,2975.0,take_profit,0.7973972602739634,916,2963.7999999999997,take_profit,0.4138356164383463
2026-03-16,2,opening_rebreak_v1,baseline,8,Top1~20,006910,보성파워텍,2.151462994836484,False,2~3%,0.5818786367414797,0.5~0.7%,910,12330.0,4.048805460750853,2.0x+,4.18899858085478,2.0x+,09:03~09:10,9.407948094079476,939,-2.676399026763987,912,919,920,911,912,-2.4330900243308973,4.8661800486617945,1.6220600162206056,8.67802108678022,close,912,12050.0,stop,-2.9063990267639914,911,12206.7,stop,-1.6355150040551398
2026-03-16,2,opening_rebreak_v1,baseline,14,Top1~20,006800,미래에셋증권,2.1676300578034713,False,2~3%,0.41841004184100417,0.3~0.5%,915,72400.0,2.218926757029145,2.0x+,2.2500041625897773,2.0x+,09:11~09:20,0.8287292817679592,919,-2.209944751381221,927,,,923,925,0.2762430939226457,-1.7955801104972413,-0.9668508287292821,-1.5193370165745845,close,923,71600.0,stop,-2.0255801104972346,923,71676.0,stop,-1.9206077348066306
2026-03-17,2,opening_rebreak_v1,baseline,8,Top1~20,090710,휴림로봇,2.4247491638796026,False,2~3%,0.39370078740157477,0.3~0.5%,909,12750.0,2.5746498586710533,2.0x+,2.6072992484588338,2.0x+,09:03~09:10,5.647058823529405,939,-0.31372549019608176,910,911,912,,,2.7450980392156765,3.37254901960784,1.6470588235294015,5.647058823529405,close,911,12980.0,take_profit,1.1817647058823555,911,12941.249999999998,take_profit,0.8778431372548922
2026-03-17,2,opening_rebreak_v1,baseline,16,Top1~20,006910,보성파워텍,2.3159636062861866,False,2~3%,0.6949806949806949,0.5~0.7%,929,13180.0,3.531449004867575,2.0x+,3.6407866210780035,2.0x+,09:21~09:30,3.5660091047041043,934,-4.552352048558417,956,931,931,940,943,2.200303490136579,-0.531107738998482,-2.65553869499241,-4.097116843702575,close,930,13200.0,time_exit,-0.45761760242792127,930,13200.0,time_exit,-0.45761760242792127
2026-03-17,2,opening_rebreak_v1,baseline,19,Top1~20,011930,신성이엔지,3.571428571428581,False,3~4%,0.7920792079207921,0.7~1.0%,928,25500.0,1.7880142702844237,1.5~2.0x,1.8274915058146282,1.5~2.0x,09:21~09:30,9.607843137254912,958,-1.3725490196078383,931,930,934,931,,-0.39215686274509665,4.313725490196085,3.7254901960784403,9.019607843137244,close,930,25700.0,time_exit,-0.42607843137255186,930,25882.499999999996,take_profit,0.2896078431372451
2026-03-17,2,opening_rebreak_v1,baseline,29,Top21~50,047040,대우건설,2.086811352253748,False,2~3%,0.641025641025641,0.5~0.7%,911,12520.0,2.0635446453992894,2.0x+,2.078765832115591,2.0x+,09:11~09:20,3.1150159744409045,915,-1.198083067092648,941,914,914,941,,0.7987220447284393,1.3578274760383424,-0.6389776357827448,-1.1182108626198062,close,914,12770.0,take_profit,1.367444089456859,914,12707.8,take_profit,0.870638977635773
2026-03-17,2,opening_rebreak_v1,baseline,32,Top21~50,242040,나무기술,4.694835680751175,False,4~5%,0.79155672823219,0.7~1.0%,920,7690.0,1.7966963447232653,1.5~2.0x,1.8654779829068973,1.5~2.0x,09:11~09:20,3.6410923276983143,925,-3.5110533159947943,943,922,923,921,941,2.4707412223667014,0.5201560468140354,-1.3003901170351106,-1.3003901170351106,close,923,7820.0,take_profit,0.8103120936280931,921,7613.1,stop,-1.880195058517545
2026-03-17,2,opening_rebreak_v1,baseline,36,Top21~50,007660,이수페타시스,3.0245746691871522,False,3~4%,0.5454545454545455,0.5~0.7%,906,110100.0,1.4879700588130458,1.0~1.5x,1.4974908909992353,1.2~1.5x,09:03~09:10,0.5449591280654031,911,-1.6348773841961872,920,,,915,,0.18165304268846771,-1.0899182561307952,-1.2715712988192518,-0.9082652134423275,close,915,108900.0,stop,-1.7740508628519578,915,108999.0,stop,-1.6841326067211635
2026-03-17,2,opening_rebreak_v1,baseline,50,Top21~50,307950,현대오토에버,6.190476190476191,False,5~7%,0.437636761487965,0.3~0.5%,911,463000.0,2.086015967035797,2.0x+,2.122693170851811,2.0x+,09:11~09:20,0.5399568034557323,912,-4.427645788336932,925,,,913,914,-2.699784017278617,-3.5637149028077797,-2.051835853131745,-3.239740820734338,close,913,457000.0,stop,-2.0658531317494564,913,458370.0,stop,-1.7699568034557243
2026-03-17,2,opening_rebreak_v1,baseline,57,Top51~100,0011A0,액스비스,4.929577464788726,False,4~5%,0.9584664536741214,0.7~1.0%,909,32450.0,3.177763551002988,2.0x+,3.326400878388611,2.0x+,09:03~09:10,0.9244992295839749,914,-5.701078582434516,928,,,910,910,-0.30816640986132127,-2.003081664098616,-4.006163328197232,-5.238828967642528,close,910,32100.0,stop,-2.078998459167954,910,32125.5,stop,-2.0004160246533136
2026-03-17,2,opening_rebreak_v1,baseline,58,Top51~100,015760,한국전력,3.0916844349680117,False,3~4%,0.40650406504065045,0.3~0.5%,920,49350.0,3.7171229961696692,2.0x+,3.7436738747137386,2.0x+,09:11~09:20,0.3039513677811634,932,-1.1144883485309065,943,,,930,,-0.6079027355623046,-0.8105369807497431,-0.7092198581560294,-0.8105369807497431,close,930,48950.0,time_exit,-1.5471225937183348,930,48856.5,stop,-1.7365856129685926
2026-03-17,2,opening_rebreak_v1,baseline,66,Top51~100,209640,와이제이링크,3.6249999999999893,False,3~4%,0.46403712296983757,0.3~0.5%,912,4335.0,2.0452583684960457,2.0x+,2.0780549691777566,2.0x+,09:11~09:20,2.8835063437139485,923,-1.9607843137254943,918,913,923,915,,-1.6147635524798143,-0.692041522491349,0.8073817762399127,1.9607843137254832,close,915,4275.0,stop,-2.190784313725489,915,4291.65,stop,-1.8067012687428032
2026-03-17,2,opening_rebreak_v1,baseline,70,Top51~100,017670,SK텔레콤,2.2280471821756187,False,2~3%,0.38167938931297707,0.3~0.5%,910,78700.0,1.444949167207441,1.0~1.5x,1.4503002446703708,1.2~1.5x,09:03~09:10,1.6518424396442244,930,-0.2541296060991072,911,925,,,,-0.12706480304955914,0.12706480304955914,1.5247776365946653,0.5082592121982143,close,929,79900.0,take_profit,0.6594536213468889,929,79880.49999999999,take_profit,0.6346759847522139
2026-03-17,2,opening_rebreak_v1,baseline,73,Top51~100,347700,스피어,2.840909090909083,False,2~3%,0.8960573476702508,0.7~1.0%,907,56600.0,6.6823851203501095,2.0x+,6.848166468915298,2.0x+,09:03~09:10,0.7067137809187329,908,-4.416961130742047,922,,,909,915,-0.35335689045936647,-1.9434628975265045,-3.7102473498233257,-2.8268551236749095,close,909,55500.0,stop,-3.0568551236749144,909,56034.0,stop,-2.113392226148411
2026-03-17,2,opening_rebreak_v1,baseline,80,Top51~100,393890,더블유씨피,2.1717670286278468,False,2~3%,0.43668122270742354,0.3~0.5%,921,11570.0,1.3544456189805028,1.0~1.5x,1.3746434922460014,1.2~1.5x,09:21~09:30,0.4321521175453702,922,-4.148660328435605,948,,,922,925,-2.420051858254102,-1.1235955056179803,-1.728608470181503,-2.6793431287813307,close,924,11450.0,stop,-1.69931719965428,922,11454.3,stop,-1.6621521175453768
2026-03-17,2,opening_rebreak_v1,baseline,82,Top51~100,030530,원익홀딩스,3.1446540880503138,False,3~4%,0.7462686567164178,0.7~1.0%,929,33550.0,1.3709701119699063,1.0~1.5x,1.37993067052045,1.2~1.5x,09:21~09:30,1.7883755588673722,946,-0.7451564828613977,954,941,,,,-0.44709388971684305,0.14903129657228842,1.0432190760059523,-0.7451564828613977,close,930,33550.0,time_exit,-0.9751564828614009,930,33550.0,time_exit,-0.9751564828614009
2026-03-17,2,opening_rebreak_v1,baseline,83,Top51~100,034730,SK,2.4205748865355536,False,2~3%,0.43668122270742354,0.3~0.5%,927,344000.0,4.644757433489828,2.0x+,4.6619702617846945,2.0x+,09:21~09:30,0.5813953488372103,936,-0.7267441860465129,957,,,,,0.0,0.29069767441860517,0.29069767441860517,-0.43604651162790775,close,930,344500.0,time_exit,-0.8113953488372201,930,344500.0,time_exit,-0.8113953488372201
2026-03-18,2,opening_rebreak_v1,baseline,3,Top1~20,032820,우리기술,2.4896265560165887,False,2~3%,0.984251968503937,0.7~1.0%,920,25900.0,2.4139301284473995,2.0x+,2.485916116373266,2.0x+,09:11~09:20,2.316602316602312,931,-0.7722007722007707,921,925,930,,,0.9652509652509744,2.1235521235521304,0.9652509652509744,-0.19305019305019266,close,930,26450.0,take_profit,0.9283011583011651,925,26288.499999999996,take_profit,0.3047490347490249
2026-03-18,2,opening_rebreak_v1,baseline,6,Top1~20,403870,HPSP,2.6106696935300766,False,2~3%,0.8333333333333334,0.7~1.0%,909,49150.0,3.7613865199449794,2.0x+,3.883868644018818,2.0x+,09:03~09:10,2.339776195320442,916,-1.5259409969481164,935,910,916,912,,1.1190233977619535,-0.6103763987792443,0.3051881993896277,-0.4069175991861629,close,916,50000.0,take_profit,0.9907527975585029,912,48658.5,stop,-1.738646998982707
2026-03-18,2,opening_rebreak_v1,baseline,7,Top1~20,090710,휴림로봇,2.678571428571419,False,2~3%,0.3424657534246575,0.3~0.5%,915,14860.0,1.8630202660634736,1.5~2.0x,1.902713481354173,1.5~2.0x,09:11~09:20,2.0861372812920553,920,-2.355316285329745,934,920,920,917,933,2.0861372812920553,-0.7402422611036297,-0.4710632570659512,-0.3364737550471064,close,920,15170.0,take_profit,1.519663526244949,917,14711.4,stop,-1.5664737550471073
2026-03-18,2,opening_rebreak_v1,baseline,16,Top1~20,006340,대원전선,2.645502645502651,False,2~3%,0.6535947712418301,0.5~0.7%,926,6130.0,3.614910489949749,2.0x+,3.6446383722684144,2.0x+,09:21~09:30,5.709624796084833,948,-0.815660685154973,928,933,933,,,0.32626427406199365,2.7732463295269127,4.404567699836859,4.7308319738988525,close,930,6090.0,time_exit,-1.6981892332789517,930,6090.0,time_exit,-1.6981892332789517
2026-03-18,2,opening_rebreak_v1,baseline,24,Top21~50,353200,대덕전자,2.3809523809523725,False,2~3%,0.4149377593360996,0.3~0.5%,909,73000.0,3.761513773736293,2.0x+,3.8475342517838524,2.0x+,09:03~09:10,1.5068493150685036,936,-2.465753424657535,922,927,,911,912,-0.4109589041095929,-2.0547945205479423,0.0,0.136986301369868,close,911,72200.0,stop,-2.0108219178082147,911,72270.0,stop,-1.914931506849316
2026-03-18,2,opening_rebreak_v1,baseline,34,Top21~50,028260,삼성물산,3.9355992844364973,False,3~4%,0.5102040816326531,0.5~0.7%,922,295000.0,2.7306091562618238,2.0x+,2.7440406790531284,2.0x+,09:21~09:30,2.7118644067796627,938,-0.3389830508474523,923,926,933,,,0.8474576271186418,1.6949152542372836,2.033898305084736,2.033898305084736,close,930,298000.0,time_exit,-0.06050847457626496,930,298000.0,time_exit,-0.06050847457626496
2026-03-18,2,opening_rebreak_v1,baseline,44,Top21~50,032830,삼성생명,5.299539170506917,False,5~7%,0.42643923240938164,0.3~0.5%,912,236500.0,6.8209393346379645,2.0x+,6.9085745295155405,2.0x+,09:11~09:20,3.594080338266381,940,-1.0570824524312905,917,927,930,917,,-1.0570824524312905,0.42283298097252064,2.5369978858351017,2.3255813953488413,close,917,234000.0,stop,-2.34416490486258,917,234135.0,stop,-2.2870824524312905
2026-03-18,2,opening_rebreak_v1,baseline,58,Top51~100,489790,한화비전,2.3407022106632036,False,2~3%,0.5056890012642226,0.5~0.7%,913,79300.0,4.8142819078070875,2.0x+,4.8451488568965795,2.0x+,09:11~09:20,1.6393442622950838,918,-0.12610340479193294,914,916,,,,1.0088272383354413,0.0,0.12610340479193294,0.2522068095838659,close,930,79500.0,time_exit,-0.608310214375781,917,80489.49999999999,take_profit,0.6394829760403433
2026-03-18,2,opening_rebreak_v1,baseline,74,Top51~100,000150,두산,2.8828828828828756,False,2~3%,0.34071550255536626,0.3~0.5%,915,1176000.0,3.295543393275997,2.0x+,3.30793409277463,2.0x+,09:11~09:20,1.0204081632652962,944,-0.8503401360544172,922,944,,,,-0.3401360544217691,0.0,0.25510204081633514,0.9353741496598733,close,930,1179000.0,time_exit,-0.40006802721087575,930,1179000.0,time_exit,-0.40006802721087575
2026-03-18,2,opening_rebreak_v1,baseline,75,Top51~100,067310,하나마이크론,2.400000000000002,False,2~3%,0.3058103975535168,0.3~0.5%,912,32900.0,4.180080795525171,2.0x+,4.218547796710985,2.0x+,09:11~09:20,1.823708206686936,917,-0.3039513677811523,928,915,,,,1.823708206686936,0.45592705167172287,0.0,0.1519756838905817,close,917,33500.0,take_profit,0.8338297872340483,916,33393.5,take_profit,0.5101215805471027
2026-03-18,2,opening_rebreak_v1,baseline,78,Top51~100,010060,OCI홀딩스,3.5757575757575655,False,3~4%,0.9615384615384616,0.7~1.0%,916,177300.0,2.210637177461822,2.0x+,2.2458389820868256,2.0x+,09:11~09:20,2.2560631697687628,927,-0.5640157924421851,918,921,927,,,0.958826847151717,1.410039481105474,0.8460236886632888,1.861252115059231,close,927,181100.0,take_profit,1.631252115059218,922,179959.49999999997,take_profit,0.987992103778896
2026-03-18,2,opening_rebreak_v1,baseline,81,Top51~100,393890,더블유씨피,4.63258785942493,False,4~5%,0.370919881305638,0.3~0.5%,909,13570.0,1.8401023734803936,1.5~2.0x,1.8592843788629145,1.5~2.0x,09:03~09:10,4.421518054532059,939,-2.284450994841558,914,916,916,913,914,-1.9896831245394209,1.9896831245394209,1.6949152542372836,3.905674281503324,close,913,13420.0,stop,-1.7038393515106804,913,13434.3,stop,-1.5984598378776722
2026-03-18,2,opening_rebreak_v1,baseline,87,Top51~100,226590,엠디바이스,4.129263913824066,False,4~5%,0.964630225080386,0.7~1.0%,920,31200.0,1.94303048239124,1.5~2.0x,1.9682646445002172,1.5~2.0x,09:11~09:20,7.051282051282048,950,-0.9615384615384581,923,926,928,,,0.6410256410256387,3.205128205128216,3.044871794871784,6.490384615384626,close,927,31750.0,take_profit,0.7315384615384553,927,31667.999999999996,take_profit,0.4687179487179389
2026-03-19,2,opening_rebreak_v1,baseline,42,Top21~50,033160,엠케이전자,3.806228373702414,False,3~4%,0.6253908692933083,0.5~0.7%,913,16410.0,2.5788420113579495,2.0x+,2.6632345756062903,2.0x+,09:11~09:20,5.362583790371733,941,-2.498476538695915,923,916,916,922,923,3.5344302254722626,-0.24375380865325758,2.6812918951858666,4.81413772090189,close,916,16890.0,take_profit,2.390353443022538,916,16656.149999999998,take_profit,0.965307739183415
2026-03-19,2,opening_rebreak_v1,baseline,94,Top51~100,002780,진흥기업,3.8557213930348277,False,3~4%,0.8830022075055187,0.7~1.0%,909,9180.0,1.49106232088211,1.0~1.5x,1.524270835823805,1.5~2.0x,09:03~09:10,13.834422657952071,928,-2.941176470588236,913,912,912,912,913,-1.9607843137254943,0.9803921568627416,13.834422657952071,5.555555555555558,close,912,9070.0,stop,-1.972919389978213,912,9088.2,stop,-1.7746623093681815
2026-03-20,2,opening_rebreak_v1,baseline,3,Top1~20,047040,대우건설,4.2671614100185495,False,4~5%,0.5270457697642164,0.5~0.7%,928,18100.0,1.614849731809947,1.5~2.0x,1.641546545428372,1.5~2.0x,09:21~09:30,6.077348066298338,952,-1.270718232044199,940,929,933,940,,1.0497237569060847,-0.44198895027623974,3.48066298342542,0.8839779005524795,close,930,18250.0,time_exit,0.32248618784530736,930,18371.5,take_profit,0.9937569060773384
2026-03-20,2,opening_rebreak_v1,baseline,45,Top21~50,028260,삼성물산,2.0618556701030855,False,2~3%,0.33500837520938026,0.3~0.5%,926,299000.0,1.2382075471698113,1.0~1.5x,1.2444506104328523,1.2~1.5x,09:21~09:30,2.006688963210701,932,-0.5016722408026753,948,931,932,,,1.3377926421404673,0.16722408026756952,-0.16722408026755842,0.5016722408026864,close,930,300500.0,time_exit,-0.5644481605351064,930,300500.0,time_exit,-0.5644481605351064
2026-03-20,2,opening_rebreak_v1,baseline,52,Top51~100,0082N0,카나프테라퓨틱스,5.286343612334798,False,5~7%,0.41450777202072536,0.3~0.5%,925,48350.0,2.123544784984557,2.0x+,2.136803129115574,2.0x+,09:21~09:30,2.585315408479838,933,-2.6887280248190315,955,932,933,928,955,-0.20682523267838704,0.5170630816959676,0.4136504653567741,-2.4819027921406445,close,928,47850.0,stop,-1.781189245087902,928,47866.5,stop,-1.7470630816959678
2026-03-20,2,opening_rebreak_v1,baseline,64,Top51~100,047050,포스코인터내셔널,3.8997214484679743,False,3~4%,0.38809831824062097,0.3~0.5%,913,77500.0,1.5824615936397872,1.5~2.0x,1.5927373182738118,1.5~2.0x,09:11~09:20,0.2580645161290418,914,-3.612903225806452,928,,,916,922,-0.5161290322580614,-2.580645161290318,-1.806451612903226,-0.5161290322580614,close,917,76700.0,stop,-1.9074193548387144,916,76725.0,stop,-1.8751612903225814
2026-03-20,2,opening_rebreak_v1,baseline,71,Top51~100,388050,지투파워,2.1349274124679685,False,2~3%,0.4815409309791332,0.3~0.5%,908,12710.0,1.5248016608586046,1.5~2.0x,1.5629217023800697,1.5~2.0x,09:03~09:10,5.0354051927615995,926,-0.6294256490952055,909,910,913,,,2.124311565696302,2.0456333595594067,2.281667977970092,1.8882769472855943,close,913,12980.0,take_profit,1.5009205350118013,912,12900.65,take_profit,0.8766089693154898
2026-03-20,2,opening_rebreak_v1,baseline,75,Top51~100,100840,SNT에너지,6.016847172081818,False,5~7%,0.6550218340611353,0.5~0.7%,915,45850.0,2.2093023255813953,2.0x+,2.2262969588550985,2.0x+,09:11~09:20,6.870229007633588,945,-1.199563794983638,917,919,920,917,,2.071973827699014,2.8353326063249806,2.72628135223556,6.215921483097064,close,919,46550.0,take_profit,0.7514612868048008,917,45391.5,stop,-1.775256270447111
2026-03-20,2,opening_rebreak_v1,baseline,86,Top51~100,069540,빛과전자,3.971547125074104,False,3~4%,0.7936507936507936,0.7~1.0%,913,1929.0,2.234284031714417,2.0x+,2.298631411827792,2.0x+,09:11~09:20,9.901503369621567,935,0.051840331778119086,915,915,915,,,4.458268532918619,3.4733022291342674,7.050285121824773,4.976671850699854,close,915,1976.0,take_profit,1.94729393468118,915,1957.9349999999997,take_profit,1.0107983411093733
2026-03-23,2,opening_rebreak_v1,baseline,59,Top51~100,038110,에코플라스틱,2.8239202657807327,False,2~3%,0.7122507122507122,0.7~1.0%,907,3595.0,1.2477022987112674,1.0~1.5x,1.2870845807365872,1.2~1.5x,09:03~09:10,8.762169680111276,919,-1.8080667593880384,908,910,911,908,,2.781641168289295,4.589707927677322,7.6495132127955445,3.477051460361613,close,909,3555.0,stop,-2.038066759388043,908,3559.05,stop,-1.9254102920723124
2026-03-24,2,opening_rebreak_v1,baseline,5,Top1~20,032820,우리기술,6.641366223908918,False,5~7%,0.35335689045936397,0.3~0.5%,905,28850.0,3.2336503987278267,2.0x+,3.3081848937339644,2.0x+,09:03~09:10,2.253032928942811,911,-2.5996533795493937,929,911,911,906,928,0.17331022530329143,0.6932409012131657,-1.0398613518197597,-1.559792027729634,close,907,28500.0,stop,-2.3097227036395154,906,28561.5,stop,-2.0965511265164656
2026-03-24,2,opening_rebreak_v1,baseline,11,Top1~20,178320,서진시스템,3.3898305084745672,False,3~4%,0.8648648648648649,0.7~1.0%,913,46650.0,1.9127694859038142,1.5~2.0x,1.9461438716993007,1.5~2.0x,09:11~09:20,7.181136120042875,934,-1.2861736334405127,919,922,930,918,,-1.0718113612004254,1.2861736334405238,5.466237942122176,2.6795284030010746,close,918,46150.0,stop,-1.8377170418006399,918,46183.5,stop,-1.7659056806002154
2026-03-24,2,opening_rebreak_v1,baseline,20,Top1~20,368770,파이버프로,3.5258358662614064,False,3~4%,0.798175598631699,0.7~1.0%,923,17830.0,3.4260150928860327,2.0x+,3.5306231809877713,2.0x+,09:21~09:30,11.890072910824445,946,-0.39259674705552916,924,924,924,,,0.44868199663488095,1.2338754907459393,8.468872686483465,4.823331463825009,close,925,18170.0,take_profit,1.3964722378014687,924,18097.449999999997,take_profit,0.9895737521031871
2026-03-24,2,opening_rebreak_v1,baseline,22,Top21~50,240810,원익IPS,4.819277108433728,False,4~5%,0.6818181818181818,0.5~0.7%,926,132800.0,2.5757484730149196,2.0x+,2.606610895645611,2.0x+,09:21~09:30,0.9036144578313143,933,-2.033132530120485,940,,,935,940,0.0,-1.0542168674698815,-0.07530120481927804,-1.2801204819277157,close,930,133900.0,time_exit,0.22180722891566185,930,133900.0,time_exit,0.22180722891566185
2026-03-24,2,opening_rebreak_v1,baseline,24,Top21~50,086520,에코프로,6.160458452722062,False,5~7%,0.5284015852047557,0.5~0.7%,911,151600.0,1.9187196629727996,1.5~2.0x,1.9314601653829777,1.5~2.0x,09:11~09:20,0.3957783641160839,912,-2.176781002638517,939,,,915,939,-0.6596306068601621,-1.319261213720313,-0.923482849604218,-0.725593667546176,close,917,149600.0,stop,-1.8790765171503923,915,150084.0,stop,-1.5598153034300801
2026-03-24,2,opening_rebreak_v1,baseline,27,Top21~50,012450,한화에어로스페이스,2.5039123630672844,False,2~3%,0.30007501875468867,0.3~0.5%,928,1338000.0,1.3299492385786802,1.0~1.5x,1.338405267752831,1.2~1.5x,09:21~09:30,0.7473841554558991,941,-1.0463378176382654,939,,,939,,-0.8221225710014934,-0.5231689088191382,-0.07473841554559435,-0.37369207772794955,close,930,1338000.0,time_exit,-0.6036920777279522,930,1338000.0,time_exit,-0.6036920777279522
2026-03-24,2,opening_rebreak_v1,baseline,31,Top21~50,050890,쏠리드,4.122877930476965,False,4~5%,0.9125475285171103,0.7~1.0%,907,13160.0,1.5987767398249757,1.5~2.0x,1.6170275790250097,1.5~2.0x,09:03~09:10,2.963525835866254,933,-2.659574468085102,919,930,931,910,918,-1.291793313069911,-1.291793313069911,-0.6838905775075954,1.4437689969604817,close,911,13000.0,stop,-1.825744680851064,910,13028.4,stop,-1.6099392097264447
2026-03-24,2,opening_rebreak_v1,baseline,34,Top21~50,066970,엘앤에프,5.263157894736836,False,5~7%,0.3270645952575634,0.3~0.5%,908,123000.0,2.10467385721623,2.0x+,2.1236659921049736,2.0x+,09:03~09:10,1.1382113821138296,913,-3.495934959349589,938,913,,915,917,0.6504065040650486,-2.276422764227637,-1.788617886178867,-3.0081300813008083,close,915,121600.0,stop,-1.774715447154469,915,121770.0,stop,-1.6365040650406515
2026-03-24,2,opening_rebreak_v1,baseline,45,Top21~50,450080,에코프로머티,4.2622950819672045,False,4~5%,0.46439628482972134,0.3~0.5%,906,64700.0,1.4290165678674571,1.0~1.5x,1.4379062510268192,1.2~1.5x,09:03~09:10,2.0092735703245657,914,-0.1545595054095794,907,910,914,,,1.5455950540958163,1.2364760432766575,1.5455950540958163,0.46367851622874934,close,911,65700.0,take_profit,0.5427975270479029,911,65670.5,take_profit,0.49720247295207676
2026-03-24,2,opening_rebreak_v1,baseline,46,Top21~50,082920,비츠로셀,2.9159519725557415,False,2~3%,0.6359300476947536,0.5~0.7%,912,31800.0,3.1267230149353207,2.0x+,3.181753339998182,2.0x+,09:11~09:20,13.83647798742138,932,0.0,913,913,915,,,0.3144654088050425,4.874213836477992,13.757861635220126,6.2893081761006275,close,915,32450.0,take_profit,1.0278616352201198,915,32276.999999999996,take_profit,0.4838364779874116
2026-03-24,2,opening_rebreak_v1,baseline,52,Top51~100,007660,이수페타시스,6.7532467532467555,False,5~7%,0.36261079774375504,0.3~0.5%,918,124200.0,1.3683033794823285,1.0~1.5x,1.3745449355575472,1.2~1.5x,09:11~09:20,3.5426731078904927,931,-0.5636070853462183,919,923,928,,,1.046698872785834,2.093397745571668,-0.08051529790660261,-0.08051529790660261,close,928,126800.0,take_profit,1.4608212560386566,925,126062.99999999999,take_profit,0.867423510466979
2026-03-24,2,opening_rebreak_v1,baseline,55,Top51~100,247540,에코프로비엠,4.299274148520382,False,4~5%,0.4705532452772068,0.3~0.5%,911,189667.0,1.2251805054151625,1.0~1.5x,1.2399818088321832,1.2~1.5x,09:11~09:20,0.3632682543615928,941,-1.5052697622675582,921,,,918,,-0.46713450415728497,-0.8304027585188778,-0.6748670037486804,0.31107150954039486,close,920,187305.0,stop,-1.7389604411943023,918,187770.33,stop,-1.4936199233393384
2026-03-24,2,opening_rebreak_v1,baseline,57,Top51~100,092220,KEC,4.046920821114375,False,4~5%,0.5500550055005501,0.5~0.7%,907,9230.0,1.2186767697718859,1.0~1.5x,1.2519865469675293,1.2~1.5x,09:03~09:10,9.967497291440953,912,-2.600216684723722,937,908,908,930,936,8.288190682556884,4.1170097508125725,2.4377031419285045,-2.600216684723722,close,908,9500.0,take_profit,2.153531960996758,908,9368.449999999999,take_profit,0.7282881906825471
2026-03-24,2,opening_rebreak_v1,baseline,60,Top51~100,298040,효성중공업,4.016994978756272,False,4~5%,0.36576444769568395,0.3~0.5%,913,2752000.0,3.5748502994011977,2.0x+,3.6115961908781555,2.0x+,09:11~09:20,0.21802325581394832,914,-1.8895348837209336,939,,,917,,-0.9084302325581439,-0.5450581395348819,-0.7630813953488413,-1.6351744186046457,close,917,2720000.0,stop,-1.5744767441860485,917,2724480.0,stop,-1.4116860465116288
2026-03-24,2,opening_rebreak_v1,baseline,61,Top51~100,051910,LG화학,5.1724137931034475,False,5~7%,0.3241491085899514,0.3~0.5%,921,309000.0,2.446914952751529,2.0x+,2.453951581913667,2.0x+,09:21~09:30,1.4563106796116498,928,-0.6472491909385147,939,928,,,,0.9708737864077666,0.4854368932038833,0.0,0.16181229773462036,close,930,312000.0,time_exit,-0.06818770226537252,930,312000.0,time_exit,-0.06818770226537252
2026-03-24,2,opening_rebreak_v1,baseline,63,Top51~100,003000,부광약품,5.794701986754958,False,5~7%,0.7299270072992701,0.7~1.0%,913,6980.0,1.3669602846337858,1.0~1.5x,1.400404543776023,1.2~1.5x,09:11~09:20,2.148997134670494,917,-3.2951289398280847,923,916,916,918,920,-0.2865329512893977,-2.5787965616045794,0.14326647564470996,-1.2893982808022897,close,916,7120.0,take_profit,1.0593982808022884,916,7084.699999999999,take_profit,0.5536676217764945
2026-03-24,2,opening_rebreak_v1,baseline,66,Top51~100,489790,한화비전,4.738154613466339,False,4~5%,0.34843205574912894,0.3~0.5%,919,86800.0,2.5589281659223375,2.0x+,2.584319617955237,2.0x+,09:11~09:20,3.4562211981566726,931,-1.6129032258064502,939,924,928,939,,1.382488479262678,2.304147465437789,-1.382488479262678,0.11520737327188613,close,927,88300.0,take_profit,0.9220737327188893,927,88101.99999999999,take_profit,0.6939631336405432
2026-03-24,2,opening_rebreak_v1,baseline,69,Top51~100,003230,삼양식품,4.485488126649084,False,4~5%,0.6633499170812603,0.5~0.7%,910,1208000.0,3.124105011933174,2.0x+,3.1501826831513142,2.0x+,09:03~09:10,1.324503311258285,916,-1.407284768211925,926,915,,926,,1.0761589403973426,0.08278145695364003,0.08278145695364003,0.08278145695364003,close,926,1194000.0,stop,-1.8028476821192057,926,1195920.0,stop,-1.6439072847682128
2026-03-24,2,opening_rebreak_v1,baseline,75,Top51~100,000150,두산,6.566604127579745,False,5~7%,0.3412969283276451,0.3~0.5%,922,1173000.0,1.5640243902439024,1.5~2.0x,1.5682267736563524,1.5~2.0x,09:21~09:30,1.1935208866155067,924,-2.7280477408354598,939,924,,937,939,0.34100596760442414,-0.5115089514066473,-0.7672634271099765,-1.7050298380221651,close,930,1177000.0,time_exit,-0.31525149190111723,930,1177000.0,time_exit,-0.31525149190111723
2026-03-24,2,opening_rebreak_v1,baseline,78,Top51~100,200710,에이디테크놀로지,5.306122448979589,False,5~7%,0.546448087431694,0.5~0.7%,910,56600.0,2.3112883856579174,2.0x+,2.3959509638871452,2.0x+,09:03~09:10,2.473498233215543,913,-2.6501766784452263,932,913,913,914,931,0.7067137809187329,0.0,-0.8833922261484051,-0.17667844522968323,close,919,56000.0,stop,-2.1734628975264982,913,57448.99999999999,take_profit,0.3866077738515803
2026-03-24,2,opening_rebreak_v1,baseline,85,Top51~100,003670,포스코퓨처엠,3.487124463519309,False,3~4%,0.3042596348884381,0.3~0.5%,910,197300.0,2.666240409207161,2.0x+,2.6757336354861287,2.0x+,09:03~09:10,1.3177901672579928,927,-0.7602635580334471,920,926,,,,-0.1520527116066872,-0.7602635580334471,0.6588950836289964,-0.3041054232133855,close,930,198600.0,time_exit,0.17547389761784582,930,198600.0,time_exit,0.17547389761784582
2026-03-24,2,opening_rebreak_v1,baseline,89,Top51~100,076610,해성옵틱스,5.993265993265995,False,5~7%,0.7072905331882481,0.7~1.0%,912,1870.0,2.648844155533209,2.0x+,2.71415812101211,2.0x+,09:11~09:20,3.208556149732611,930,-3.262032085561495,922,913,914,917,918,-0.37433155080214275,-1.17647058823529,2.1390374331550888,0.7486631016042855,close,914,1908.0,take_profit,1.534705882352936,914,1898.0499999999997,take_profit,1.0026203208556053
2026-03-25,2,opening_rebreak_v1,baseline,1,Top1~20,000660,SK하이닉스,3.0425963488843744,False,3~4%,0.3422982885085574,0.3~0.5%,913,1024000.0,1.3421390880800974,1.0~1.5x,1.3487246576977623,1.2~1.5x,09:11~09:20,0.5859375,938,-0.68359375,922,,,,,-0.09765625,-0.29296875,0.1953125,0.48828125,close,930,1023000.0,time_exit,-0.8159375,930,1023000.0,time_exit,-0.8159375
2026-03-25,2,opening_rebreak_v1,baseline,4,Top1~20,050890,쏠리드,2.4774774774774855,False,2~3%,0.6697215368346845,0.5~0.7%,913,14370.0,1.7961599937624264,1.5~2.0x,1.8318537338797778,1.5~2.0x,09:11~09:20,7.794015309672919,924,-0.5567153792623514,914,915,916,,,3.5490605427974886,7.098121085594999,1.2526096033402823,1.2526096033402823,close,915,14600.0,take_profit,1.0226096033402943,915,14585.55,take_profit,0.9220528879610201
2026-03-25,2,opening_rebreak_v1,baseline,12,Top1~20,010170,대한광통신,3.0303030303030276,False,3~4%,0.779510022271715,0.7~1.0%,920,9140.0,1.5236425073831659,1.5~2.0x,1.5784509688175605,1.5~2.0x,09:11~09:20,3.938730853391692,925,-1.969365426695846,943,921,922,943,,2.844638949671774,1.422319474835887,-0.4376367614879695,-0.6564551422319487,close,922,9345.0,take_profit,1.465842450765875,921,9277.099999999999,take_profit,0.7229540481400341
2026-03-25,2,opening_rebreak_v1,baseline,13,Top1~20,006800,미래에셋증권,4.255319148936176,False,4~5%,0.46801872074883,0.3~0.5%,917,64300.0,1.7535279805352797,1.5~2.0x,1.767270362827876,1.5~2.0x,09:11~09:20,2.488335925349916,935,-0.6220839813374845,918,924,928,,,0.15552099533437946,1.5552099533437058,1.710730948678063,2.3328149300155587,close,927,65300.0,take_profit,0.5476049766718551,926,65264.49999999999,take_profit,0.49239502332813956
2026-03-25,2,opening_rebreak_v1,baseline,14,Top1~20,066970,엘앤에프,2.400000000000002,False,2~3%,0.6024096385542169,0.5~0.7%,910,133500.0,1.6709931875224096,1.5~2.0x,1.6899817464715277,1.5~2.0x,09:03~09:10,6.067415730337089,940,-0.5992509363295873,913,911,920,,,0.3745318352059934,1.9475655430711614,3.970037453183517,5.617977528089879,close,919,135600.0,take_profit,0.9685018726591754,919,135502.5,take_profit,0.8954681647939977
2026-03-25,2,opening_rebreak_v1,baseline,16,Top1~20,027360,아주IB투자,2.1341463414634054,False,2~3%,0.7194244604316548,0.7~1.0%,928,7050.0,2.0470227968696837,2.0x+,2.0995472882855766,2.0x+,09:21~09:30,2.127659574468077,932,-2.8368794326241176,944,930,932,937,938,0.7092198581560183,-1.5602836879432647,-1.7021276595744705,-0.9929078014184411,close,930,7090.0,time_exit,-0.37184397163120486,930,7090.0,time_exit,-0.37184397163120486
2026-03-25,2,opening_rebreak_v1,baseline,17,Top1~20,402340,SK스퀘어,3.1932773109243806,False,3~4%,0.4815409309791332,0.3~0.5%,911,625000.0,1.6698748796920115,1.5~2.0x,1.6833416125927536,1.5~2.0x,09:11~09:20,0.8000000000000007,915,-1.1199999999999988,921,,,921,,-0.16000000000000458,-1.1199999999999988,-0.6399999999999961,-0.31999999999999806,close,921,618000.0,stop,-2.1499999999999986,921,618750.0,stop,-2.030000000000001
2026-03-25,2,opening_rebreak_v1,baseline,19,Top1~20,489790,한화비전,6.024096385542177,False,5~7%,0.6493506493506493,0.5~0.7%,920,92700.0,2.463347844403876,2.0x+,2.487498313466659,2.0x+,09:11~09:20,4.31499460625675,943,-0.7551240560949246,921,924,928,,,1.0787486515641875,0.8629989212513456,1.4023732470334505,3.2362459546925626,close,926,94100.0,take_profit,0.7408737864077565,926,94090.49999999999,take_profit,0.7306256742178975
2026-03-25,2,opening_rebreak_v1,baseline,28,Top21~50,100790,미래에셋벤처투자,3.3653846153846256,False,3~4%,0.43103448275862066,0.3~0.5%,928,23450.0,2.7716667787265514,2.0x+,2.813661729919378,2.0x+,09:21~09:30,2.9850746268656803,932,-3.6247334754797467,943,932,932,935,937,0.8528784648187626,-2.771855010660984,-1.7057569296375252,-1.0660980810234588,close,930,23600.0,time_exit,-0.6564392324093766,930,23600.0,time_exit,-0.6564392324093766
2026-03-25,2,opening_rebreak_v1,baseline,36,Top21~50,003000,부광약품,4.078762306610417,False,4~5%,0.8860759493670887,0.7~1.0%,908,7990.0,1.363741674370761,1.0~1.5x,1.3836560508226345,1.2~1.5x,09:03~09:10,0.8760951188986343,909,-5.632040050062582,927,,,910,910,-1.3767209011264048,-1.8773466833541974,-3.379224030037542,-1.6270337922402955,close,910,7890.0,stop,-2.107346683354196,910,7910.1,stop,-1.8557822277847318
2026-03-25,2,opening_rebreak_v1,baseline,45,Top21~50,011070,LG이노텍,2.7397260273972712,False,2~3%,0.32,0.3~0.5%,926,314000.0,1.3620296465222348,1.0~1.5x,1.3702289541829817,1.2~1.5x,09:21~09:30,0.15923566878981443,927,-1.7515923566879033,937,,,929,,-0.9554140127388533,-0.9554140127388533,-1.5923566878980888,-0.4777070063694322,close,930,311000.0,time_exit,-1.981592356687898,929,310860.0,stop,-2.0261783439490455
2026-03-25,2,opening_rebreak_v1,baseline,46,Top21~50,069540,빛과전자,4.389312977099236,False,4~5%,0.33222591362126247,0.3~0.5%,906,3090.0,1.8021666850159639,1.5~2.0x,1.856231685566443,1.5~2.0x,09:03~09:10,5.98705501618122,907,-6.796116504854366,931,907,907,909,910,0.6472491909385036,-0.5825242718446644,-2.265372168284785,-4.854368932038833,close,907,3270.0,take_profit,4.78618122977346,907,3136.35,take_profit,0.46093851132685115
2026-03-25,2,opening_rebreak_v1,baseline,53,Top51~100,218410,RFHIC,2.486910994764391,False,2~3%,0.7462686567164178,0.7~1.0%,919,81400.0,2.366856975552628,2.0x+,2.4143127545110765,2.0x+,09:11~09:20,5.773955773955763,949,0.0,920,921,922,,,2.5798525798525818,3.9312039312039415,4.054054054054057,5.773955773955763,close,921,82900.0,take_profit,0.9985012285012299,921,82620.99999999999,take_profit,0.655749385749376
2026-03-25,2,opening_rebreak_v1,baseline,55,Top51~100,214390,경보제약,3.2742155525238736,False,3~4%,0.9079118028534372,0.7~1.0%,913,7800.0,3.061134903640257,2.0x+,3.132307379198762,2.0x+,09:11~09:20,4.871794871794877,918,-0.2564102564102555,914,915,915,,,2.6923076923076827,1.538461538461533,1.2820512820512775,2.9487179487179382,close,915,8070.0,take_profit,2.5905128205128305,915,7916.999999999999,take_profit,0.6289743589743493
2026-03-25,2,opening_rebreak_v1,baseline,57,Top51~100,007810,코리아써키트,3.527607361963181,False,3~4%,0.5788712011577424,0.5~0.7%,908,70100.0,2.771769019248396,2.0x+,2.823376479232475,2.0x+,09:03~09:10,3.9942938659058402,938,-1.4265335235377985,911,918,919,911,,-0.7132667617689048,1.854493580599148,1.7118402282453538,3.566333808844502,close,918,71400.0,take_profit,0.9112268188302465,911,69399.0,stop,-1.9432667617689026
2026-03-25,2,opening_rebreak_v1,baseline,60,Top51~100,007660,이수페타시스,2.579034941763725,False,2~3%,0.47430830039525695,0.3~0.5%,917,126800.0,2.8824404761904763,2.0x+,2.90304569007905,2.0x+,09:11~09:20,0.4731861198738141,926,-1.577287066246058,940,,,930,,-0.7097791798107211,0.1577287066246047,-0.9463722397476393,-0.4731861198738141,close,930,125800.0,time_exit,-1.4129652996845377,930,125532.0,stop,-1.624321766561515
2026-03-25,2,opening_rebreak_v1,baseline,61,Top51~100,067310,하나마이크론,3.8284839203675425,False,3~4%,0.5847953216374269,0.5~0.7%,909,34425.0,2.842893325387366,2.0x+,2.874081682724013,2.0x+,09:03~09:10,2.3965141612200425,939,-0.0726216412490932,916,911,918,,,0.6535947712418277,1.2345679012345734,1.089324618736387,2.251270878721856,close,918,35150.0,take_profit,1.1498111837327474,911,34941.375,take_profit,0.543783587509068
2026-03-25,2,opening_rebreak_v1,baseline,67,Top51~100,000150,두산,3.301476976542128,False,3~4%,0.32180209171359614,0.3~0.5%,926,1245000.0,1.491955969517358,1.0~1.5x,1.4984231546606248,1.2~1.5x,09:21~09:30,0.48192771084336616,954,-0.40160642570281624,929,,,,,0.16064257028112205,0.24096385542169418,0.24096385542169418,0.48192771084336616,close,930,1246000.0,time_exit,-0.5512851405622391,930,1246000.0,time_exit,-0.5512851405622391
2026-03-25,2,opening_rebreak_v1,baseline,91,Top51~100,222800,심텍,2.992957746478875,False,2~3%,0.338409475465313,0.3~0.5%,910,59300.0,1.7092786731340948,1.5~2.0x,1.7188465086857319,1.5~2.0x,09:03~09:10,2.6981450252951067,939,-0.3372681281618939,913,916,926,,,0.8431703204047292,1.6863406408094361,1.180438448566612,2.5295109612141653,close,920,60300.0,take_profit,0.6131703204047143,919,60189.49999999999,take_profit,0.4268296795952684
2026-03-26,2,opening_rebreak_v1,baseline,18,Top1~20,038110,에코플라스틱,3.0042918454935563,False,3~4%,0.9888751545117428,0.7~1.0%,910,4120.0,1.4621400843937216,1.0~1.5x,1.504124131760832,1.5~2.0x,09:03~09:10,9.223300970873783,923,-0.24271844660194164,911,911,913,,,3.5194174757281482,7.888349514563098,5.825242718446599,4.3689320388349495,close,913,4285.0,take_profit,3.168058252427177,912,4181.799999999999,take_profit,0.6632038834951359
2026-03-26,2,opening_rebreak_v1,baseline,39,Top21~50,298380,에이비엘바이오,5.22344747533372,False,5~7%,0.8528784648187633,0.7~1.0%,926,188400.0,1.3805524861878453,1.0~1.5x,1.3994711257179027,1.2~1.5x,09:21~09:30,0.5307855626327074,944,-2.547770700636942,952,,,935,950,-0.7430997876857748,-0.424628450106157,-0.9023354564755892,-2.123142250530785,close,930,187100.0,time_exit,-1.185414012738859,930,187100.0,time_exit,-1.185414012738859
2026-03-26,2,opening_rebreak_v1,baseline,53,Top51~100,042660,한화오션,3.68885324779471,False,3~4%,0.38461538461538464,0.3~0.5%,926,130200.0,1.2762239624953386,1.0~1.5x,1.2849191464854721,1.2~1.5x,09:21~09:30,0.0,927,-2.1505376344086002,946,,,930,946,-0.691244239631339,-1.4592933947772613,-2.1505376344086002,-1.5360983102918557,close,930,128900.0,time_exit,-1.6124884792626704,930,128898.0,stop,-1.6140245775729656
2026-03-26,2,opening_rebreak_v1,baseline,67,Top51~100,226950,올릭스,3.4648187633262273,False,3~4%,0.798004987531172,0.7~1.0%,926,202500.0,1.4634880500872915,1.0~1.5x,1.4884194134924085,1.2~1.5x,09:21~09:30,1.4814814814814836,944,-2.2222222222222254,952,944,,929,952,0.0,-0.987654320987652,-0.7407407407407418,-0.987654320987652,close,929,199900.0,stop,-2.748518518518514,929,200475.0,stop,-2.4645679012345685
2026-03-30,2,opening_rebreak_v1,baseline,26,Top21~50,038110,에코플라스틱,5.263157894736836,False,5~7%,0.7518796992481203,0.7~1.0%,911,4725.0,1.6924697546582876,1.5~2.0x,1.7599130845277782,1.5~2.0x,09:11~09:20,0.10582010582009804,914,-5.714285714285716,932,,,913,915,-1.2698412698412653,-3.2804232804232836,-4.232804232804233,-3.703703703703709,close,915,4635.0,stop,-2.6638624338624384,913,4677.75,stop,-1.75910052910053
2026-03-30,2,opening_rebreak_v1,baseline,29,Top21~50,0088M0,메쥬,2.481389578163773,False,2~3%,0.4761904761904762,0.3~0.5%,909,42050.0,2.0968191964285716,2.0x+,2.1093599810962065,2.0x+,09:03~09:10,6.896551724137923,936,-1.3079667063020217,913,914,914,911,,1.0701545778834642,-0.47562425683710385,0.7134363852556502,4.161712247324623,close,913,41500.0,stop,-2.132497027348395,911,41629.5,stop,-1.8245303210463741
2026-03-30,2,opening_rebreak_v1,baseline,32,Top21~50,289080,SV인베스트먼트,4.725274725274731,False,4~5%,0.9211873080859775,0.7~1.0%,910,4910.0,2.658524241384852,2.0x+,2.715464192959861,2.0x+,09:03~09:10,2.443991853360483,931,-5.397148676171081,916,911,930,911,912,-3.665987780040736,-2.9531568228105876,1.2219959266802416,-2.7494908350305547,close,912,4815.0,stop,-2.6739918533604916,911,4860.9,stop,-1.7391649694501137
2026-03-31,2,opening_rebreak_v1,baseline,4,Top1~20,003280,흥아해운,4.404567699836859,False,4~5%,0.5822416302765648,0.5~0.7%,922,3440.0,1.3552230103390237,1.0~1.5x,1.3730946910080128,1.2~1.5x,09:21~09:30,0.8720930232558155,941,-4.215116279069764,929,,,923,925,-2.9069767441860517,-2.3255813953488413,-0.5813953488372103,-2.761627906976749,close,924,3380.0,stop,-2.7009302325581426,923,3405.6,stop,-1.9567441860465125
2026-03-31,2,opening_rebreak_v1,baseline,41,Top21~50,008350,남선알미늄,6.064981949458481,False,5~7%,0.7853403141361256,0.7~1.0%,909,1536.0,1.4021782340655111,1.0~1.5x,1.4206766276547658,1.2~1.5x,09:03~09:10,17.1875,928,0.06510416666667407,910,910,910,,,2.473958333333326,6.705729166666674,17.1875,16.6015625,close,910,1588.0,take_profit,2.8298958333333406,910,1559.04,take_profit,0.9444791666666569
2026-03-31,2,opening_rebreak_v1,baseline,48,Top21~50,001780,알루코,2.7972027972027913,False,2~3%,0.6756756756756757,0.5~0.7%,922,2250.0,2.3533538127259446,2.0x+,2.401381441557086,2.0x+,09:21~09:30,15.333333333333332,933,-0.666666666666671,923,924,925,,,7.777777777777772,14.444444444444438,10.222222222222221,7.55555555555556,close,925,2320.0,take_profit,1.7699999999999978,925,2283.75,take_profit,0.1588888888888791
2026-03-31,2,opening_rebreak_v1,baseline,55,Top51~100,126600,BGF에코머티리얼즈,6.573705179282863,False,5~7%,0.3401360544217687,0.3~0.5%,909,6140.0,2.2220382589891248,2.0x+,2.3370790783708557,2.0x+,09:03~09:10,6.1889250814332275,915,-10.423452768729646,928,910,910,912,912,0.32573289902280145,-8.306188925081436,-8.306188925081436,-9.934853420195445,close,910,6290.0,take_profit,1.3986644951140075,910,6232.099999999999,take_profit,0.45566775244298685
2026-03-31,2,opening_rebreak_v1,baseline,63,Top51~100,018470,조일알미늄,4.038772213247177,False,4~5%,0.6163328197226503,0.5~0.7%,908,6510.0,2.588599287455466,2.0x+,2.6126792808271446,2.0x+,09:03~09:10,22.35023041474655,931,-0.5376344086021501,909,910,910,,,3.7634408602150504,7.4500768049155175,20.583717357910913,18.356374807987706,close,910,6650.0,take_profit,1.1524884792626708,910,6607.65,take_profit,0.5019508448540609
2026-03-31,2,opening_rebreak_v1,baseline,91,Top51~100,101670,하이드로리튬,3.194103194103204,False,3~4%,0.9727626459143969,0.7~1.0%,911,2580.0,1.247949912405743,1.0~1.5x,1.2651122884113228,1.2~1.5x,09:11~09:20,2.519379844961245,912,-0.5813953488372103,912,912,912,,,2.519379844961245,2.519379844961245,2.519379844961245,2.519379844961245,close,913,2645.0,take_profit,1.3203875968992294,912,2618.7,take_profit,0.3010077519379748
2026-04-01,2,opening_rebreak_v1,baseline,6,Top1~20,079550,LIG넥스원,5.237315875613757,False,5~7%,0.45871559633027525,0.3~0.5%,912,658000.0,4.099062133645956,2.0x+,4.135694159202952,2.0x+,09:11~09:20,8.358662613981771,941,-0.1519756838905817,913,913,919,,,1.823708206686936,2.4316109422492405,7.14285714285714,7.750759878419444,close,915,668000.0,take_profit,0.5298784194528849,913,667869.9999999999,take_profit,0.5101215805471027
2026-04-01,2,opening_rebreak_v1,baseline,12,Top1~20,272210,한화시스템,3.9439088518843146,False,3~4%,0.5747126436781609,0.5~0.7%,923,122800.0,1.2970195272353546,1.0~1.5x,1.315227068080112,1.2~1.5x,09:21~09:30,2.931596091205213,934,-0.08143322475570036,926,930,932,,,0.24429967426708998,2.1172638436482094,0.9771986970684043,2.442996742671011,close,930,124600.0,time_exit,0.8286319218241048,930,124641.99999999999,take_profit,0.8628338762214885
2026-04-01,2,opening_rebreak_v1,baseline,20,Top1~20,050890,쏠리드,5.8590657165479065,False,5~7%,0.4158004158004158,0.3~0.5%,911,14530.0,2.112325523329333,2.0x+,2.1321629818481913,2.0x+,09:11~09:20,4.267033723331037,938,-1.10116999311769,921,913,929,921,,1.23881624225739,-0.9635237439779787,2.0646937370956575,2.821748107364064,close,928,14790.0,take_profit,1.2152856159669576,915,14747.949999999999,take_profit,0.9258843771507128
2026-04-01,2,opening_rebreak_v1,baseline,22,Top21~50,001510,SK증권,6.08695652173914,False,5~7%,0.4945598417408506,0.3~0.5%,905,4054.0,2.458999523626727,2.0x+,2.477332025045415,2.0x+,09:03~09:10,0.9866798223976403,915,-3.6013813517513538,911,,,906,908,-3.1080414405525447,0.9866798223976403,-1.8253576714356234,-1.2333497779970393,close,906,4004.0,stop,-2.080024666995559,906,4013.46,stop,-1.8466748889985207
2026-04-01,2,opening_rebreak_v1,baseline,28,Top21~50,100790,미래에셋벤처투자,6.355140186915897,False,5~7%,0.34965034965034963,0.3~0.5%,922,28850.0,1.9750911718158672,1.5~2.0x,2.016435629824905,2.0x+,09:21~09:30,5.025996533795496,946,-1.2131715771230511,923,931,938,923,,-0.17331022530329143,1.3864818024263537,2.772963604852685,1.559792027729645,close,924,28500.0,stop,-2.3097227036395154,923,28561.5,stop,-2.0965511265164656
2026-04-01,2,opening_rebreak_v1,baseline,32,Top21~50,047810,한국항공우주,6.253794778384947,False,5~7%,0.3945885005636978,0.3~0.5%,912,178200.0,2.0179500083878543,2.0x+,2.035080314061775,2.0x+,09:11~09:20,1.290684624017957,930,-0.6734006734006703,915,930,,,,-0.22446689113355678,0.056116722783383644,1.1784511784511675,0.7856341189674598,close,930,180500.0,time_exit,0.7801010101010097,930,180500.0,time_exit,0.7801010101010097
2026-04-01,2,opening_rebreak_v1,baseline,34,Top21~50,037030,파워넷,2.490421455938696,False,2~3%,0.9174311926605505,0.7~1.0%,920,5530.0,1.9276145507315436,1.5~2.0x,1.9740200862121178,1.5~2.0x,09:11~09:20,0.9041591320072317,934,-3.797468354430378,929,,,921,921,-2.3508137432188048,-1.6274864376130238,-0.7233273056057921,-1.3562386980108476,close,921,5430.0,stop,-2.9424773960216966,921,5474.7,stop,-2.134159132007234
2026-04-01,2,opening_rebreak_v1,baseline,45,Top21~50,064350,현대로템,4.011799410029493,False,4~5%,0.5042016806722689,0.5~0.7%,905,178800.0,1.9708504801097393,1.5~2.0x,1.9841670374077782,1.5~2.0x,09:03~09:10,2.348993288590595,931,-0.4474272930648726,910,907,931,,,-0.4474272930648726,0.7829977628635243,1.0626398210290766,2.0134228187919545,close,928,181600.0,take_profit,1.0563534675615227,927,181481.99999999997,take_profit,0.9903579418344421
2026-04-01,2,opening_rebreak_v1,baseline,52,Top51~100,086450,동국제약,3.177966101694918,False,3~4%,0.4056795131845842,0.3~0.5%,920,24750.0,3.219924812030075,2.0x+,3.246156378726858,2.0x+,09:11~09:20,10.1010101010101,947,-0.40404040404040664,921,922,925,,,2.4242424242424176,4.040404040404044,6.2626262626262585,8.686868686868676,close,925,25350.0,take_profit,1.1841414141414075,923,25121.249999999996,take_profit,0.2598989898989801
2026-04-01,2,opening_rebreak_v1,baseline,53,Top51~100,417200,LS머트리얼즈,5.39160045402951,False,5~7%,0.5277044854881267,0.5~0.7%,929,19130.0,1.6137595171136567,1.5~2.0x,1.6377304807630904,1.5~2.0x,09:21~09:30,3.0318870883429216,950,-0.2090956612650241,932,938,943,,,0.3659174072137894,0.5227391531625658,2.927339257710404,2.247778358599062,close,930,19190.0,time_exit,-0.1777260846837332,930,19190.0,time_exit,-0.1777260846837332
2026-04-01,2,opening_rebreak_v1,baseline,56,Top51~100,267270,HD건설기계,5.035971223021574,False,5~7%,0.5397625044980209,0.5~0.7%,925,141200.0,2.3581547402833274,2.0x+,2.403706762954397,2.0x+,09:21~09:30,2.337110481586402,944,-1.5580736543909346,954,939,943,954,,0.07082152974504652,0.0,1.770538243626052,0.3541076487252104,close,930,141300.0,time_exit,-0.513286118980166,930,141300.0,time_exit,-0.513286118980166
2026-04-01,2,opening_rebreak_v1,baseline,75,Top51~100,450080,에코프로머티,5.074626865671639,False,5~7%,0.8391608391608392,0.7~1.0%,928,71700.0,5.2180114669277025,2.0x+,5.248080676515186,2.0x+,09:21~09:30,1.8131101813110284,958,-0.4184100418409997,933,954,,,,-0.2789400278940035,0.1394700139470073,-0.2789400278940035,1.8131101813110284,close,930,71900.0,time_exit,-0.6484100418410146,930,71900.0,time_exit,-0.6484100418410146
2026-04-01,2,opening_rebreak_v1,baseline,83,Top51~100,347700,스피어,6.018518518518512,False,5~7%,0.4319654427645789,0.3~0.5%,908,46550.0,2.7816699713593303,2.0x+,2.808822932034204,2.0x+,09:03~09:10,0.5370569280343629,909,-2.5778732545649885,928,,,914,916,-0.3222341568206222,-1.933404940923733,-2.0408163265306145,0.21482277121374072,close,914,46000.0,stop,-1.94858216970999,914,46084.5,stop,-1.7670569280343726
2026-04-01,2,opening_rebreak_v1,baseline,91,Top51~100,178320,서진시스템,4.235294117647048,False,4~5%,0.4454342984409799,0.3~0.5%,929,45325.0,1.7691063829787235,1.5~2.0x,1.7938422104812224,1.5~2.0x,09:21~09:30,1.9305019305019266,938,-0.4964147821290732,932,933,,,,0.9376723662438025,1.4892443463871974,0.1654715940430318,1.6547159404302292,close,930,45200.0,time_exit,-1.0573579702151172,930,45200.0,time_exit,-1.0573579702151172
2026-04-01,2,opening_rebreak_v1,baseline,94,Top51~100,010950,S-Oil,3.038936372269707,False,3~4%,0.45537340619307837,0.3~0.5%,920,110300.0,5.851586946803755,2.0x+,5.897260998545522,2.0x+,09:11~09:20,0.7252946509519465,923,-1.2692656391659063,944,,,943,,-0.09066183136899886,-0.3626473254759732,-0.9066183136899331,-0.27198549410698547,close,930,109900.0,time_exit,-1.0459564823209415,930,109900.0,time_exit,-1.0459564823209415
2026-04-01,2,opening_rebreak_v1,baseline,95,Top51~100,440110,파두,5.658324265505987,False,5~7%,0.39215686274509803,0.3~0.5%,911,51700.0,1.2976069841764752,1.0~1.5x,1.3205960842898379,1.2~1.5x,09:11~09:20,0.7736943907156624,940,-3.0947775628626717,917,,,912,912,-2.5145067698259194,-1.934235976789167,-1.934235976789167,0.19342359767891004,close,912,50900.0,stop,-2.74450676982592,912,51183.0,stop,-2.1971179883945853
2026-04-01,2,opening_rebreak_v1,baseline,98,Top51~100,095340,ISC,5.793991416309008,False,5~7%,0.5836575875486382,0.5~0.7%,905,258000.0,1.5071556350626119,1.5~2.0x,1.521902754779467,1.5~2.0x,09:03~09:10,3.100775193798455,921,-1.1627906976744207,906,912,919,906,,0.3875968992248069,1.3565891472868241,2.9069767441860517,2.3255813953488413,close,919,263500.0,take_profit,0.9327906976744225,906,255420.0,stop,-2.1989922480620163
2026-04-01,2,opening_rebreak_v1,baseline,99,Top51~100,403870,HPSP,6.35696821515892,False,5~7%,0.6282124500285551,0.5~0.7%,930,43800.0,1.6207901554404145,1.5~2.0x,1.631968018581383,1.5~2.0x,09:21~09:30,0.0,931,-1.0273972602739767,952,,,952,,-0.45662100456621557,-0.6849315068493178,-0.6849315068493178,-0.3424657534246589,close,930,43800.0,time_exit,-0.8007762557077625,930,43800.0,time_exit,-0.8007762557077625
2026-04-02,2,opening_rebreak_v1,baseline,10,Top1~20,012450,한화에어로스페이스,6.151537884471114,False,5~7%,0.6228373702422145,0.5~0.7%,924,1453000.0,1.3518095859145745,1.0~1.5x,1.3678129027394685,1.2~1.5x,09:21~09:30,0.7570543702684063,925,-1.651754989676535,932,,,929,,-1.3076393668272512,-0.6882312456985562,-1.16999311768754,0.0,close,929,1434000.0,stop,-1.8817549896765287,929,1438470.0,stop,-1.5741156228492783
2026-04-02,2,opening_rebreak_v1,baseline,18,Top1~20,064350,현대로템,5.137711864406769,False,5~7%,0.36719706242350064,0.3~0.5%,915,205000.0,1.5661252900232019,1.5~2.0x,1.5760121223713661,1.5~2.0x,09:11~09:20,0.9756097560975618,916,-1.7073170731707332,940,,,920,,-0.9756097560975618,0.24390243902439046,-0.9756097560975618,-0.7317073170731714,close,930,204000.0,time_exit,-1.937317073170732,920,202950.0,stop,-2.449512195121952
2026-04-02,2,opening_rebreak_v1,baseline,34,Top21~50,065450,빅텍,2.8008298755186622,False,2~3%,0.9174311926605505,0.7~1.0%,909,5520.0,2.1662769976477296,2.0x+,2.214416486484346,2.0x+,09:03~09:10,5.434782608695654,936,-2.536231884057971,920,910,910,914,915,-1.7210144927536253,-2.1739130434782594,1.449275362318847,3.079710144927539,close,910,5660.0,take_profit,1.4004347826086847,910,5602.799999999999,take_profit,0.36420289855071486
2026-04-02,2,opening_rebreak_v1,baseline,92,Top51~100,010060,OCI홀딩스,2.84237726098191,False,2~3%,0.7334963325183375,0.7~1.0%,918,207000.0,1.3838297872340426,1.0~1.5x,1.4110973692485065,1.2~1.5x,09:11~09:20,3.864734299516903,945,-1.449275362318836,924,920,920,924,,-0.48309178743961567,0.9661835748792313,1.9323671497584627,3.7439613526569993,close,930,208500.0,time_exit,-0.7130917874396103,920,210104.99999999997,take_profit,0.0622705314009564
2026-04-03,2,opening_rebreak_v1,baseline,8,Top1~20,047040,대우건설,4.92700729927007,False,4~5%,0.3374578177727784,0.3~0.5%,911,17800.0,1.588892695547391,1.5~2.0x,1.593637560990822,1.5~2.0x,09:11~09:20,0.16853932584268705,912,-5.1685393258426915,941,,,919,921,-0.7303370786516883,-2.5842696629213457,-2.2471910112359605,-4.831460674157306,close,919,17590.0,stop,-1.6906741573033703,919,17622.0,stop,-1.5108988764044953
2026-04-03,2,opening_rebreak_v1,baseline,13,Top1~20,009150,삼성전기,5.515587529976029,False,5~7%,0.4459308807134894,0.3~0.5%,915,449000.0,3.718275652701882,2.0x+,3.739094665314995,2.0x+,09:11~09:20,1.5590200445434244,945,-1.0022271714922093,920,927,,920,,-0.5567928730512262,0.6681514476614803,0.22271714922048602,1.4476614699331813,close,930,452500.0,time_exit,-0.007282850779501637,920,444510.0,stop,-1.7867928730512257
2026-04-03,2,opening_rebreak_v1,baseline,16,Top1~20,028050,삼성E&A,4.415954415954415,False,4~5%,0.7702182284980745,0.7~1.0%,910,39200.0,1.2344361493123772,1.0~1.5x,1.2520025110749078,1.2~1.5x,09:03~09:10,3.1887755102040893,933,-1.913265306122447,922,914,928,912,,1.0204081632652962,-1.0204081632653073,2.0408163265306145,0.0,close,918,38750.0,stop,-2.0157142857142913,912,38808.0,stop,-1.8677551020408172
2026-04-03,2,opening_rebreak_v1,baseline,19,Top1~20,100090,SK오션플랜트,4.232804232804233,False,4~5%,0.4975124378109453,0.3~0.5%,910,30300.0,1.7990575883115651,1.5~2.0x,1.8170481641946807,1.5~2.0x,09:03~09:10,0.990099009900991,929,-5.775577557755773,920,,,913,915,-1.8151815181518205,-3.63036303630363,-0.990099009900991,-1.8151815181518205,close,913,29850.0,stop,-2.5402310231023115,913,29997.0,stop,-2.055082508250826
2026-04-03,2,opening_rebreak_v1,baseline,25,Top21~50,375500,DL이앤씨,5.286343612334798,False,5~7%,0.8496732026143791,0.7~1.0%,917,77500.0,2.4708582978416227,2.0x+,2.516800653747379,2.0x+,09:11~09:20,1.806451612903226,934,-2.9677419354838697,923,926,,919,920,-2.709677419354839,1.2903225806451646,-1.4193548387096744,-1.0322580645161339,close,919,76500.0,stop,-2.165483870967745,919,76725.0,stop,-1.8751612903225814
2026-04-03,2,opening_rebreak_v1,baseline,28,Top21~50,402340,SK스퀘어,2.3429179978700754,False,2~3%,0.9259259259259258,0.7~1.0%,917,487000.0,1.6707474226804124,1.5~2.0x,1.6898317649955572,1.5~2.0x,09:11~09:20,0.0,918,-2.258726899383978,938,,,922,936,-1.0266940451745366,-0.924024640657084,-2.053388090349073,-1.129363449691989,close,922,482000.0,stop,-1.7700410677618055,922,482130.0,stop,-1.7433470225872698
2026-04-03,2,opening_rebreak_v1,baseline,32,Top21~50,112610,씨에스윈드,2.157164869029282,False,2~3%,0.43859649122807015,0.3~0.5%,907,68500.0,1.2409234779370695,1.0~1.5x,1.2482123089381683,1.2~1.5x,09:03~09:10,9.197080291970794,934,0.0,908,908,909,,,3.795620437956204,4.671532846715332,7.153284671532845,8.32116788321169,close,909,69900.0,take_profit,1.0838686131386792,908,69527.5,take_profit,0.5400729927007202
2026-04-03,2,opening_rebreak_v1,baseline,43,Top21~50,005490,POSCO홀딩스,2.4926686217008776,False,2~3%,0.41841004184100417,0.3~0.5%,911,359500.0,5.357727077055531,2.0x+,5.395246174233792,2.0x+,09:11~09:20,0.6954102920723182,913,-2.0862308762169657,922,,,919,922,-0.6954102920723182,-1.5299026425591111,-1.3908205841446475,-1.6689847009735748,close,919,355500.0,stop,-2.038066759388043,919,355905.0,stop,-1.9254102920723235
2026-04-03,2,opening_rebreak_v1,baseline,45,Top21~50,010820,퍼스텍,3.283173734610134,False,3~4%,0.7228915662650602,0.7~1.0%,923,8440.0,1.8266986801356733,1.5~2.0x,1.871036026740908,1.5~2.0x,09:21~09:30,0.11848341232227888,924,-3.791469194312791,935,,,924,925,-1.6587677725118488,-3.3175355450236976,-2.1327014218009532,-2.3696682464455,close,924,8340.0,stop,-2.007251184834119,924,8355.6,stop,-1.8224170616113753
2026-04-03,2,opening_rebreak_v1,baseline,54,Top51~100,058470,리노공업,2.219979818365281,False,2~3%,0.7820136852394917,0.7~1.0%,926,102400.0,1.5707065702110792,1.5~2.0x,1.5827482932484334,1.5~2.0x,09:21~09:30,0.09765625,927,-1.171875,936,,,936,,-0.29296875,-1.07421875,-0.5859375,-0.1953125,close,930,102200.0,time_exit,-0.91359375,930,102200.0,time_exit,-0.91359375
2026-04-03,2,opening_rebreak_v1,baseline,66,Top51~100,069540,빛과전자,6.907378335949765,False,5~7%,0.5763688760806917,0.5~0.7%,910,3530.0,2.0196592657036896,2.0x+,2.0958008722316515,2.0x+,09:03~09:10,1.6997167138810276,911,-7.365439093484416,940,911,,912,912,0.0,-1.9830028328611915,-5.9490084985835745,-6.515580736543914,close,912,3455.0,stop,-3.0628611898016986,911,3582.95,take_profit,0.5617847025495653
2026-04-03,2,opening_rebreak_v1,baseline,75,Top51~100,027360,아주IB투자,6.150341685649208,False,5~7%,0.8403361344537815,0.7~1.0%,914,9700.0,2.860907133932469,2.0x+,2.953065175384253,2.0x+,09:11~09:20,0.0,915,-7.8350515463917585,940,,,915,916,-1.9587628865979423,-3.9175257731958735,-6.391752577319587,-6.804123711340204,close,915,9580.0,stop,-1.9825773195876244,915,9603.0,stop,-1.745463917525774
2026-04-03,2,opening_rebreak_v1,baseline,81,Top51~100,100840,SNT에너지,4.264392324093813,False,4~5%,0.7751937984496124,0.7~1.0%,912,51700.0,1.7156128542989857,1.5~2.0x,1.7374462843096148,1.5~2.0x,09:11~09:20,3.481624758220514,935,-1.1605415860735047,919,913,923,919,,-0.5802707930367523,-0.19342359767892114,0.09671179883945502,2.7079303675048294,close,914,52500.0,take_profit,0.3502707930367406,913,52475.49999999999,take_profit,0.30288201160540607
2026-04-03,2,opening_rebreak_v1,baseline,88,Top51~100,006360,GS건설,2.2900763358778553,False,2~3%,0.36496350364963503,0.3~0.5%,908,27500.0,1.57890749936874,1.5~2.0x,1.5873664251796382,1.5~2.0x,09:03~09:10,2.7272727272727337,930,-0.727272727272732,909,912,915,,,1.454545454545464,1.090909090909098,1.8181818181818077,0.727272727272732,close,914,27950.0,take_profit,0.49727272727272664,912,27912.499999999996,take_profit,0.3609090909090811
2026-04-03,2,opening_rebreak_v1,baseline,97,Top51~100,036930,주성엔지니어링,4.6052631578947345,False,4~5%,0.3076923076923077,0.3~0.5%,920,65300.0,1.816685931869178,1.5~2.0x,1.8289494926030025,1.5~2.0x,09:11~09:20,0.9188361408882129,921,-3.369065849923425,938,,,923,931,-0.7656967840735107,-1.9908116385911168,-2.7565084226646275,-1.3782542113323082,close,923,64600.0,stop,-2.0676722817764217,923,64647.0,stop,-1.9956967840735078
2026-04-06,2,opening_rebreak_v1,baseline,4,Top1~20,010170,대한광통신,3.610675039246458,False,3~4%,0.7127583749109052,0.7~1.0%,911,14370.0,1.4367755456418398,1.0~1.5x,1.4821582620870954,1.2~1.5x,09:11~09:20,3.47947112038971,916,-3.2707028531663185,928,916,916,927,927,3.409881697981909,2.2268615170494055,-2.1572720946416157,0.0,close,916,14860.0,take_profit,2.831934585942939,916,14585.55,take_profit,0.9220528879610201
2026-04-06,2,opening_rebreak_v1,baseline,7,Top1~20,028050,삼성E&A,6.041923551171391,False,5~7%,0.44150110375275936,0.3~0.5%,919,45500.0,1.5082744550177303,1.5~2.0x,1.5558201183498264,1.5~2.0x,09:11~09:20,3.1868131868131977,936,-1.8681318681318726,921,924,927,921,,0.3296703296703285,2.0879120879120805,0.879120879120876,0.9890109890109855,close,927,46375.0,take_profit,1.1436263736263668,921,45045.0,stop,-1.7794505494505504
2026-04-06,2,opening_rebreak_v1,baseline,25,Top21~50,375500,DL이앤씨,4.266666666666663,False,4~5%,0.37926675094816686,0.3~0.5%,917,79400.0,1.4391686519346094,1.0~1.5x,1.4501267888782738,1.2~1.5x,09:11~09:20,1.0075566750629816,924,-1.7632241813602012,936,924,,921,,-0.25188916876573986,-0.7556675062972307,-1.0075566750629705,-1.6372795969773257,close,928,78400.0,stop,-2.1191687657430682,921,78606.0,stop,-1.8597229219143587
2026-04-06,2,opening_rebreak_v1,baseline,30,Top21~50,001250,GS글로벌,4.416403785488954,False,4~5%,0.4335260115606936,0.3~0.5%,925,3520.0,1.2276140671751117,1.0~1.5x,1.2543400628320445,1.2~1.5x,09:21~09:30,9.943181818181813,933,0.0,926,926,926,,,7.954545454545459,6.818181818181812,3.8352272727272707,4.545454545454541,close,926,3640.0,take_profit,2.4688636363636443,926,3572.7999999999997,take_profit,0.5597727272727175
2026-04-06,2,opening_rebreak_v1,baseline,61,Top51~100,005860,한일사료,5.237515225334954,False,5~7%,0.6880733944954129,0.5~0.7%,921,4435.0,1.7731118743515437,1.5~2.0x,1.8161088135679206,1.5~2.0x,09:21~09:30,8.680947012401363,933,-1.6910935738444155,923,924,924,922,,1.4656144306651742,6.200676437429542,3.1567080045095786,1.2401352874858995,close,923,4380.0,stop,-2.03383314543405,922,4390.65,stop,-1.7936978579481517
2026-04-06,2,opening_rebreak_v1,baseline,72,Top51~100,014160,대영포장,2.2900763358778553,False,2~3%,0.8032128514056224,0.7~1.0%,928,1267.0,4.7291868148093466,2.0x+,4.851724448877281,2.0x+,09:21~09:30,1.9731649565903675,929,-3.7095501183898927,941,929,,941,941,-0.39463299131807794,-0.07892659826361781,-1.7363851617995252,-3.314917127071826,close,930,1282.0,time_exit,0.5592659826361374,929,1286.0049999999999,take_profit,0.875367008681916
2026-04-06,2,opening_rebreak_v1,baseline,84,Top51~100,0004V0,엔비알모션,3.797468354430378,False,3~4%,0.8888888888888888,0.7~1.0%,920,23400.0,1.2805981371883186,1.0~1.5x,1.3437666551662177,1.2~1.5x,09:11~09:20,2.564102564102555,923,-10.68376068376068,948,922,923,921,926,-1.7094017094017144,-3.6324786324786307,-8.333333333333337,-9.615384615384615,close,923,23900.0,take_profit,0.8383760683760608,921,23166.0,stop,-2.2983760683760694
2026-04-07,2,opening_rebreak_v1,baseline,28,Top21~50,000720,현대건설,2.304147465437789,False,2~3%,0.5040957781978576,0.5~0.7%,921,159400.0,2.431611316113161,2.0x+,2.4547108536316524,2.0x+,09:21~09:30,4.328732747804276,933,-0.18820577164366803,924,925,929,,,1.0037641154328814,3.450439146800499,2.823086574654954,1.2547051442910906,close,929,162500.0,take_profit,1.4011166875784262,929,161790.99999999997,take_profit,0.9563237139272173
2026-04-07,2,opening_rebreak_v1,baseline,31,Top21~50,402340,SK스퀘어,2.1560574948665368,False,2~3%,0.5976095617529881,0.5~0.7%,916,505000.0,1.5724755700325732,1.5~2.0x,1.5913830919167324,1.5~2.0x,09:11~09:20,1.980198019801982,930,-0.990099009900991,920,927,,,,-0.7920792079207928,0.3960396039603964,1.1881188118811892,1.3861386138613874,close,929,514000.0,take_profit,0.5620792079207937,929,512574.99999999994,take_profit,0.27990099009900016
2026-04-07,2,opening_rebreak_v1,baseline,95,Top51~100,277810,레인보우로보틱스,2.2140221402213944,False,2~3%,0.8665511265164645,0.7~1.0%,917,582000.0,2.6736401673640167,2.0x+,2.7232456517719683,2.0x+,09:11~09:20,0.3436426116838476,920,-2.405498281786944,932,,,921,927,-0.6872852233676952,-1.8900343642611728,-1.8900343642611728,-2.0618556701030966,close,923,572000.0,stop,-2.807319587628871,921,576180.0,stop,-2.089106529209623
2026-04-08,2,opening_rebreak_v1,baseline,4,Top1~20,000720,현대건설,5.965362411802433,False,5~7%,0.528169014084507,0.5~0.7%,923,170500.0,2.146676226569702,2.0x+,2.1593409830686383,2.0x+,09:21~09:30,4.222873900293256,933,-0.2932551319648091,924,926,927,,,2.346041055718473,2.75659824046921,1.4662756598240456,2.28739002932552,close,927,173800.0,take_profit,1.4122287390029262,927,173057.49999999997,take_profit,0.9767448680351808
2026-04-08,2,opening_rebreak_v1,baseline,6,Top1~20,032820,우리기술,6.766917293233088,False,5~7%,0.4608294930875576,0.3~0.5%,924,21925.0,1.5551522523936587,1.5~2.0x,1.5785515339690264,1.5~2.0x,09:21~09:30,4.675028506271373,933,-1.026225769669331,925,928,931,925,,1.710376282782211,2.394526795895091,-0.11402508551880963,2.394526795895091,close,929,22300.0,take_profit,0.3401254275940697,925,21705.75,stop,-2.370250855188142
2026-04-08,2,opening_rebreak_v1,baseline,12,Top1~20,375500,DL이앤씨,6.21693121693121,False,5~7%,0.7246376811594203,0.7~1.0%,913,83700.0,2.9544985515665245,2.0x+,3.047698116615819,2.0x+,09:11~09:20,10.513739545997613,929,-0.8363201911589013,914,916,918,,,2.0310633213858953,5.376344086021501,7.765830346475511,3.942652329749108,close,916,85200.0,take_profit,0.964743130227007,916,84955.49999999999,take_profit,0.6726284348864896
2026-04-08,2,opening_rebreak_v1,baseline,47,Top21~50,001440,대한전선,5.328596802841923,False,5~7%,0.49916805324459235,0.3~0.5%,911,30150.0,7.6641183588164115,2.0x+,7.728199615997151,2.0x+,09:11~09:20,0.8291873963515828,931,-0.995024875621886,915,,,,,-0.497512437810943,-0.16583747927031434,0.8291873963515828,0.0,close,930,30250.0,time_exit,-0.7275124378109468,930,30250.0,time_exit,-0.7275124378109468
2026-04-08,2,opening_rebreak_v1,baseline,82,Top51~100,090710,휴림로봇,4.519230769230775,False,4~5%,0.365296803652968,0.3~0.5%,919,10960.0,2.6137688954311273,2.0x+,2.6234564992445235,2.0x+,09:11~09:20,0.8211678832116709,939,-1.0036496350364965,927,,,927,,-0.7299270072992692,-0.7299270072992692,0.6386861313868675,0.8211678832116709,close,928,10850.0,stop,-1.6898540145985401,927,10850.4,stop,-1.6862043795620445
2026-04-08,2,opening_rebreak_v1,baseline,90,Top51~100,028300,HLB,4.597701149425282,False,4~5%,0.36231884057971014,0.3~0.5%,925,55400.0,3.225321888412017,2.0x+,3.2487787748731956,2.0x+,09:21~09:30,0.5415162454873723,926,-2.166064981949456,941,,,934,941,-0.7220216606498187,-1.2635379061371799,-1.2635379061371799,-1.0830324909747335,close,930,55000.0,time_exit,-1.854548736462093,930,55000.0,time_exit,-1.854548736462093
2026-04-09,2,opening_rebreak_v1,baseline,13,Top1~20,278470,에이피알,6.408345752608047,False,5~7%,0.398406374501992,0.3~0.5%,909,382000.0,2.1559965487489214,2.0x+,2.196241817658901,2.0x+,09:03~09:10,0.7853403141361293,910,-4.712041884816753,919,,,912,915,-1.4397905759162333,-4.188481675392675,-3.27225130890052,-2.486910994764402,close,912,376500.0,stop,-2.3242408376963377,912,378180.0,stop,-1.8844502617801056
2026-04-09,2,opening_rebreak_v1,baseline,28,Top21~50,100590,머큐리,2.0297699594046037,False,2~3%,0.5910165484633569,0.5~0.7%,917,9040.0,1.3686394409259663,1.0~1.5x,1.4711653443484822,1.2~1.5x,09:11~09:20,5.088495575221241,921,-5.641592920353977,947,920,920,918,918,2.433628318584069,2.3230088495575174,-2.2676991150442527,-5.641592920353977,close,920,9360.0,take_profit,2.7567256637168196,918,8949.6,stop,-1.7830973451327443
2026-04-09,2,opening_rebreak_v1,baseline,88,Top51~100,024740,한일단조,2.961672473867605,False,2~3%,0.9787928221859705,0.7~1.0%,928,3170.0,11.410327595780121,2.0x+,12.044041522976112,2.0x+,09:21~09:30,3.6277602523659302,951,-4.100946372239744,942,929,948,929,931,-0.1577287066246047,-2.208201892744477,2.5236593059936974,-0.1577287066246047,close,930,3115.0,stop,-2.753659305993691,929,3138.3,stop,-2.018643533123018
2026-04-10,2,opening_rebreak_v1,baseline,3,Top1~20,010170,대한광통신,2.186177715091686,False,2~3%,0.5921052631578948,0.5~0.7%,906,15460.0,1.7974475282311642,1.5~2.0x,1.8390826463569687,1.5~2.0x,09:03~09:10,13.454075032341528,936,-1.2289780077619716,907,908,909,907,,0.9055627425614388,1.2936610608020649,7.89133247089262,13.454075032341528,close,908,15700.0,take_profit,0.9989780077619648,907,15305.4,stop,-1.5534152652005184
2026-04-10,2,opening_rebreak_v1,baseline,5,Top1~20,050890,쏠리드,2.1097046413502074,False,2~3%,0.4,0.3~0.5%,908,15140.0,1.5033182831964316,1.5~2.0x,1.5234430259433718,1.5~2.0x,09:03~09:10,10.039630118890353,937,-0.13210039630119352,909,909,910,,,1.1889035667107084,5.482166446499348,5.746367239101713,9.841479524438569,close,909,15420.0,take_profit,1.2891545574636705,909,15367.099999999999,take_profit,0.939749009247018
2026-04-10,2,opening_rebreak_v1,baseline,6,Top1~20,009150,삼성전기,2.7131782945736482,False,2~3%,0.45004500450045004,0.3~0.5%,911,558000.0,1.3377591427905893,1.0~1.5x,1.3498546142443921,1.2~1.5x,09:11~09:20,3.584229390680993,939,-0.35842293906810374,927,914,918,,,1.4336917562723928,1.0752688172043001,1.6129032258064502,2.508960573476693,close,917,569000.0,take_profit,0.8452688172042919,914,566370.0,take_profit,0.37394265232973933
2026-04-10,2,opening_rebreak_v1,baseline,15,Top1~20,038500,삼표시멘트,6.283343212803794,False,5~7%,0.7982969664715274,0.7~1.0%,914,18870.0,1.380282676893616,1.0~1.5x,1.3973140618552862,1.2~1.5x,09:11~09:20,4.345521992580825,919,-3.6565977742448297,942,917,917,916,937,3.868574456809748,1.748807631160565,-1.5898251192368873,-3.0206677265500748,close,916,18650.0,stop,-1.660842607313198,916,18681.3,stop,-1.4949708532061483
2026-04-10,2,opening_rebreak_v1,baseline,20,Top1~20,069540,빛과전자,6.982248520710055,False,5~7%,0.5025125628140703,0.5~0.7%,919,4990.0,1.9016523656169624,1.5~2.0x,1.9526891608414425,1.5~2.0x,09:11~09:20,9.218436873747503,927,-2.605210420841686,920,922,922,920,920,5.811623246492981,3.8076152304609145,5.210420841683372,5.4108216432865675,close,920,4865.0,stop,-3.236012024048093,920,4940.1,stop,-1.7310020040080056
2026-04-10,2,opening_rebreak_v1,baseline,21,Top21~50,005290,동진쎄미켐,3.107658157602655,False,3~4%,0.6382978723404255,0.5~0.7%,914,47200.0,2.4815456593311382,2.0x+,2.5081146706730135,2.0x+,09:11~09:20,7.203389830508478,941,-0.6355932203389814,916,919,922,,,1.0593220338983134,3.601694915254239,4.978813559322037,6.144067796610164,close,922,48050.0,take_profit,1.041186440677967,921,47907.99999999999,take_profit,0.7403389830508378
2026-04-10,2,opening_rebreak_v1,baseline,34,Top21~50,490470,세미파이브,2.4896265560165887,False,2~3%,0.4,0.3~0.5%,912,25050.0,34.52173913043478,2.0x+,34.729701414353066,2.0x+,09:11~09:20,11.576846307385225,942,-0.5988023952095856,913,916,916,,,4.191616766467066,5.788423153692612,6.18762475049901,9.381237524950103,close,916,26200.0,take_profit,3.362814371257495,916,25425.749999999996,take_profit,0.27199600798402224
2026-04-10,2,opening_rebreak_v1,baseline,40,Top21~50,298040,효성중공업,3.2269257460097123,False,3~4%,0.7275132275132274,0.7~1.0%,910,3039000.0,2.9293478260869565,2.0x+,2.9654523795730383,2.0x+,09:03~09:10,1.0858835143139123,914,-3.027311615663042,928,914,,920,926,0.32905561039815456,-0.5923000987166804,-2.9285949325436045,-2.0072392234287584,close,923,3004000.0,stop,-1.5462224415926307,920,3008610.0,stop,-1.3945278051990795
2026-04-10,2,opening_rebreak_v1,baseline,42,Top21~50,062040,산일전기,3.017543859649119,False,3~4%,0.6089309878213802,0.5~0.7%,925,148300.0,5.949400104329682,2.0x+,5.99820163338926,2.0x+,09:21~09:30,1.9554956169925752,955,-0.539447066756571,930,938,,,,-0.47201618341200513,0.6743088334457248,1.078894133513142,1.8880647336480205,close,930,147600.0,time_exit,-1.0391706001348642,930,147600.0,time_exit,-1.0391706001348642
2026-04-10,2,opening_rebreak_v1,baseline,91,Top51~100,067310,하나마이크론,2.348993288590595,False,2~3%,0.4792332268370607,0.3~0.5%,908,31450.0,2.028035745575609,2.0x+,2.0475673899952778,2.0x+,09:03~09:10,2.861685214626397,915,-0.4769475357710662,909,911,914,,,1.4308426073131875,1.11287758346581,0.9538950715421324,1.11287758346581,close,912,31950.0,take_profit,0.5649125596184454,912,31921.749999999996,take_profit,0.4750874403815484
2026-04-10,2,opening_rebreak_v1,baseline,92,Top51~100,088800,에이스테크,3.023255813953485,False,3~4%,0.6543075245365322,0.5~0.7%,920,4595.0,4.200921951994913,2.0x+,4.237812594822531,2.0x+,09:11~09:20,21.653971708378684,943,-1.7410228509249226,922,921,921,922,,-0.10881392818280489,10.772578890097929,16.866158868335155,21.653971708378684,close,922,4545.0,stop,-1.862208922742108,921,4663.924999999999,take_profit,0.7259303590859533
2026-04-13,2,opening_rebreak_v1,baseline,51,Top51~100,005290,동진쎄미켐,2.020202020202011,False,2~3%,0.5859375,0.5~0.7%,915,51500.0,2.9887278582930756,2.0x+,3.0239584420843495,2.0x+,09:11~09:20,4.660194174757271,931,-0.3883495145631022,916,922,925,,,0.0,2.5242718446601975,2.7184466019417375,2.9126213592232997,close,923,52300.0,take_profit,0.35252427184466395,923,52272.49999999999,take_profit,0.29912621359222324
2026-04-13,2,opening_rebreak_v1,baseline,66,Top51~100,217590,티엠씨,3.7190082644628086,False,3~4%,0.39447731755424065,0.3~0.5%,907,25450.0,1.5264644479921405,1.5~2.0x,1.5385552555009891,1.5~2.0x,09:03~09:10,20.039292730844792,931,-0.7858546168958758,908,909,911,,,2.16110019646365,7.072691552062871,17.48526522593321,17.878192534381142,close,911,26100.0,take_profit,1.3417092337917396,911,25831.749999999996,take_profit,0.2876817288801474
2026-04-14,2,opening_rebreak_v1,baseline,5,Top1~20,006800,미래에셋증권,3.215926493108734,False,3~4%,0.5813953488372093,0.5~0.7%,917,69000.0,1.5720961817452233,1.5~2.0x,1.5837462040088728,1.5~2.0x,09:11~09:20,7.246376811594213,947,-0.5797101449275366,920,920,922,,,2.60869565217392,2.898550724637672,5.362318840579716,7.101449275362315,close,921,70200.0,take_profit,0.7844927536231784,921,70035.0,take_profit,0.54536231884057
2026-04-14,2,opening_rebreak_v1,baseline,9,Top1~20,402340,SK스퀘어,3.7931034482758585,False,3~4%,0.3262642740619902,0.3~0.5%,927,617000.0,2.3428489042675893,2.0x+,2.3658556038184986,2.0x+,09:21~09:30,1.296596434359798,951,-0.648298217179899,929,951,,,,0.16207455429497752,-0.16207455429497752,0.8103727714748876,0.6482982171799101,close,930,617000.0,time_exit,-1.0403727714748785,930,617000.0,time_exit,-1.0403727714748785
2026-04-14,2,opening_rebreak_v1,baseline,14,Top1~20,027360,아주IB투자,3.325688073394506,False,3~4%,0.32573289902280134,0.3~0.5%,909,9290.0,1.6856153980229576,1.5~2.0x,1.7058134038816204,1.5~2.0x,09:03~09:10,20.55974165769645,939,-0.6458557588805203,910,910,911,,,8.180839612486546,7.319698600645852,17.976318622174393,19.59095801937567,close,911,9540.0,take_profit,1.9228525296017152,910,9429.349999999999,take_profit,0.7317868675995597
2026-04-14,2,opening_rebreak_v1,baseline,22,Top21~50,432720,퀄리타스반도체,3.6053130929791344,False,3~4%,0.8998200359928014,0.7~1.0%,916,16810.0,2.1914552431132237,2.0x+,2.229925099075865,2.0x+,09:11~09:20,3.807257584770962,943,-1.6656751933373015,926,920,940,926,,0.8923259964306984,-1.6656751933373015,0.9518143961927406,2.974419988102328,close,926,16530.0,stop,-2.1931171921475334,926,16641.9,stop,-1.5274419988102217
2026-04-14,2,opening_rebreak_v1,baseline,30,Top21~50,347700,스피어,2.709359605911321,False,2~3%,0.91324200913242,0.7~1.0%,920,44150.0,1.3242142346012,1.0~1.5x,1.3470981211438475,1.2~1.5x,09:11~09:20,10.985277463193665,950,0.0,921,921,921,,,5.3227633069082625,5.096262740656843,5.889014722536801,10.985277463193665,close,921,45350.0,take_profit,1.9217553793884528,921,44812.24999999999,take_profit,0.7037485843714512
2026-04-14,2,opening_rebreak_v1,baseline,31,Top21~50,368770,파이버프로,2.3809523809523725,False,2~3%,0.819672131147541,0.7~1.0%,923,25100.0,2.1897156110803615,2.0x+,2.267203939401679,2.0x+,09:21~09:30,16.33466135458168,951,-0.5976095617529875,924,925,925,,,4.980079681274896,12.948207171314753,10.55776892430278,14.54183266932272,close,925,25750.0,take_profit,1.3636254980079658,925,25476.499999999996,take_profit,0.27398406374501016
2026-04-14,2,opening_rebreak_v1,baseline,46,Top21~50,353200,대덕전자,2.9069767441860517,False,2~3%,0.5599104143337066,0.5~0.7%,923,89400.0,2.1944852170266302,2.0x+,2.209312819844378,2.0x+,09:21~09:30,1.5659955257270708,940,-0.6711409395973145,933,927,,,,1.0067114093959662,-0.3355704697986628,0.22371364653244186,0.8948545861297452,close,930,90300.0,time_exit,0.21742729306486996,930,90300.0,time_exit,0.21742729306486996
2026-04-14,2,opening_rebreak_v1,baseline,48,Top21~50,336260,두산퓨얼셀,4.127829560585883,False,4~5%,0.9779951100244498,0.7~1.0%,911,40950.0,2.9814387031408307,2.0x+,2.996114811387433,2.0x+,09:11~09:20,6.959706959706957,941,-1.3431013431013383,917,919,924,915,,-1.2210012210012167,1.46520146520146,3.663003663003672,6.959706959706957,close,915,40450.0,stop,-2.061501831501827,915,40540.5,stop,-1.8405006105006114
2026-04-14,2,opening_rebreak_v1,baseline,57,Top51~100,417200,LS머트리얼즈,4.656862745098045,False,4~5%,0.6772009029345373,0.5~0.7%,912,22500.0,1.479642418336652,1.0~1.5x,1.5161956472976865,1.5~2.0x,09:11~09:20,2.777777777777768,916,-1.5555555555555545,927,916,916,927,,1.5555555555555545,0.22222222222221255,0.0,0.22222222222221255,close,916,22950.0,take_profit,0.6588888888888906,916,22837.499999999996,take_profit,0.1588888888888791
2026-04-14,2,opening_rebreak_v1,baseline,79,Top51~100,071050,한국금융지주,3.2520325203251987,False,3~4%,0.5825242718446602,0.5~0.7%,917,258000.0,1.6762589928057554,1.5~2.0x,1.6893547661870503,1.5~2.0x,09:11~09:20,0.9689922480620172,941,-1.5503875968992276,924,,,923,,-0.5813953488372103,-1.3565891472868241,0.0,0.0,close,923,255000.0,stop,-2.361782945736436,923,255420.0,stop,-2.1989922480620163
2026-04-14,2,opening_rebreak_v1,baseline,97,Top51~100,007810,코리아써키트,3.535353535353525,False,3~4%,0.5910165484633569,0.5~0.7%,925,84900.0,1.3306703716568253,1.0~1.5x,1.3433283537891139,1.2~1.5x,09:21~09:30,4.593639575971742,951,-0.9422850412249661,932,938,940,,,0.11778563015312216,-0.35335689045936647,3.5335689045936425,4.004711425206131,close,930,85000.0,time_exit,-0.7011425206124844,930,85000.0,time_exit,-0.7011425206124844
2026-04-15,2,opening_rebreak_v1,baseline,3,Top1~20,047040,대우건설,2.127659574468077,False,2~3%,0.7590132827324478,0.7~1.0%,909,27000.0,1.3745223704775178,1.0~1.5x,1.419200917892657,1.2~1.5x,09:03~09:10,5.370370370370381,939,-2.037037037037037,911,913,914,911,911,2.2222222222222143,1.6666666666666607,3.3333333333333437,5.370370370370381,close,914,27600.0,take_profit,1.0662962962962885,911,26730.0,stop,-2.155925925925927
2026-04-15,2,opening_rebreak_v1,baseline,5,Top1~20,050890,쏠리드,2.1327014218009532,False,2~3%,0.6054490413723511,0.5~0.7%,927,19900.0,2.2624030299439917,2.0x+,2.2853715886236263,2.0x+,09:21~09:30,0.2512562814070307,928,-7.286432160804024,951,,,928,928,-3.618090452261302,-3.618090452261302,-5.427135678391959,-5.929648241206031,close,928,19510.0,stop,-2.441055276381906,928,19701.0,stop,-1.481256281407036
2026-04-15,2,opening_rebreak_v1,baseline,8,Top1~20,011930,신성이엔지,3.208556149732611,False,3~4%,0.7662835249042145,0.7~1.0%,908,39850.0,2.9018709094515085,2.0x+,2.9765651413550223,2.0x+,09:03~09:10,2.634880803011286,924,-2.885821831869506,912,922,924,909,911,-2.208281053952321,-0.37641154328732496,-0.8782936010037656,0.6273525721455453,close,909,39300.0,stop,-2.237528230865741,909,39451.5,stop,-1.8573525721455466
2026-04-15,2,opening_rebreak_v1,baseline,14,Top1~20,009150,삼성전기,4.965753424657526,False,4~5%,0.48,0.3~0.5%,915,628000.0,1.4163129728732238,1.0~1.5x,1.4299751558912934,1.2~1.5x,09:11~09:20,0.9554140127388644,917,-1.5923566878980888,943,,,940,,-0.15923566878981443,-0.31847133757961776,-0.4777070063694322,-1.3535031847133783,close,930,632000.0,time_exit,-0.3892356687898091,930,632000.0,time_exit,-0.3892356687898091
2026-04-15,2,opening_rebreak_v1,baseline,21,Top21~50,000720,현대건설,2.2637238256932646,False,2~3%,0.3818876159301691,0.3~0.5%,915,183900.0,1.4462102689486553,1.0~1.5x,1.4549124374744464,1.2~1.5x,09:11~09:20,0.543773790103308,945,-1.2506797172376238,933,,,932,,0.10875475802065715,-0.4893964110929905,-0.8700380641653127,0.543773790103308,close,930,183300.0,time_exit,-0.8281511691136522,930,183300.0,time_exit,-0.8281511691136522
2026-04-15,2,opening_rebreak_v1,baseline,28,Top21~50,375500,DL이앤씨,2.626262626262621,False,2~3%,0.6815968841285297,0.5~0.7%,916,103500.0,1.227777091313481,1.0~1.5x,1.2420193995220408,1.2~1.5x,09:11~09:20,2.70531400966183,946,-2.2222222222222254,933,942,943,919,932,-1.256038647342994,-1.0628019323671523,-0.7729468599033784,2.512077294685988,close,919,102300.0,stop,-1.8725120772946866,919,102465.0,stop,-1.7130917874396143
2026-04-15,2,opening_rebreak_v1,baseline,32,Top21~50,035420,NAVER,2.2332506203474045,False,2~3%,0.4807692307692308,0.3~0.5%,911,208500.0,1.854950244560634,1.5~2.0x,1.8683919129994793,1.5~2.0x,09:11~09:20,2.877697841726623,936,-0.23980815347721673,912,915,918,,,1.1990407673860837,2.158273381294973,2.3980815347721895,1.918465227817756,close,917,212000.0,take_profit,0.24961630695442594,917,211627.49999999997,take_profit,0.07095923261389903
2026-04-15,2,opening_rebreak_v1,baseline,39,Top21~50,086520,에코프로,2.288488210818307,False,2~3%,0.40431266846361186,0.3~0.5%,907,148600.0,2.217263586035476,2.0x+,2.2292650127528537,2.0x+,09:03~09:10,0.0,908,-1.3458950201884257,936,,,930,,-0.6729475100942128,-0.8748317631224745,-0.605652759084796,-1.3458950201884257,close,930,147300.0,time_exit,-1.4413055181695809,930,147114.0,stop,-1.5664737550471073
2026-04-15,2,opening_rebreak_v1,baseline,58,Top51~100,054920,한컴위드,6.355140186915897,False,5~7%,0.6872852233676976,0.5~0.7%,914,5830.0,1.3151863878710752,1.0~1.5x,1.345621426852095,1.2~1.5x,09:11~09:20,1.0291595197255532,917,-2.0583190394511175,933,917,,915,933,-1.0291595197255532,0.0,-0.5145797598627766,-1.2006861063464824,close,918,5760.0,stop,-2.288319039451114,915,5771.7,stop,-2.087632933104632
2026-04-15,2,opening_rebreak_v1,baseline,61,Top51~100,000810,삼성화재,2.5536261491317713,False,2~3%,0.3929273084479371,0.3~0.5%,919,510000.0,2.151526296432512,2.0x+,2.16066638470942,2.0x+,09:11~09:20,0.9803921568627416,924,-1.17647058823529,942,,,942,,0.588235294117645,0.39215686274509665,-0.7843137254901933,-0.588235294117645,close,930,511000.0,time_exit,-1.0143137254901968,930,511000.0,time_exit,-1.0143137254901968
2026-04-15,2,opening_rebreak_v1,baseline,62,Top51~100,066570,LG전자,3.3333333333333437,False,3~4%,0.4792332268370607,0.3~0.5%,919,125500.0,1.2979761355395874,1.0~1.5x,1.303664513755888,1.2~1.5x,09:11~09:20,0.6374501992031822,920,-1.1155378486055745,943,,,943,,0.23904382470119057,-0.3187250996015911,-0.5577689243027928,-0.6772908366533881,close,930,125200.0,time_exit,-0.8674501992031826,930,125200.0,time_exit,-0.8674501992031826
2026-04-15,2,opening_rebreak_v1,baseline,70,Top51~100,051910,LG화학,2.342606149341142,False,2~3%,0.5633802816901409,0.5~0.7%,914,355500.0,2.299163179916318,2.0x+,2.315446205269833,2.0x+,09:11~09:20,2.1097046413502074,924,-0.2812939521800284,917,921,924,,,0.8438818565400741,1.8284106891701901,1.2658227848101333,0.14064697609001975,close,924,362000.0,take_profit,0.8951758087201198,922,360832.49999999994,take_profit,0.5667651195499199
2026-04-15,2,opening_rebreak_v1,baseline,75,Top51~100,032830,삼성생명,2.4390243902439046,False,2~3%,0.7692307692307693,0.7~1.0%,926,261000.0,5.278215223097113,2.0x+,5.339589818714521,2.0x+,09:21~09:30,0.3831417624521105,927,-1.3409961685823757,940,,,940,,-0.19157088122605526,-0.19157088122605526,-0.5747126436781658,-0.6704980842911823,close,930,262000.0,time_exit,-0.8047126436781578,930,262000.0,time_exit,-0.8047126436781578
2026-04-15,2,opening_rebreak_v1,baseline,84,Top51~100,417840,저스템,4.342105263157903,False,4~5%,0.7380073800738007,0.7~1.0%,919,8230.0,2.084078711985689,2.0x+,2.125398736015145,2.0x+,09:11~09:20,7.290400972053468,949,-0.4860267314702349,922,920,926,,,0.2430133657351119,1.3365735115431265,4.374240583232081,6.075334143377886,close,926,8370.0,take_profit,0.8635601458080169,926,8353.449999999999,take_profit,0.6624665856622016
2026-04-16,2,opening_rebreak_v1,baseline,5,Top1~20,032820,우리기술,3.4482758620689724,False,3~4%,0.8385744234800839,0.7~1.0%,910,24300.0,2.2670839381909333,2.0x+,2.3293927990714454,2.0x+,09:03~09:10,4.115226337448563,915,-3.703703703703709,922,911,915,918,920,3.4979423868312765,-2.263374485596703,-1.2345679012345734,1.6460905349794164,close,912,24700.0,take_profit,0.3872839506172765,912,24664.499999999996,take_profit,0.24119341563785035
2026-04-16,2,opening_rebreak_v1,baseline,24,Top21~50,000270,기아,2.0462046204620554,False,2~3%,0.4455760661998727,0.3~0.5%,916,157900.0,1.386570613021612,1.0~1.5x,1.3998689245275737,1.2~1.5x,09:11~09:20,0.06333122229258414,917,-1.2032932235592098,925,,,924,,-0.5699810006333128,-0.8866371120962668,-0.06333122229259525,0.06333122229258414,close,924,156300.0,stop,-1.5599556681443976,924,156321.0,stop,-1.5466561114629522
2026-04-16,2,opening_rebreak_v1,baseline,52,Top51~100,077360,덕산하이메탈,2.7711797307996777,False,2~3%,0.9399855386840202,0.7~1.0%,910,13980.0,5.09386430040039,2.0x+,5.1979724758830255,2.0x+,09:03~09:10,10.51502145922747,938,-0.3576537911301858,911,911,913,,,3.2546494992846897,3.719599427753928,7.224606580829751,9.585121602288993,close,913,14270.0,take_profit,1.4867381974248939,912,14189.699999999999,take_profit,0.9123462088698042
2026-04-16,2,opening_rebreak_v1,baseline,64,Top51~100,417840,저스템,3.125,False,3~4%,0.7944389275074478,0.7~1.0%,919,10090.0,1.4242993915338147,1.0~1.5x,1.4326491754588528,1.2~1.5x,09:11~09:20,3.6669970267591667,929,-1.783944499504464,921,920,925,920,,-0.594648166501488,3.3696729435084283,1.9821605550049526,2.279484638255691,close,920,9960.0,stop,-2.013944499504465,920,9989.1,stop,-1.7255401387512397
2026-04-16,2,opening_rebreak_v1,baseline,95,Top51~100,108490,로보티즈,2.857142857142847,False,2~3%,0.3616636528028933,0.3~0.5%,905,278500.0,4.432406971267075,2.0x+,4.480672745908822,2.0x+,09:03~09:10,1.6157989228007263,906,-1.9748653500897717,914,906,,911,,-0.35906642728904536,-0.35906642728904536,-1.6157989228007152,0.0,close,913,274500.0,stop,-2.563931777378814,906,282677.5,take_profit,0.37233393177736906
2026-04-17,2,opening_rebreak_v1,baseline,30,Top21~50,319400,현대무벡스,5.0080775444264924,False,5~7%,0.7462686567164178,0.7~1.0%,909,33850.0,2.2195693555000684,2.0x+,2.2511487315771856,2.0x+,09:03~09:10,1.7725258493352936,910,-5.022156573116687,933,910,,912,917,0.1477104874446189,-2.6587887740029514,-3.6189069423929077,-3.9881831610044327,close,917,33100.0,stop,-3.1842097488921706,910,34357.75,take_profit,0.5314475627769475
2026-04-17,2,opening_rebreak_v1,baseline,35,Top21~50,457190,이수스페셜티케미컬,2.2286821705426396,False,2~3%,0.9963768115942028,0.7~1.0%,921,111300.0,1.571364852809991,1.5~2.0x,1.6006722735454948,1.5~2.0x,09:21~09:30,6.738544474393526,938,-0.17969451931716396,922,924,932,,,1.3477088948786964,0.8984725965857976,4.49236298292901,2.156334231805923,close,928,113100.0,take_profit,0.9380143755615513,924,112969.49999999999,take_profit,0.8207637017070881
2026-04-17,2,opening_rebreak_v1,baseline,79,Top51~100,036170,에이치엠넥스,4.374999999999996,False,4~5%,0.8174386920980926,0.7~1.0%,911,7500.0,1.2124254666180434,1.0~1.5x,1.2661922211000798,1.2~1.5x,09:11~09:20,8.933333333333326,939,-2.533333333333332,914,915,920,912,913,0.2666666666666595,2.2666666666666613,6.000000000000005,7.333333333333325,close,913,7410.0,stop,-2.0966666666666676,912,7425.0,stop,-1.8966666666666676
2026-04-20,2,opening_rebreak_v1,baseline,3,Top1~20,036930,주성엔지니어링,2.130681818181812,False,2~3%,0.5509641873278237,0.5~0.7%,921,73400.0,5.552836052836053,2.0x+,5.645126956761306,2.0x+,09:21~09:30,11.035422343324242,951,-0.8174386920980936,924,928,928,,,0.13623978201635634,2.3160762942779245,6.267029972752036,11.035422343324242,close,928,74800.0,take_profit,0.9961580381471339,928,74501.0,take_profit,0.5888010899182464
2026-04-20,2,opening_rebreak_v1,baseline,27,Top21~50,054920,한컴위드,2.6058631921824116,False,2~3%,0.625,0.5~0.7%,913,6440.0,1.7328358523577647,1.5~2.0x,1.7546325297459127,1.5~2.0x,09:11~09:20,1.8633540372670732,941,-3.4161490683229823,924,941,,914,916,-1.3975155279503104,-2.795031055900621,-2.9503105590062084,0.9316770186335477,close,916,6310.0,stop,-3.025031055900622,914,6375.6,stop,-2.00639751552794
2026-04-20,2,opening_rebreak_v1,baseline,44,Top21~50,489790,한화비전,2.0176544766708604,False,2~3%,0.5988023952095809,0.5~0.7%,911,83600.0,4.580769427446435,2.0x+,4.660462967403695,2.0x+,09:11~09:20,5.741626794258381,924,-0.4784688995215336,912,915,916,,,1.674641148325362,4.784688995215314,0.5980861244019087,1.3157894736842035,close,916,85000.0,take_profit,0.8465550239234482,916,84853.99999999999,take_profit,0.6719138755980764
2026-04-20,2,opening_rebreak_v1,baseline,64,Top51~100,009580,무림P&P,2.066115702479343,False,2~3%,0.535475234270415,0.5~0.7%,908,3780.0,2.1546909074725176,2.0x+,2.1923907483838807,2.0x+,09:03~09:10,4.497354497354489,938,-3.1746031746031744,912,938,938,909,911,-1.1904761904761862,-0.3968253968253954,-0.5291005291005346,2.2486772486772555,close,911,3715.0,stop,-2.6109523809523822,909,3742.2,stop,-1.8913756613756623
2026-04-21,2,opening_rebreak_v1,baseline,3,Top1~20,047040,대우건설,3.0249110320284656,False,3~4%,0.322061191626409,0.3~0.5%,906,31350.0,1.516977191983294,1.5~2.0x,1.536582713042852,1.5~2.0x,09:03~09:10,6.858054226475274,919,-0.797448165869219,907,907,910,,,3.0303030303030276,4.784688995215314,3.0303030303030276,3.349282296650724,close,910,32200.0,take_profit,1.6838755980861349,910,31820.249999999996,take_profit,0.47255183413077173
2026-04-21,2,opening_rebreak_v1,baseline,4,Top1~20,006400,삼성SDI,5.947955390334569,False,5~7%,0.5217391304347827,0.5~0.7%,927,580000.0,3.5170252767913097,2.0x+,3.557044795880553,2.0x+,09:21~09:30,2.586206896551735,957,-0.17241379310344307,928,937,954,,,0.5172413793103514,1.206896551724146,1.724137931034475,2.4137931034482696,close,930,583000.0,time_exit,-0.5748275862068899,930,583000.0,time_exit,-0.5748275862068899
2026-04-21,2,opening_rebreak_v1,baseline,5,Top1~20,036930,주성엔지니어링,4.808743169398899,False,4~5%,0.7626310772163966,0.7~1.0%,910,108000.0,1.8555096367581447,1.5~2.0x,1.950123302867387,1.5~2.0x,09:03~09:10,2.592592592592591,923,-4.259259259259263,915,911,923,911,913,-3.981481481481486,1.5740740740740833,0.37037037037037646,1.7592592592592604,close,914,104400.0,stop,-4.026296296296295,911,106920.0,stop,-1.6929629629629637
2026-04-21,2,opening_rebreak_v1,baseline,7,Top1~20,222080,씨아이에스,3.107569721115544,False,3~4%,0.43956043956043955,0.3~0.5%,913,13910.0,1.1980529070075656,1.0~1.5x,1.2262631299834612,1.2~1.5x,09:11~09:20,6.110711718188355,943,-0.21567217828900587,918,914,914,,,2.0129403306973437,2.5161754133716796,2.1567217828900143,5.3918044572250245,close,914,14230.0,take_profit,1.7110496046010168,914,14118.649999999998,take_profit,0.9105463695183224
2026-04-21,2,opening_rebreak_v1,baseline,8,Top1~20,373220,LG에너지솔루션,2.9137529137529095,False,2~3%,0.3218884120171674,0.3~0.5%,928,467000.0,1.5385240718995574,1.5~2.0x,1.5468046104996627,1.5~2.0x,09:21~09:30,0.6423982869379063,935,-1.0706638115631661,943,,,943,,0.0,0.21413276231263545,0.21413276231263545,0.5353319057815886,close,930,466000.0,time_exit,-0.97946466809422,930,466000.0,time_exit,-0.97946466809422
2026-04-21,2,opening_rebreak_v1,baseline,15,Top1~20,006360,GS건설,2.759526938239154,False,2~3%,0.375,0.3~0.5%,909,41100.0,1.9136696730552425,1.5~2.0x,1.973696952636649,1.5~2.0x,09:03~09:10,4.5012165450121655,919,-1.338199513381999,911,913,914,911,,2.1897810218978186,4.257907542579065,0.12165450121655041,0.48661800486617945,close,914,42000.0,take_profit,1.3515085158150937,911,40689.0,stop,-1.8382725060827259
2026-04-21,2,opening_rebreak_v1,baseline,20,Top1~20,450080,에코프로머티,2.075226977950706,False,2~3%,0.9987515605493134,0.7~1.0%,927,80500.0,3.3142548916754917,2.0x+,3.373923933350365,2.0x+,09:21~09:30,3.105590062111796,954,-0.6211180124223614,931,937,948,,,0.0,0.6211180124223503,1.3664596273291973,3.105590062111796,close,930,81000.0,time_exit,-0.23000000000000986,930,81000.0,time_exit,-0.23000000000000986
2026-04-21,2,opening_rebreak_v1,baseline,39,Top21~50,353200,대덕전자,2.1505376344086002,False,2~3%,0.5091649694501018,0.5~0.7%,924,101700.0,3.476863793157028,2.0x+,3.6192123619659133,2.0x+,09:21~09:30,0.5899705014749346,925,-2.0648967551622377,939,,,925,939,-1.179941002949858,-1.0816125860373615,-0.9832841691248762,-1.5732546705997996,close,926,100200.0,stop,-2.1965683382497527,925,100683.0,stop,-1.7216420845624394
2026-04-21,2,opening_rebreak_v1,baseline,40,Top21~50,107640,한중엔시에스,4.659498207885315,False,4~5%,0.4754358161648178,0.3~0.5%,905,63800.0,1.625979077958261,1.5~2.0x,1.6518704645499531,1.5~2.0x,09:03~09:10,9.717868338557988,935,-0.470219435736674,906,908,908,,,2.8213166144200663,3.4482758620689724,6.42633228840126,9.561128526645767,close,908,64900.0,take_profit,0.7104388714733467,908,64756.99999999999,take_profit,0.48630094043886185
2026-04-21,2,opening_rebreak_v1,baseline,41,Top21~50,003670,포스코퓨처엠,2.3255813953488413,False,2~3%,0.408997955010225,0.3~0.5%,916,245000.0,1.8143382352941178,1.5~2.0x,1.8255148568667714,1.5~2.0x,09:11~09:20,1.4285714285714235,931,-0.40816326530612734,920,931,,,,0.20408163265306367,0.612244897959191,1.2244897959183598,0.8163265306122547,close,930,247000.0,time_exit,-0.43408163265305144,930,247000.0,time_exit,-0.43408163265305144
2026-04-21,2,opening_rebreak_v1,baseline,45,Top21~50,051910,LG화학,2.3255813953488413,False,2~3%,0.5249343832020997,0.5~0.7%,924,381500.0,1.4341801385681294,1.0~1.5x,1.4401415877990853,1.2~1.5x,09:21~09:30,1.572739187418093,937,-0.3931847968545177,925,932,,,,0.7863695937090354,0.5242463958060384,0.6553079947575258,1.0484927916120546,close,930,383000.0,time_exit,-0.4921231979030072,930,383000.0,time_exit,-0.4921231979030072
2026-04-21,2,opening_rebreak_v1,baseline,61,Top51~100,078600,대주전자재료,3.0000000000000027,False,3~4%,0.4411764705882353,0.3~0.5%,912,138200.0,1.783779292005983,1.5~2.0x,1.8206668992261954,1.5~2.0x,09:11~09:20,6.512301013024602,941,-1.157742402315487,914,917,918,914,,1.2301013024601959,2.604920405209832,3.47322720694645,,close,920,140500.0,take_profit,1.072460202604927,914,136818.0,stop,-1.5917945007235899
2026-04-21,2,opening_rebreak_v1,baseline,62,Top51~100,011500,한농화성,3.938730853391692,False,3~4%,0.6224066390041494,0.5~0.7%,914,24350.0,2.512007139380172,2.0x+,2.553961329599465,2.0x+,09:11~09:20,4.722792607802884,934,-1.642710472279263,925,915,932,916,,0.2053388090349051,-1.0266940451745366,4.312114989733051,3.0800821355236208,close,920,24050.0,stop,-2.4887268993839795,916,24106.5,stop,-2.2566940451745388
2026-04-21,2,opening_rebreak_v1,baseline,74,Top51~100,171090,선익시스템,3.3696729435084283,False,3~4%,0.6457564575645757,0.5~0.7%,915,110000.0,1.1802089378990133,1.0~1.5x,1.205413028494814,1.2~1.5x,09:11~09:20,2.8181818181818086,919,-1.0909090909090868,922,918,919,922,,1.0000000000000009,-0.09090909090908594,1.090909090909098,1.9090909090909047,close,919,113000.0,take_profit,2.042727272727279,919,111649.99999999999,take_profit,0.8154545454545357
2026-04-21,2,opening_rebreak_v1,baseline,81,Top51~100,017550,수산세보틱스,2.7027027027026973,False,2~3%,0.6729475100942126,0.5~0.7%,915,3735.0,1.7040187092086505,1.5~2.0x,1.7247994251746097,1.5~2.0x,09:11~09:20,2.27576974564927,917,-5.2208835341365445,945,916,917,919,920,-1.8741633199464536,-1.338688085676043,-3.748326639892907,-5.2208835341365445,close,919,3695.0,stop,-1.9702945113788508,916,3791.0249999999996,take_profit,0.6006559571619715
2026-04-21,2,opening_rebreak_v1,baseline,85,Top51~100,259630,엠플러스,2.690863579474345,False,2~3%,0.5847953216374269,0.5~0.7%,908,17110.0,1.5474993871046825,1.5~2.0x,1.557512618433007,1.5~2.0x,09:03~09:10,4.909409701928702,928,-1.2273524254821755,910,913,917,909,,0.8182349503214503,2.513150204558734,3.6236119228521435,3.8573933372296976,close,909,16930.0,stop,-1.5742431326709507,909,16938.9,stop,-1.5222267679719361
2026-04-21,2,opening_rebreak_v1,baseline,89,Top51~100,348370,엔켐,2.2754491017964007,False,2~3%,0.8009153318077803,0.7~1.0%,926,43750.0,1.337055417700579,1.0~1.5x,1.3493927225928566,1.2~1.5x,09:21~09:30,2.400000000000002,956,-0.5714285714285672,930,936,956,,,0.0,1.2571428571428678,0.6857142857142895,2.400000000000002,close,930,43700.0,time_exit,-0.9157142857142826,930,43700.0,time_exit,-0.9157142857142826
2026-04-21,2,opening_rebreak_v1,baseline,97,Top51~100,402490,그린리소스,3.263403263403264,False,3~4%,0.42643923240938164,0.3~0.5%,919,23700.0,1.5897232869960096,1.5~2.0x,1.6420657129055583,1.5~2.0x,09:11~09:20,4.8523206751054815,923,-3.797468354430378,943,921,921,933,934,2.742616033755274,2.1097046413502074,-3.164556962025311,-2.5316455696202556,close,921,24350.0,take_profit,1.4577637130801686,921,24055.499999999996,take_profit,0.21514767932488477
2026-04-22,2,opening_rebreak_v1,baseline,9,Top1~20,009150,삼성전기,3.3678756476683835,False,3~4%,0.4968944099378882,0.3~0.5%,918,808000.0,1.3841207024486768,1.0~1.5x,1.39621663867482,1.2~1.5x,09:11~09:20,0.866336633663356,940,-0.4950495049504955,920,,,,,0.0,0.4950495049504955,0.24752475247524774,0.6188118811881083,close,930,812000.0,time_exit,-0.3537623762376233,930,812000.0,time_exit,-0.3537623762376233
2026-04-22,2,opening_rebreak_v1,baseline,27,Top21~50,011070,LG이노텍,6.58823529411765,False,5~7%,0.91991341991342,0.7~1.0%,917,466000.0,1.2990751045784243,1.0~1.5x,1.3334493986571463,1.2~1.5x,09:11~09:20,5.579399141630903,932,0.0,918,919,921,,,2.682403433476388,3.7553648068669565,3.5407725321888517,4.399141630901293,close,919,473500.0,take_profit,0.8429613733905628,919,472989.99999999994,take_profit,0.7335193133047113
2026-04-22,2,opening_rebreak_v1,baseline,41,Top21~50,005290,동진쎄미켐,4.0219378427788,False,4~5%,0.34843205574912894,0.3~0.5%,917,58100.0,3.60056184707225,2.0x+,3.6572140439667433,2.0x+,09:11~09:20,7.5731497418244365,942,-1.2048192771084376,920,922,936,920,,0.344234079173833,-0.8605851979345935,2.925989672977636,5.679862306368322,close,925,57400.0,stop,-2.295404475043033,920,57519.0,stop,-2.0905851979345966
2026-04-22,2,opening_rebreak_v1,baseline,42,Top21~50,018470,조일알미늄,2.8160575194727366,False,2~3%,0.7072905331882481,0.7~1.0%,912,9335.0,2.4155807386545667,2.0x+,2.483686834604968,2.0x+,09:11~09:20,8.998393144081419,940,-2.0889126941617597,924,914,917,923,924,3.856454204606319,0.32137118371720064,5.463310123192278,8.194965184788439,close,917,9695.0,take_profit,3.090835565077663,917,9475.025,take_profit,0.7343813604713346
2026-04-22,2,opening_rebreak_v1,baseline,51,Top51~100,452190,한빛레이저,3.6799999999999944,False,3~4%,0.4511278195488722,0.3~0.5%,907,6750.0,2.8970514445115367,2.0x+,2.953942182847866,2.0x+,09:03~09:10,5.481481481481487,910,-0.7407407407407418,918,908,909,,,4.888888888888898,0.7407407407407307,3.2592592592592506,4.444444444444451,close,909,6890.0,take_profit,1.1033333333333317,909,6851.249999999999,take_profit,0.5292592592592494
2026-04-22,2,opening_rebreak_v1,baseline,54,Top51~100,008350,남선알미늄,2.6970954356846377,False,2~3%,0.5964214711729622,0.5~0.7%,915,2615.0,1.4673339918474102,1.0~1.5x,1.5348313554723911,1.5~2.0x,09:11~09:20,4.0152963671128195,943,-5.544933078393877,924,936,936,916,918,-1.7208413001912004,-2.48565965583174,0.5736137667303964,2.294455066921608,close,918,2545.0,stop,-3.8628871892925414,916,2588.85,stop,-2.18602294455067
2026-04-22,2,opening_rebreak_v1,baseline,60,Top51~100,092220,KEC,2.256699576868826,False,2~3%,0.7220216606498195,0.7~1.0%,915,8505.0,1.4369239519642187,1.0~1.5x,1.481337965024931,1.2~1.5x,09:11~09:20,4.526748971193406,930,-2.9394473838918245,917,916,923,917,917,-1.5873015873015928,0.9994121105232123,1.528512639623747,0.4115226337448652,close,917,8325.0,stop,-2.934291593180482,917,8419.95,stop,-1.8178894767783556
2026-04-23,2,opening_rebreak_v1,baseline,1,Top1~20,005930,삼성전자,2.5287356321838983,False,2~3%,0.44150110375275936,0.3~0.5%,927,226750.0,1.8661507300704374,1.5~2.0x,1.8729378890134312,1.5~2.0x,09:21~09:30,0.5512679162072764,930,-0.11025358324145973,928,,,,,0.330760749724357,0.330760749724357,0.5512679162072764,0.5512679162072764,close,930,227750.0,time_exit,-0.8915214994487366,930,227750.0,time_exit,-0.8915214994487366
2026-04-23,2,opening_rebreak_v1,baseline,9,Top1~20,032820,우리기술,3.401360544217691,False,3~4%,0.6437768240343348,0.5~0.7%,921,23350.0,1.9935128363026353,1.5~2.0x,2.003793030647827,2.0x+,09:21~09:30,3.6402569593147804,943,-1.498929336188437,925,939,942,923,,0.10706638115631772,-0.21413276231263545,1.7130620985010614,1.498929336188426,close,924,23050.0,stop,-2.585460385438971,923,23116.5,stop,-2.3006638115631697
2026-04-23,2,opening_rebreak_v1,baseline,12,Top1~20,005935,삼성전자우,2.115003304692653,False,2~3%,0.5667506297229219,0.5~0.7%,927,159200.0,2.2368509166632267,2.0x+,2.2458828617643416,2.0x+,09:21~09:30,0.5025125628140614,957,-0.5653266331658302,940,,,,,0.18844221105527303,-0.3140703517587995,0.37688442211054607,0.5025125628140614,close,930,159800.0,time_exit,-0.16718592964824797,930,159800.0,time_exit,-0.16718592964824797
2026-04-23,2,opening_rebreak_v1,baseline,19,Top1~20,006910,보성파워텍,4.685942173479551,False,4~5%,0.9329940627650551,0.7~1.0%,919,12090.0,1.6978749142099638,1.5~2.0x,1.7574749754108274,1.5~2.0x,09:11~09:20,3.3085194375517046,949,-3.060380479735314,925,931,932,920,922,-2.8122415219189456,-0.9098428453267138,0.3308519437551727,2.8949545078577277,close,920,11960.0,stop,-1.718833746898262,920,11969.1,stop,-1.6435649296939627
2026-04-23,2,opening_rebreak_v1,baseline,32,Top21~50,298040,효성중공업,2.8858625162127005,False,2~3%,0.7326007326007326,0.7~1.0%,930,3287000.0,1.6142595978062158,1.5~2.0x,1.6316332404640317,1.5~2.0x,09:21~09:30,2.0383328262853606,955,-0.9431092181320322,932,952,955,,,0.3954974140553791,0.06084575600850961,0.4563431700638887,-0.12169151201704143,close,930,3287000.0,time_exit,-0.382114390021296,930,3287000.0,time_exit,-0.382114390021296
2026-04-23,2,opening_rebreak_v1,baseline,35,Top21~50,046120,오르비텍,2.37442922374429,False,2~3%,0.6081668114682884,0.5~0.7%,905,11590.0,2.986971265393539,2.0x+,3.026136098418804,2.0x+,09:03~09:10,9.577221742881804,934,-1.4667817083692802,906,907,908,906,,1.1216566005176842,0.690250215703192,1.6393442622950838,7.333908541846412,close,907,11780.0,take_profit,0.9779378774805885,906,11474.1,stop,-1.6614063848144962
2026-04-23,2,opening_rebreak_v1,baseline,72,Top51~100,105840,우진,2.1857923497267784,False,2~3%,0.9724473257698543,0.7~1.0%,926,31250.0,1.7568493386726585,1.5~2.0x,1.7916745715267788,1.5~2.0x,09:21~09:30,0.16000000000000458,932,-5.279999999999996,944,,,927,928,-0.48000000000000265,-2.5599999999999956,-2.880000000000005,-4.959999999999997,close,929,30750.0,stop,-2.6300000000000017,927,30937.5,stop,-2.030000000000001
2026-04-23,2,opening_rebreak_v1,baseline,97,Top51~100,103590,일진전기,5.828571428571427,False,5~7%,0.6423982869379015,0.5~0.7%,922,93600.0,1.2622772234084274,1.0~1.5x,1.273158923610224,1.2~1.5x,09:21~09:30,1.388888888888884,933,-0.8547008547008517,940,933,,,,-0.42735042735042583,-0.10683760683760646,-0.3205128205128194,-0.7478632478632452,close,930,93900.0,time_exit,-0.4436752136752148,930,93900.0,time_exit,-0.4436752136752148
2026-04-23,2,opening_rebreak_v1,baseline,99,Top51~100,006260,LS,4.647887323943656,False,4~5%,0.9308510638297872,0.7~1.0%,930,378500.0,1.6898540889039702,1.5~2.0x,1.7104849132577258,1.5~2.0x,09:21~09:30,0.9247027741083214,936,-1.8494055482166427,958,,,931,,0.5284015852047519,-0.5284015852047519,-0.5284015852047519,-1.7173051519154603,close,930,378500.0,time_exit,-0.8905019815059445,930,378500.0,time_exit,-0.8905019815059445
2026-04-24,2,opening_rebreak_v1,baseline,3,Top1~20,098460,고영,6.451612903225801,False,5~7%,0.8843537414965987,0.7~1.0%,908,37450.0,1.6029255452785047,1.5~2.0x,1.6703673698221528,1.5~2.0x,09:03~09:10,10.814419225634175,935,-2.2696929238985364,912,913,916,909,912,1.2016021361815676,3.471295060080104,7.476635514018692,9.87983978638185,close,912,36900.0,stop,-2.3661815754339073,909,37075.5,stop,-1.8975567423230983
2026-04-24,2,opening_rebreak_v1,baseline,12,Top1~20,006400,삼성SDI,2.857142857142847,False,2~3%,0.5311077389984825,0.5~0.7%,909,661000.0,5.113752633162805,2.0x+,5.156659787216802,2.0x+,09:03~09:10,0.1512859304084735,910,-3.6308623298033305,939,,,911,912,-1.6641452344931973,-2.1180030257186067,-2.1180030257186067,-3.479576399394857,close,911,652500.0,stop,-2.272360060514374,911,654390.0,stop,-1.986429652042361
2026-04-24,2,opening_rebreak_v1,baseline,28,Top21~50,079550,LIG디펜스앤에어로스페이스,3.105590062111796,False,3~4%,0.7897334649555774,0.7~1.0%,916,1018000.0,2.166147075004585,2.0x+,2.1941668879150917,2.0x+,09:11~09:20,0.5893909626718985,918,-1.6699410609037346,935,,,924,,-0.5893909626719096,-0.8840864440078589,-1.5717092337917515,-1.080550098231825,close,930,1011000.0,time_exit,-1.408781925343814,924,1007820.0,stop,-1.7211591355599223
2026-04-24,2,opening_rebreak_v1,baseline,39,Top21~50,082740,한화엔진,2.1398002853067144,False,2~3%,0.40540540540540543,0.3~0.5%,913,75000.0,4.00431206579893,2.0x+,4.099263441615565,2.0x+,09:11~09:20,3.066666666666662,923,-0.5333333333333301,917,915,915,,,0.13333333333334085,2.1333333333333426,0.33333333333334103,1.6000000000000014,close,920,76400.0,take_profit,0.9699999999999942,915,76124.99999999999,take_profit,0.6033333333333235
2026-04-24,2,opening_rebreak_v1,baseline,42,Top21~50,071970,HD현대마린엔진,2.0746887966804906,False,2~3%,0.7960199004975124,0.7~1.0%,910,100800.0,1.6312713102776424,1.5~2.0x,1.6492692886257407,1.5~2.0x,09:03~09:10,13.29365079365079,937,-0.1984126984126977,911,911,915,,,2.2817460317460236,3.8690476190476275,8.432539682539675,11.805555555555557,close,914,102800.0,take_profit,1.258095238095231,913,102311.99999999999,take_profit,0.7739682539682442
2026-04-24,2,opening_rebreak_v1,baseline,60,Top51~100,452260,한화갤러리아,3.112840466926059,False,3~4%,0.5154639175257731,0.5~0.7%,911,3030.0,2.4583753494671283,2.0x+,2.5956229199204977,2.0x+,09:11~09:20,5.44554455445545,940,-4.290429042904287,923,912,912,916,916,-1.1551155115511524,-3.1353135313531344,-0.8250825082508295,,close,912,3080.0,take_profit,0.595082508250834,912,3075.45,take_profit,0.4449174917491652
2026-04-24,2,opening_rebreak_v1,baseline,74,Top51~100,069540,빛과전자,3.571428571428581,False,3~4%,0.5405405405405406,0.5~0.7%,926,5730.0,1.6450321701568682,1.5~2.0x,1.7076149157606622,1.5~2.0x,09:21~09:30,1.919720767888311,929,-7.853403141361259,949,929,,930,931,-2.0942408376963373,-2.7923211169284423,-7.155322862129143,-5.759162303664922,close,930,5720.0,time_exit,-1.277120418848166,929,5815.95,take_profit,0.3973996509598505
2026-04-24,2,opening_rebreak_v1,baseline,91,Top51~100,014620,성광벤드,3.0037546933667114,False,3~4%,0.6968641114982579,0.5~0.7%,910,43450.0,1.7130066931301249,1.5~2.0x,1.7506377801366704,1.5~2.0x,09:03~09:10,6.789413118527032,924,-1.0356731875719172,911,911,915,911,,1.8411967779056404,3.1070195627157737,4.372842347525885,4.718066743383198,close,915,44250.0,take_profit,1.0358227848101285,911,43015.5,stop,-1.8053739930955128
2026-04-24,2,opening_rebreak_v1,baseline,99,Top51~100,336260,두산퓨얼셀,4.192872117400426,False,4~5%,0.39447731755424065,0.3~0.5%,930,51100.0,1.2526044218020314,1.0~1.5x,1.2674868505759167,1.2~1.5x,09:21~09:30,0.1956947162426559,932,-2.935420743639927,939,,,931,936,-0.195694716242667,-1.9569471624266144,-1.5655577299412915,-1.1741682974559686,close,930,51100.0,time_exit,-1.2084735812133072,930,51100.0,time_exit,-1.2084735812133072
2026-04-27,2,opening_rebreak_v1,baseline,3,Top1~20,042700,한미반도체,3.2148900169204797,False,3~4%,0.46875,0.3~0.5%,922,323500.0,1.2406590739826446,1.0~1.5x,1.2561736345311025,1.2~1.5x,09:21~09:30,4.945904173106652,940,-0.1545595054095794,923,924,930,,,1.0819165378670892,2.6275115919629055,4.0185471406491535,2.782071097372496,close,928,329000.0,take_profit,0.6973570324574934,928,328352.49999999994,take_profit,0.49720247295207676
2026-04-27,2,opening_rebreak_v1,baseline,8,Top1~20,098460,고영,2.245862884160754,False,2~3%,0.5656108597285068,0.5~0.7%,907,44750.0,1.6121315720785503,1.5~2.0x,1.6414764016044396,1.5~2.0x,09:03~09:10,0.11173184357542443,908,-4.357541899441342,936,,,908,908,-2.01117318435754,-1.1173184357541888,-1.452513966480451,-3.6871508379888285,close,908,43800.0,stop,-2.9115642458100592,908,44302.5,stop,-1.788659217877096
2026-04-27,2,opening_rebreak_v1,baseline,12,Top1~20,108490,로보티즈,3.076923076923066,False,3~4%,0.31695721077654515,0.3~0.5%,911,320000.0,2.9858070360863658,2.0x+,3.0380230573851734,2.0x+,09:11~09:20,3.5937499999999956,941,-3.125,915,928,933,913,915,-0.78125,-0.9375000000000022,1.7187499999999911,3.5937499999999956,close,913,316500.0,stop,-2.1050000000000044,913,316800.0,stop,-2.011250000000001
2026-04-27,2,opening_rebreak_v1,baseline,23,Top21~50,277810,레인보우로보틱스,4.2483660130719025,False,4~5%,0.4608294930875576,0.3~0.5%,911,653000.0,1.566373840897999,1.5~2.0x,1.5784600588061626,1.5~2.0x,09:11~09:20,4.134762633996947,941,-1.225114854517606,915,926,937,914,,-0.15313935681470214,0.15313935681469104,1.6845329249617125,4.058192955589579,close,914,646000.0,stop,-2.0676722817764217,914,646470.0,stop,-1.9956967840735078
2026-04-27,2,opening_rebreak_v1,baseline,35,Top21~50,036540,SFA반도체,5.705394190871371,False,5~7%,0.6815968841285297,0.5~0.7%,907,10390.0,1.512830771846821,1.5~2.0x,1.5410109528910265,1.5~2.0x,09:03~09:10,0.38498556304138454,908,-5.486044273339752,934,,,909,910,-3.7536092396535103,-2.694898941289703,-2.9836381135707413,-4.331087584215587,close,910,10130.0,stop,-3.213638113570743,909,10286.1,stop,-1.7112319538017333
2026-04-27,2,opening_rebreak_v1,baseline,36,Top21~50,209640,와이제이링크,4.521276595744683,False,4~5%,0.3558718861209964,0.3~0.5%,916,8770.0,1.5619805717050377,1.5~2.0x,1.6429769327656212,1.5~2.0x,09:11~09:20,10.604332953249717,944,-0.34207525655644,917,917,917,,,2.850627137970352,3.876852907639683,4.675028506271373,9.464082098061578,close,917,8950.0,take_profit,1.2523261117445914,917,8901.55,take_profit,0.6998745724059195
2026-04-27,2,opening_rebreak_v1,baseline,51,Top51~100,000250,삼천당제약,2.3086269744835963,False,2~3%,0.7033997655334115,0.7~1.0%,916,433500.0,2.5327378124109097,2.0x+,2.5794889667279373,2.0x+,09:11~09:20,2.9988465974625234,929,-0.5767012687427964,917,920,926,,,1.2687427912341454,2.1914648212226107,0.6920415224913601,1.6147635524798254,close,924,440500.0,take_profit,0.8080622837370341,924,440002.49999999994,take_profit,0.693298731257199
2026-04-27,2,opening_rebreak_v1,baseline,52,Top51~100,443060,HD현대마린솔루션,5.128205128205132,False,5~7%,0.7029876977152899,0.7~1.0%,930,285500.0,1.7089795918367348,1.5~2.0x,1.7271280476792488,1.5~2.0x,09:21~09:30,0.5253940455341555,932,-3.8528896672504365,950,,,931,944,-0.8756567425569184,0.3502626970227629,-3.677758318739055,-2.977232924693518,close,930,285500.0,time_exit,-1.1056567425569177,930,285500.0,time_exit,-1.1056567425569177
2026-04-27,2,opening_rebreak_v1,baseline,56,Top51~100,323280,태성,5.751633986928106,False,5~7%,0.47732696897374705,0.3~0.5%,912,84400.0,2.3232425359819198,2.0x+,2.3510991611135976,2.0x+,09:11~09:20,5.331753554502372,920,-0.11848341232227888,913,913,914,,,3.4360189573459765,2.6066350710900466,1.6587677725118377,4.028436018957349,close,913,85700.0,take_profit,0.7178672985782066,913,85665.99999999999,take_profit,0.6775829383886158
2026-04-27,2,opening_rebreak_v1,baseline,57,Top51~100,017510,세명전기,4.969485614646896,False,4~5%,0.48661800486618007,0.3~0.5%,910,12750.0,4.642571901949956,2.0x+,4.882189176907848,2.0x+,09:03~09:10,12.078431372549026,929,-1.4901960784313717,914,912,916,911,,1.7254901960784386,6.74509803921568,9.568627450980394,5.1764705882352935,close,912,12580.0,stop,-1.9554901960784288,911,12622.5,stop,-1.6221568627450988
2026-04-27,2,opening_rebreak_v1,baseline,71,Top51~100,058610,에스피지,2.77544154751892,False,2~3%,0.7165605095541402,0.7~1.0%,926,127000.0,1.2520645785283833,1.0~1.5x,1.275157990963149,1.2~1.5x,09:21~09:30,3.622047244094495,956,-0.7086614173228312,928,931,937,,,1.0236220472440882,1.4960629921259905,2.1259842519685046,3.464566929133861,close,930,127800.0,time_exit,0.006220472440939373,930,127800.0,time_exit,0.006220472440939373
2026-04-27,2,opening_rebreak_v1,baseline,79,Top51~100,103590,일진전기,6.735751295336789,False,5~7%,0.3838771593090211,0.3~0.5%,916,104400.0,1.4048974943052392,1.0~1.5x,1.4130182890700094,1.2~1.5x,09:11~09:20,1.6283524904214586,926,-2.2030651340996132,943,926,,933,940,0.0,1.245210727969348,-0.8620689655172376,-1.532567049808431,close,930,104100.0,time_exit,-0.996283524904217,926,105965.99999999999,take_profit,0.7910727969348561
2026-04-27,2,opening_rebreak_v1,baseline,93,Top51~100,000990,DB하이텍,2.3026315789473673,False,2~3%,0.5736137667304015,0.5~0.7%,925,158100.0,1.7717298375605586,1.5~2.0x,1.7955800469123353,1.5~2.0x,09:21~09:30,0.379506641366234,926,-4.617330803289055,944,,,929,933,-1.64452877925364,-2.213788741302969,-3.9215686274509776,-3.7318153067678717,close,929,156100.0,stop,-1.8112776723592705,929,156519.0,stop,-1.5462555344718543
2026-04-28,2,opening_rebreak_v1,baseline,6,Top1~20,005490,POSCO홀딩스,5.868263473053892,False,5~7%,0.7510729613733905,0.7~1.0%,905,470000.0,2.7640281806879403,2.0x+,2.8088502592936906,2.0x+,09:03~09:10,1.2765957446808418,933,-1.9148936170212738,913,933,,912,,0.31914893617022155,-1.276595744680853,0.31914893617022155,0.9574468085106425,close,912,464000.0,stop,-2.038510638297874,912,465300.0,stop,-1.7619148936170221
2026-04-28,2,opening_rebreak_v1,baseline,25,Top21~50,298040,효성중공업,4.5419944176605,False,4~5%,0.43467761410287376,0.3~0.5%,918,4144000.0,1.261756876663709,1.0~1.5x,1.2687156380472076,1.2~1.5x,09:11~09:20,0.14478764478764727,922,-2.992277992277992,941,,,926,929,0.0,-1.9063706563706595,-2.413127413127414,-2.2683397683397666,close,926,4100000.0,stop,-1.412432432432436,926,4102560.0,stop,-1.3506563706563717
2026-04-28,2,opening_rebreak_v1,baseline,41,Top21~50,307950,현대오토에버,2.3809523809523725,False,2~3%,0.33003300330033003,0.3~0.5%,914,455000.0,4.1050583657587545,2.0x+,4.123182243753274,2.0x+,09:11~09:20,6.593406593406592,944,0.0,915,915,918,,,2.3076923076922995,1.978021978021971,3.296703296703307,6.483516483516483,close,916,462000.0,take_profit,0.7590109890109835,916,461824.99999999994,take_profit,0.7205494505494408
2026-04-28,2,opening_rebreak_v1,baseline,52,Top51~100,001780,알루코,5.660377358490565,False,5~7%,0.3144654088050315,0.3~0.5%,910,3200.0,3.317141417899157,2.0x+,3.3485339234313254,2.0x+,09:03~09:10,2.6562500000000044,915,-3.4375000000000044,934,915,915,911,912,1.937499999999992,-0.15625000000000222,-1.7187500000000022,0.15624999999999112,close,911,3150.0,stop,-2.57375,911,3168.0,stop,-2.011250000000001
2026-04-28,2,opening_rebreak_v1,baseline,62,Top51~100,058430,포스코스틸리온,4.125177809388325,False,4~5%,0.6681514476614699,0.5~0.7%,921,9130.0,3.043420799879273,2.0x+,3.198165982928256,2.0x+,09:21~09:30,0.0,922,-5.257393209200433,926,,,926,926,-2.409638554216864,0.0,0.0,0.0,close,926,8910.0,stop,-3.187283680175243,926,9038.7,stop,-1.7776451259583688
2026-04-29,2,opening_rebreak_v1,baseline,11,Top1~20,417200,LS머트리얼즈,2.0484171322160183,False,2~3%,0.5190311418685121,0.5~0.7%,921,29400.0,3.766269968907473,2.0x+,3.8662652332740417,2.0x+,09:21~09:30,1.0204081632652962,925,-3.0612244897959218,930,925,,923,930,-1.3605442176870763,-2.3809523809523836,-0.5102040816326481,-1.7006802721088454,close,926,29000.0,stop,-2.440884353741498,923,29106.0,stop,-2.0803401360544225
2026-04-29,2,opening_rebreak_v1,baseline,18,Top1~20,010120,LS ELECTRIC,2.6768642447418722,False,2~3%,0.4608294930875576,0.3~0.5%,922,272000.0,2.2159241366970837,2.0x+,2.230381191378817,2.0x+,09:21~09:30,3.125,944,-1.2867647058823484,928,938,942,924,,-0.9191176470588203,0.18382352941177516,2.2058823529411686,1.1029411764705843,close,928,269000.0,stop,-2.252058823529408,924,269280.0,stop,-2.1491176470588247
2026-04-29,2,opening_rebreak_v1,baseline,19,Top1~20,064350,현대로템,2.862985685071573,False,2~3%,0.9487666034155597,0.7~1.0%,910,264500.0,1.2094152347180567,1.0~1.5x,1.234365883552832,1.2~1.5x,09:03~09:10,2.2684310018903586,916,0.0,911,911,916,,,1.512287334593565,1.3232514177693666,1.7013232514177634,0.3780718336483968,close,915,268500.0,take_profit,0.3371077504725819,911,268467.5,take_profit,0.3248204158790071
2026-04-29,2,opening_rebreak_v1,baseline,38,Top21~50,011170,롯데케미칼,3.2804232804232836,False,3~4%,0.9689922480620154,0.7~1.0%,923,103800.0,2.2974256435891025,2.0x+,2.3333931683419653,2.0x+,09:21~09:30,5.973025048169567,948,-0.770712909441229,928,925,932,,,-0.5780346820809301,2.4084778420038644,3.3718689788053924,3.8535645472061564,close,930,104500.0,time_exit,-0.037321772639696604,930,104500.0,time_exit,-0.037321772639696604
2026-04-29,2,opening_rebreak_v1,baseline,58,Top51~100,336260,두산퓨얼셀,2.6615969581748944,False,2~3%,0.5474452554744526,0.5~0.7%,913,55200.0,1.6778230152077596,1.5~2.0x,1.6993730355865748,1.5~2.0x,09:11~09:20,3.079710144927539,933,-1.26811594202898,918,924,931,916,,-0.7246376811594235,0.36231884057971175,3.079710144927539,2.717391304347827,close,929,56200.0,take_profit,0.6757971014492834,916,54648.0,stop,-2.1357971014492763
2026-04-29,2,opening_rebreak_v1,baseline,71,Top51~100,004020,현대제철,4.87528344671202,False,4~5%,0.423728813559322,0.3~0.5%,909,47450.0,2.6385133694400613,2.0x+,2.6637427600770356,2.0x+,09:03~09:10,0.42149631190726566,910,-3.3719704952581697,917,,,912,914,-1.475237091675452,-2.950474183350893,-1.475237091675452,-1.6332982086406767,close,912,46750.0,stop,-2.2321074815595408,912,46975.5,stop,-1.7568703898840894
2026-04-29,2,opening_rebreak_v1,baseline,100,Top51~100,036570,NC,2.0560747663551426,False,2~3%,0.5235602094240838,0.5~0.7%,913,289000.0,1.4992874109263659,1.0~1.5x,1.526046891503613,1.5~2.0x,09:11~09:20,1.384083044982698,920,-1.038062283737029,942,917,,942,,0.6920415224913601,0.17301038062282892,-0.17301038062284002,-0.692041522491349,close,930,289500.0,time_exit,-0.9220415224913581,930,289500.0,time_exit,-0.9220415224913581
2026-04-30,2,opening_rebreak_v1,baseline,9,Top1~20,066570,LG전자,3.3136966126656953,False,3~4%,0.5025125628140703,0.5~0.7%,921,149800.0,2.4622366044551476,2.0x+,2.483791537692802,2.0x+,09:21~09:30,1.2683578104138782,926,-3.5380507343124146,949,924,,928,934,0.9345794392523255,-0.9345794392523366,-1.602136181575431,-3.337783711615483,close,929,148200.0,stop,-1.6318691588785064,928,148302.0,stop,-1.5637783711615496
2026-04-30,2,opening_rebreak_v1,baseline,11,Top1~20,009830,한화솔루션,2.085505735140769,False,2~3%,0.36841795841580277,0.3~0.5%,926,51501.0,1.9517770023453653,1.5~2.0x,1.9771142856707904,1.5~2.0x,09:21~09:30,1.4659909516320013,928,-2.1980155725131567,938,928,,931,938,-1.0990077862565784,0.0,-1.2815285140094335,-0.1825207277528551,close,930,51690.0,time_exit,-0.8338717694802109,930,51690.0,time_exit,-0.8338717694802109
2026-04-30,2,opening_rebreak_v1,baseline,32,Top21~50,024060,흥구석유,2.5383707201888983,False,2~3%,0.7878446820483961,0.7~1.0%,910,17780.0,1.449156529336649,1.0~1.5x,1.4614862785936256,1.2~1.5x,09:03~09:10,0.6749156355455588,921,-1.7997750281214864,934,,,913,,-0.8998875140607376,-0.6186726659167641,-1.0123734533183382,-1.2935883014623117,close,930,17600.0,stop,-1.5235883014623202,913,17602.2,stop,-1.5112148481439829
2026-04-30,2,opening_rebreak_v1,baseline,37,Top21~50,007660,이수페타시스,3.904109589041105,False,3~4%,0.5154639175257731,0.5~0.7%,908,156000.0,2.1790400994261065,2.0x+,2.2093168618221912,2.0x+,09:03~09:10,0.12820512820512775,909,-3.076923076923077,932,,,910,918,-0.4487179487179471,-1.9230769230769273,-2.564102564102566,-2.2435897435897467,close,910,153900.0,stop,-1.8966666666666618,910,154440.0,stop,-1.5505128205128214
2026-04-30,2,opening_rebreak_v1,baseline,40,Top21~50,125020,티씨머티리얼즈,6.164383561643838,False,5~7%,0.6134969325153374,0.5~0.7%,913,9280.0,1.9498035327506413,1.5~2.0x,2.0307718051544277,2.0x+,09:11~09:20,1.5086206896551824,921,-5.603448275862066,928,919,,916,917,0.5387931034482651,-0.8620689655172376,-2.909482758620685,-4.31034482758621,close,916,9170.0,stop,-1.9541379310344857,916,9187.2,stop,-1.7687931034482656
2026-04-30,2,opening_rebreak_v1,baseline,51,Top51~100,475150,SK이터닉스,4.067796610169494,False,4~5%,0.6430868167202572,0.5~0.7%,924,63200.0,1.4241211487410506,1.0~1.5x,1.456382792887288,1.2~1.5x,09:21~09:30,1.5822784810126667,926,-4.113924050632911,954,926,,931,934,-0.31645569620253333,-2.689873417721522,-3.4810126582278444,-3.9556962025316444,close,930,62700.0,time_exit,-1.8122784810126624,926,64147.99999999999,take_profit,0.47886075949366114
2026-05-04,2,opening_rebreak_v1,baseline,3,Top1~20,010170,대한광통신,2.2442244224422536,False,2~3%,0.4932182490752158,0.3~0.5%,919,16470.0,1.9035327137916174,1.5~2.0x,1.9424525276423754,1.5~2.0x,09:11~09:20,10.50394656952034,939,-0.18214936247723523,920,920,921,,,4.098360655737698,3.4608378870673917,10.443230115361256,2.792956891317555,close,921,16880.0,take_profit,1.955792349726781,921,16717.05,take_profit,0.9664177292046047
2026-05-04,2,opening_rebreak_v1,baseline,7,Top1~20,009150,삼성전기,3.245192307692313,False,3~4%,0.45558086560364464,0.3~0.5%,916,885000.0,2.006309148264984,2.0x+,2.0315601787351385,2.0x+,09:11~09:20,0.1129943502824915,917,-2.1468926553672274,926,,,920,926,-1.016949152542368,-1.8079096045197751,-1.5819209039548032,-1.2429378531073398,close,920,870000.0,stop,-2.489887005649713,920,876150.0,stop,-1.7949717514124304
2026-05-04,2,opening_rebreak_v1,baseline,18,Top1~20,006800,미래에셋증권,2.6234567901234573,False,2~3%,0.4464285714285714,0.3~0.5%,926,67400.0,2.2123668506486895,2.0x+,2.222387960504082,2.0x+,09:21~09:30,1.7804154302670572,932,0.0,927,927,,,,1.1869436201780381,1.0385756676557945,0.667655786350152,0.5934718100890191,close,930,67800.0,time_exit,-0.37836795252225697,930,67800.0,time_exit,-0.37836795252225697
2026-05-04,2,opening_rebreak_v1,baseline,33,Top21~50,051910,LG화학,3.652392947103267,False,3~4%,0.601684717208183,0.5~0.7%,919,416000.0,1.7813940363089078,1.5~2.0x,1.791234392338412,1.5~2.0x,09:11~09:20,2.163461538461542,949,-1.9230769230769273,927,942,949,921,,-0.9615384615384581,-1.6826923076923128,-0.8413461538461564,1.8028846153846256,close,921,411500.0,stop,-1.9126923076923095,921,411840.0,stop,-1.8309615384615394
2026-05-04,2,opening_rebreak_v1,baseline,34,Top21~50,267260,HD현대일렉트릭,2.2364217252396124,False,2~3%,0.34965034965034963,0.3~0.5%,930,1289000.0,1.5355054302422724,1.5~2.0x,1.5432877189725451,1.5~2.0x,09:21~09:30,0.3103180760279267,933,-0.6982156710628407,952,,,,,0.15515903801397446,-0.3103180760279267,-0.38789759503491394,0.2327385570209506,close,930,1289000.0,time_exit,-0.6178975950349108,930,1289000.0,time_exit,-0.6178975950349108
2026-05-04,2,opening_rebreak_v1,baseline,40,Top21~50,066970,엘앤에프,6.868272680676579,False,5~7%,0.4524886877828055,0.3~0.5%,914,223500.0,2.9913916786226684,2.0x+,3.0389820007825747,2.0x+,09:11~09:20,0.6711409395973256,917,-4.250559284116329,927,,,918,920,-1.342281879194629,-3.1319910514541416,-3.3557046979865723,-3.3557046979865723,close,919,220500.0,stop,-2.6908501118568213,918,221265.0,stop,-2.3485682326621933
2026-05-04,2,opening_rebreak_v1,baseline,41,Top21~50,432720,퀄리타스반도체,3.9920159680638667,False,3~4%,0.8576329331046313,0.7~1.0%,918,30250.0,3.3539752567891408,2.0x+,3.541542762466405,2.0x+,09:11~09:20,1.8181818181818077,929,-5.04132231404959,924,929,,919,920,-3.4710743801652844,0.0,0.0,-3.1404958677686,close,919,29800.0,stop,-2.5440495867768593,919,29947.5,stop,-2.0564462809917368
2026-05-04,2,opening_rebreak_v1,baseline,62,Top51~100,089030,테크윙,2.617801047120416,False,2~3%,0.3236245954692557,0.3~0.5%,922,62100.0,2.0612681126811268,2.0x+,2.0880527638751185,2.0x+,09:21~09:30,0.0,923,-2.5764895330112725,939,,,924,932,-1.1272141706924366,-1.9323671497584516,-1.6103059581320411,-0.8051529790660261,close,927,61400.0,stop,-2.162367149758459,924,61479.0,stop,-2.0351529790660234
2026-05-04,2,opening_rebreak_v1,baseline,66,Top51~100,034730,SK,2.941176470588225,False,2~3%,0.336322869955157,0.3~0.5%,919,448000.0,2.3087369420702757,2.0x+,2.321309570483278,2.0x+,09:11~09:20,1.4508928571428603,938,-0.6696428571428603,920,931,,,,-0.22321428571429047,0.33482142857141906,1.0044642857142794,0.8928571428571397,close,930,449500.0,time_exit,-0.45321428571429523,930,449500.0,time_exit,-0.45321428571429523
2026-05-04,2,opening_rebreak_v1,baseline,90,Top51~100,403870,HPSP,2.6615969581748944,False,2~3%,0.3676470588235294,0.3~0.5%,919,54700.0,3.4649802602719695,2.0x+,3.496945022820604,2.0x+,09:11~09:20,0.9140767824497242,929,-0.7312614259597838,943,,,,,0.0,0.7312614259597838,0.0,0.1828153564899404,close,930,54700.0,time_exit,-1.1440767824497258,930,54700.0,time_exit,-1.1440767824497258
2026-05-04,2,opening_rebreak_v1,baseline,98,Top51~100,020150,롯데에너지머티리얼즈,6.146926536731634,False,5~7%,0.39473684210526316,0.3~0.5%,918,76300.0,1.5821234764326504,1.5~2.0x,1.6095320727779543,1.5~2.0x,09:11~09:20,4.718217562254257,948,-1.4416775884665833,921,926,931,920,,0.5242463958060384,1.0484927916120546,2.752293577981657,3.9318479685452212,close,929,77800.0,take_profit,1.0806159895150635,920,75537.0,stop,-1.8853079947575369
2026-05-06,2,opening_rebreak_v1,baseline,4,Top1~20,001440,대한전선,3.13014827018121,False,3~4%,0.9273570324574961,0.7~1.0%,920,64900.0,1.8735164462529672,1.5~2.0x,1.9198001298289402,1.5~2.0x,09:11~09:20,3.2357473035439233,929,-1.2326656394452962,937,921,923,936,,1.5408320493066174,2.157164869029282,0.6163328197226425,0.15408320493066618,close,923,66000.0,take_profit,0.6944992295839707,922,65873.5,take_profit,0.4995839753466773
2026-05-06,2,opening_rebreak_v1,baseline,10,Top1~20,018880,한온시스템,2.268041237113394,False,2~3%,0.8531746031746031,0.7~1.0%,912,5110.0,2.0642948582881973,2.0x+,2.110975930728975,2.0x+,09:11~09:20,7.436399217221146,935,-1.1741682974559686,916,918,920,916,,-0.3913894324853229,1.5655577299412915,6.6536203522505,3.718199608610573,close,920,5220.0,take_profit,0.9441682974559742,916,5058.9,stop,-2.208473581213319
2026-05-06,2,opening_rebreak_v1,baseline,20,Top1~20,010120,LS ELECTRIC,3.911564625850339,False,3~4%,0.8116883116883116,0.7~1.0%,926,311500.0,6.7429054753849345,2.0x+,6.844422876158163,2.0x+,09:21~09:30,0.0,927,-2.4077046548956704,937,,,927,935,-1.1235955056179803,-1.9261637239165297,-1.2841091492776902,-0.32102728731941976,close,930,308000.0,stop,-2.156163723916536,927,308385.0,stop,-2.0325682182985565
2026-05-06,2,opening_rebreak_v1,baseline,32,Top21~50,003670,포스코퓨처엠,2.9962546816479474,False,2~3%,0.5172413793103449,0.5~0.7%,919,291000.0,1.1866362139480533,1.0~1.5x,1.2161117106499504,1.2~1.5x,09:11~09:20,1.2027491408934665,921,-2.405498281786944,945,921,,925,944,-0.5154639175257714,-1.2027491408934665,-1.546391752577314,-1.546391752577314,close,925,288000.0,stop,-2.1200343642611648,925,288090.0,stop,-2.089106529209623
2026-05-06,2,opening_rebreak_v1,baseline,35,Top21~50,161580,필옵틱스,5.858170606372037,False,5~7%,0.3861003861003861,0.3~0.5%,924,52100.0,1.7433514023096865,1.5~2.0x,1.7737462433071285,1.5~2.0x,09:21~09:30,12.092130518234168,953,-1.7274472168905985,930,938,938,925,,-0.5758157389635365,-0.38387715930902067,5.566218809980805,10.556621880998085,close,930,51800.0,time_exit,-1.7655086372360893,925,51579.0,stop,-2.1896928982725536
2026-05-06,2,opening_rebreak_v1,baseline,51,Top51~100,064260,다날,5.114401076716013,False,5~7%,0.7416563658838072,0.7~1.0%,906,8330.0,3.9518179309973553,2.0x+,4.099457455194019,2.0x+,09:03~09:10,3.7214885954381716,932,-1.4405762304921965,916,907,909,916,,3.1212484993997647,0.4801920768307433,0.8403361344537785,1.3205282112845218,close,909,8480.0,take_profit,0.9704801920768275,907,8454.949999999999,take_profit,0.6697599039615748
2026-05-06,2,opening_rebreak_v1,baseline,58,Top51~100,452190,한빛레이저,5.018359853121179,False,5~7%,0.9230769230769231,0.7~1.0%,923,10080.0,1.188331890412489,1.0~1.5x,1.244711697509485,1.2~1.5x,09:21~09:30,4.5634920634920695,946,-1.7857142857142905,924,929,934,924,,0.5952380952380931,1.6865079365079305,3.3730158730158832,2.083333333333326,close,924,9970.0,stop,-1.8173015873015834,924,9979.2,stop,-1.7260317460317358
2026-05-06,2,opening_rebreak_v1,baseline,71,Top51~100,377300,카카오페이,6.25,False,5~7%,0.9787928221859705,0.7~1.0%,923,61900.0,4.299576685118854,2.0x+,4.384576553687925,2.0x+,09:21~09:30,2.2617124394184174,934,-1.4539579967689842,929,925,934,929,,-0.646203554119551,1.1308562197092087,1.6155088852988664,1.292407108239102,close,929,61100.0,stop,-2.3301615508885254,929,61281.0,stop,-2.0377544426494354
2026-05-06,2,opening_rebreak_v1,baseline,87,Top51~100,353200,대덕전자,4.108391608391604,False,4~5%,0.9105960264900662,0.7~1.0%,920,121800.0,1.7330508474576272,1.5~2.0x,1.763455248290217,1.5~2.0x,09:11~09:20,4.844006568144499,928,-0.8210180623973717,938,924,924,,,2.4630541871921263,1.1494252873563315,-0.49261083743842304,0.16420361247948545,close,924,124100.0,take_profit,1.247832512315274,924,123626.99999999999,take_profit,0.8594909688013038
2026-05-06,2,opening_rebreak_v1,baseline,98,Top51~100,037030,파워넷,4.8387096774193505,False,4~5%,0.5841121495327103,0.5~0.7%,919,8700.0,1.818879742891811,1.5~2.0x,1.9011840100322401,1.5~2.0x,09:11~09:20,10.344827586206895,942,-3.67816091954023,921,929,931,920,921,0.11494252873562871,0.5747126436781658,6.5517241379310365,7.471264367816088,close,921,8520.0,stop,-2.8736781609195443,920,8613.0,stop,-1.8047126436781618
2026-05-07,2,opening_rebreak_v1,baseline,4,Top1~20,010170,대한광통신,4.707170224411605,False,4~5%,0.9638554216867471,0.7~1.0%,912,22000.0,1.384500122506844,1.0~1.5x,1.482189912172777,1.2~1.5x,09:11~09:20,0.0,913,-6.590909090909092,937,,,913,913,-4.545454545454541,-0.9090909090909038,-2.500000000000002,-3.6363636363636376,close,913,21700.0,stop,-2.730000000000003,913,21780.0,stop,-2.366363636363637
2026-05-07,2,opening_rebreak_v1,baseline,64,Top51~100,003490,대한항공,4.073319755600813,False,4~5%,0.3875968992248062,0.3~0.5%,911,25850.0,2.3179410848419812,2.0x+,2.331469923858569,2.0x+,09:11~09:20,0.19342359767891004,912,-2.127659574468088,922,,,917,922,-0.3868471953578312,-1.740812379110257,-1.934235976789167,-0.9671179883945835,close,917,25550.0,stop,-2.357659574468089,917,25591.5,stop,-2.1971179883945853
2026-05-07,2,opening_rebreak_v1,baseline,80,Top51~100,100590,머큐리,2.5900900900900803,False,2~3%,0.6091370558375634,0.5~0.7%,920,10020.0,1.5254753279551911,1.5~2.0x,1.5670542662399505,1.5~2.0x,09:11~09:20,13.273453093812382,924,-3.293413173652693,936,922,922,934,936,8.682634730538918,7.984031936127733,2.195608782435121,2.195608782435121,close,922,10470.0,take_profit,3.762015968063869,922,10170.3,take_profit,0.7709980039920062
2026-05-07,2,opening_rebreak_v1,baseline,96,Top51~100,017900,광전자,2.669208770257381,False,2~3%,0.5509641873278237,0.5~0.7%,914,11000.0,1.9109714616553688,1.5~2.0x,1.9706072107031285,1.5~2.0x,09:11~09:20,10.000000000000009,929,-3.6363636363636376,918,922,922,915,915,-3.0000000000000027,4.545454545454541,-0.9090909090909038,1.2727272727272698,close,915,10770.0,stop,-2.7754545454545423,915,10890.0,stop,-1.6845454545454555
2026-05-08,2,opening_rebreak_v1,baseline,13,Top1~20,277810,레인보우로보틱스,2.582496413199431,False,2~3%,0.6493506493506493,0.5~0.7%,912,780000.0,1.4410516797662933,1.0~1.5x,1.4651110417240107,1.2~1.5x,09:11~09:20,3.589743589743599,920,-0.8974358974358942,913,916,917,,,2.1794871794871717,2.3076923076922995,1.2820512820512775,2.6923076923076827,close,917,797000.0,take_profit,1.3084615384615308,917,791699.9999999999,take_profit,0.6289743589743493
2026-05-08,2,opening_rebreak_v1,baseline,20,Top1~20,090710,휴림로봇,2.833333333333332,False,2~3%,0.6944444444444444,0.5~0.7%,912,13090.0,3.0165017034537325,2.0x+,3.068065835136702,2.0x+,09:11~09:20,4.507257448433921,934,-1.909854851031323,916,918,924,913,,-0.381970970206269,0.30557677616500634,3.6669213139801426,1.6042780748663166,close,915,12930.0,stop,-1.834278074866312,913,12959.1,stop,-1.6119709702062652
2026-05-08,2,opening_rebreak_v1,baseline,45,Top21~50,058610,에스피지,3.945249597423506,False,3~4%,0.43988269794721413,0.3~0.5%,918,136600.0,2.969093889018965,2.0x+,2.997293096218744,2.0x+,09:11~09:20,1.5373352855051259,922,-2.0497803806734938,938,921,,930,938,0.8784773060029227,0.07320644216690653,-1.68374816983895,-0.07320644216690653,close,930,135000.0,stop,-1.7673352855051245,922,138649.0,take_profit,0.9039677891654367
2026-05-08,2,opening_rebreak_v1,baseline,83,Top51~100,214450,파마리서치,3.308270676691727,False,3~4%,0.7142857142857143,0.7~1.0%,920,353500.0,2.7220566318926975,2.0x+,2.7690561708606287,2.0x+,09:11~09:20,0.28288543140029265,921,-2.121640735502117,937,,,935,937,-0.777934936350777,-0.14144271570014633,-1.4144271570014189,-1.2729844413012725,close,930,353000.0,time_exit,-1.0786562942008535,930,353000.0,time_exit,-1.0786562942008535
2026-05-08,2,opening_rebreak_v1,baseline,85,Top51~100,101170,우림피티에스,3.7697052775873985,False,3~4%,0.7736943907156674,0.7~1.0%,909,15590.0,1.1884598058888571,1.0~1.5x,1.2039043777652554,1.2~1.5x,09:03~09:10,0.06414368184732844,910,-4.041051956382291,919,,,910,912,-2.1167415009621604,-3.9769082745349627,-2.180885182809489,-1.8601667735728022,close,910,15410.0,stop,-1.7053046824887796,910,15434.1,stop,-1.550718409236691
2026-05-11,2,opening_rebreak_v1,baseline,3,Top1~20,010170,대한광통신,4.697986577181212,False,4~5%,0.40650406504065045,0.3~0.5%,912,24700.0,1.3855537907465683,1.0~1.5x,1.4113172923909334,1.2~1.5x,09:11~09:20,11.943319838056677,935,0.0,913,913,914,,,2.2267206477732726,6.275303643724706,10.121457489878537,9.109311740890691,close,914,25400.0,take_profit,1.591862348178131,914,25070.499999999996,take_profit,0.257854251012136
2026-05-11,2,opening_rebreak_v1,baseline,16,Top1~20,010140,삼성중공업,2.3474178403755763,False,2~3%,0.7267441860465116,0.7~1.0%,918,34500.0,2.284391914860236,2.0x+,2.3176334904090687,2.0x+,09:11~09:20,2.463768115942022,927,-1.0144927536231862,946,920,926,946,,1.449275362318847,1.304347826086949,0.28985507246377384,-0.7246376811594235,close,926,35150.0,take_profit,0.9294202898550764,923,35017.5,take_profit,0.54536231884057
2026-05-11,2,opening_rebreak_v1,baseline,29,Top21~50,011790,SKC,5.31582238899313,False,5~7%,0.5685048322910745,0.5~0.7%,910,178100.0,1.7172106999764318,1.5~2.0x,1.7486290775631932,1.5~2.0x,09:03~09:10,0.7860752386299907,912,-8.253790005614825,934,,,914,914,-1.6282987085906808,-4.042672655811341,-6.541268950028078,-6.681639528354855,close,914,175800.0,stop,-1.8021504772599615,914,176319.0,stop,-1.5107411566535665
2026-05-11,2,opening_rebreak_v1,baseline,45,Top21~50,069540,빛과전자,3.8461538461538547,False,3~4%,0.7246376811594203,0.7~1.0%,919,5580.0,1.485735729067671,1.0~1.5x,1.5128476949265701,1.5~2.0x,09:11~09:20,7.526881720430101,927,-0.17921146953404632,920,920,920,,,6.2724014336917655,5.197132616487465,3.7634408602150504,4.480286738351258,close,920,5770.0,take_profit,2.2789605734767067,920,5663.7,take_profit,0.37394265232973933
2026-05-11,2,opening_rebreak_v1,baseline,71,Top51~100,046970,우리로,2.244668911335568,False,2~3%,0.857449088960343,0.7~1.0%,919,9350.0,1.8476983930245843,1.5~2.0x,1.8726411520643838,1.5~2.0x,09:11~09:20,5.3475935828877,934,0.0,920,920,920,,,3.208556149732611,2.032085561497321,2.887700534759352,2.2459893048128343,close,920,9530.0,take_profit,1.1603743315508055,920,9490.249999999998,take_profit,0.7352406417112203
2026-05-11,2,opening_rebreak_v1,baseline,99,Top51~100,004710,한솔테크닉스,4.136029411764697,False,4~5%,0.3275297362523703,0.3~0.5%,926,12083.0,1.7345364427781662,1.5~2.0x,1.81238359028784,1.5~2.0x,09:21~09:30,10.15476289001076,956,-6.4056939501779375,933,929,943,927,930,-4.45253662169991,-1.3241744599851057,4.45253662169991,9.451295208143673,close,930,11630.0,stop,-4.392873458578167,927,11962.17,stop,-1.6438045187453456
2026-05-12,2,opening_rebreak_v1,baseline,6,Top1~20,066570,LG전자,2.999361837906833,False,2~3%,0.9994121105232217,0.7~1.0%,908,171600.0,1.7410586159934922,1.5~2.0x,1.7639442346959866,1.5~2.0x,09:03~09:10,8.799533799533798,932,-0.40792540792540244,909,910,911,,,3.43822843822843,5.3613053613053685,6.876456876456882,7.400932400932403,close,910,174400.0,take_profit,1.1103263403263406,910,174173.99999999997,take_profit,0.9786247086246989
2026-05-12,2,opening_rebreak_v1,baseline,20,Top1~20,277810,레인보우로보틱스,2.4277456647398887,False,2~3%,0.8620689655172413,0.7~1.0%,910,935000.0,1.4945945945945946,1.0~1.5x,1.5189629847238544,1.5~2.0x,09:03~09:10,4.705882352941182,923,-1.17647058823529,937,914,918,937,,1.2834224598930577,4.2245989304812825,1.17647058823529,-0.6417112299465288,close,917,950000.0,take_profit,0.8395187165775466,916,949024.9999999999,take_profit,0.7352406417112203
2026-05-12,2,opening_rebreak_v1,baseline,28,Top21~50,086280,현대글로비스,6.972111553784854,False,5~7%,0.35714285714285715,0.3~0.5%,927,282000.0,1.4874042553191489,1.0~1.5x,1.5001945057453772,1.5~2.0x,09:21~09:30,2.3049645390070816,932,-2.4822695035460973,957,931,932,944,951,1.0638297872340496,1.773049645390068,-1.0638297872340385,-1.9503546099290725,close,930,284500.0,time_exit,-0.22999999999999043,930,284500.0,time_exit,-0.22999999999999043
2026-05-12,2,opening_rebreak_v1,baseline,38,Top21~50,454910,두산로보틱스,3.1609195402298784,False,3~4%,0.6363636363636364,0.5~0.7%,906,110800.0,2.744963519546989,2.0x+,2.7826345651034434,2.0x+,09:03~09:10,3.700361010830333,929,-0.7220216606498187,925,910,915,,,1.1732851985559511,2.166064981949467,0.3610108303249149,0.9927797833934937,close,915,113200.0,take_profit,1.48480144404333,915,112461.99999999999,take_profit,0.8187364620938531
2026-05-12,2,opening_rebreak_v1,baseline,52,Top51~100,017670,SK텔레콤,3.054989816700604,False,3~4%,0.8579599618684461,0.7~1.0%,926,105300.0,2.049052573282171,2.0x+,2.0609340666752387,2.0x+,09:21~09:30,2.3741690408357163,954,-0.18993352326686086,927,935,939,,,0.6647673314339908,1.139601139601143,1.7094017094017033,2.3741690408357163,close,930,105900.0,time_exit,-0.1350332383665811,930,105900.0,time_exit,-0.1350332383665811
2026-05-12,2,opening_rebreak_v1,baseline,73,Top51~100,012200,계양전기,2.9550827423167947,False,2~3%,0.8926696072253728,0.7~1.0%,925,9872.0,2.445795184868554,2.0x+,2.5585344987837626,2.0x+,09:21~09:30,5.267423014586714,944,-2.005672609400322,926,927,931,926,926,2.967990275526744,1.4384116693679116,4.59886547811994,5.267423014586714,close,926,9759.0,stop,-1.8811345218800626,926,9773.28,stop,-1.7364829821717889
2026-05-12,2,opening_rebreak_v1,baseline,74,Top51~100,012860,모베이스전자,5.926724137931028,False,5~7%,0.7633587786259541,0.7~1.0%,914,5670.0,1.4012870350661841,1.0~1.5x,1.5279418247740892,1.5~2.0x,09:11~09:20,6.349206349206349,919,-0.17636684303351524,915,915,915,,,6.349206349206349,6.349206349206349,6.349206349206349,6.349206349206349,close,915,5780.0,take_profit,0.8282010582010637,915,5755.049999999999,take_profit,0.3881657848324418
2026-05-13,2,opening_rebreak_v1,baseline,7,Top1~20,012330,현대모비스,2.9197080291970767,False,2~3%,0.8665511265164645,0.7~1.0%,922,581000.0,2.420602431722368,2.0x+,2.4502654216877215,2.0x+,09:21~09:30,3.098106712564541,951,-2.2375215146299476,932,923,942,928,932,-0.688468158347677,-1.376936316695354,2.2375215146299476,2.925989672977636,close,928,573500.0,stop,-2.381462994836486,928,575190.0,stop,-2.0905851979345966
2026-05-14,2,opening_rebreak_v1,baseline,6,Top1~20,066570,LG전자,5.538140020898652,False,5~7%,0.9302325581395349,0.7~1.0%,921,216500.0,2.6770400147860642,2.0x+,2.7272635310253417,2.0x+,09:21~09:30,3.6951501154734334,948,-2.5404157043879882,930,938,940,922,930,-0.9237875288683584,-2.0785219399538146,2.5404157043879882,1.385681293302543,close,927,213500.0,stop,-2.770415704387993,922,214335.0,stop,-2.384734411085451
2026-05-14,2,opening_rebreak_v1,baseline,7,Top1~20,064400,LG씨엔에스,2.176870748299309,False,2~3%,0.9055627425614489,0.7~1.0%,907,78200.0,1.9967738838214115,1.5~2.0x,2.038481954501754,2.0x+,09:03~09:10,8.056265984654743,937,-0.5115089514066473,911,909,913,,,1.534526854219953,3.5805626598465423,6.010230179028131,7.544757033248084,close,912,79400.0,take_profit,0.665140664961641,912,79372.99999999999,take_profit,0.6306138107416782
2026-05-14,2,opening_rebreak_v1,baseline,15,Top1~20,047040,대우건설,2.4179620034542326,False,2~3%,0.3284072249589491,0.3~0.5%,909,30800.0,1.2601026467445569,1.0~1.5x,1.2937063030293843,1.2~1.5x,09:03~09:10,1.1363636363636465,910,-2.5974025974025983,925,910,,912,912,-0.8116883116883078,-1.9480519480519431,-1.461038961038963,-1.7857142857142905,close,912,30300.0,stop,-2.6650649350649385,912,30492.0,stop,-2.041688311688312
2026-05-14,2,opening_rebreak_v1,baseline,48,Top21~50,267260,HD현대일렉트릭,3.515625,False,3~4%,0.3750937734433608,0.3~0.5%,906,1348000.0,3.213868613138686,2.0x+,3.2622702488787265,2.0x+,09:03~09:10,0.0,907,-4.970326409495551,935,,,909,910,-2.448071216617209,-2.670623145400597,-3.6350148367952473,-4.821958456973297,close,909,1332000.0,stop,-1.7878635014836761,909,1334520.0,stop,-1.600919881305639
2026-05-14,2,opening_rebreak_v1,baseline,70,Top51~100,006260,LS,2.7079303675048294,False,2~3%,0.3663003663003663,0.3~0.5%,914,547000.0,1.3153284671532848,1.0~1.5x,1.3197912315091531,1.2~1.5x,09:11~09:20,1.0968921389396646,924,-2.376599634369292,921,924,,919,920,-1.4625228519195566,0.3656307129798808,-1.8281535648994485,-1.8281535648994485,close,919,539000.0,stop,-2.6065996343692825,919,541530.0,stop,-2.1440767824497264
2026-05-14,2,opening_rebreak_v1,baseline,79,Top51~100,454910,두산로보틱스,4.678362573099415,False,4~5%,0.4591368227731864,0.3~0.5%,907,111100.0,2.6005485087418583,2.0x+,2.665322318461443,2.0x+,09:03~09:10,0.0,908,-4.410441044104408,920,,,908,910,-2.6102610261026116,-2.6102610261026116,-2.160216021602157,-3.5103510351035094,close,910,108750.0,stop,-2.795256525652566,908,109989.0,stop,-1.680045004500451
2026-05-14,2,opening_rebreak_v1,baseline,80,Top51~100,072950,빛샘전자,3.2701111837802443,False,3~4%,0.500277932184547,0.5~0.7%,907,18000.0,1.5522507947641728,1.5~2.0x,1.5609225869136933,1.5~2.0x,09:03~09:10,4.833333333333334,910,-7.72222222222222,937,908,908,912,913,-1.4444444444444482,-2.2222222222222254,-4.1666666666666625,-7.72222222222222,close,908,18370.0,take_profit,1.5477777777777884,908,18270.0,take_profit,0.9922222222222125
2026-05-15,2,opening_rebreak_v1,baseline,8,Top1~20,454910,두산로보틱스,3.5580524344569264,False,3~4%,0.7785467128027681,0.7~1.0%,907,117600.0,1.4519575598788488,1.0~1.5x,1.4886679079490202,1.2~1.5x,09:03~09:10,14.030612244897966,936,-2.8061224489795866,910,912,914,909,909,0.5102040816326481,0.8503401360544283,6.887755102040827,14.030612244897966,close,909,115200.0,stop,-2.6959863945578255,909,116424.0,stop,-1.655170068027212
2026-05-15,2,opening_rebreak_v1,baseline,19,Top1~20,034220,LG디스플레이,3.715775749674055,False,3~4%,0.6024096385542169,0.5~0.7%,916,16690.0,1.6772295273453264,1.5~2.0x,1.7138017585705585,1.5~2.0x,09:11~09:20,0.6590772917914878,919,-6.710605152786098,946,,,917,924,-0.9586578789694378,-1.4379868184541622,-3.7747153984421855,-6.231276213301373,close,920,16440.0,stop,-2.027483523067701,917,16523.1,stop,-1.5295805871779629
2026-05-15,2,opening_rebreak_v1,baseline,32,Top21~50,018880,한온시스템,2.400000000000002,False,2~3%,0.3787878787878788,0.3~0.5%,914,5340.0,2.120048362194236,2.0x+,2.166092981531491,2.0x+,09:11~09:20,4.307116104868913,928,-0.7490636704119868,916,917,919,,,2.0599250936329527,0.3745318352059934,3.183520599250933,0.1872659176029856,close,919,5450.0,take_profit,0.8935955056179714,919,5420.099999999999,take_profit,0.3336704119850089
2026-05-15,2,opening_rebreak_v1,baseline,53,Top51~100,007660,이수페타시스,4.981132075471706,False,4~5%,0.35688793718772305,0.3~0.5%,917,140600.0,1.4059426954368588,1.0~1.5x,1.4160139181835412,1.2~1.5x,09:11~09:20,1.5647226173541862,923,-2.3470839260312903,947,923,,939,943,0.9246088193456625,0.8534850640113723,-0.4978662873399764,-2.275960170697011,close,930,140400.0,time_exit,-0.7278662873399666,923,142709.0,take_profit,0.914381223328582
2026-05-15,2,opening_rebreak_v1,baseline,63,Top51~100,108490,로보티즈,2.052785923753664,False,2~3%,0.8450704225352111,0.7~1.0%,925,357500.0,1.5625565815679885,1.5~2.0x,1.5869715281549883,1.5~2.0x,09:21~09:30,3.776223776223775,937,-0.13986013986013734,926,926,928,,,0.2797202797202747,1.8181818181818077,2.657342657342654,1.6783216783216703,close,930,358500.0,time_exit,-0.6495804195804246,928,362862.49999999994,take_profit,0.570699300699291
2026-05-15,2,opening_rebreak_v1,baseline,66,Top51~100,071050,한국금융지주,4.844961240310086,False,4~5%,0.35714285714285715,0.3~0.5%,924,280500.0,3.3268325487558843,2.0x+,3.3447187452545717,2.0x+,09:21~09:30,0.891265597147961,935,-1.9607843137254943,945,,,926,,-0.7130124777183555,-0.17825311942959443,-1.2477718360071277,-0.35650623885917776,close,927,276500.0,stop,-2.5472905525846725,926,277695.0,stop,-2.121265597147951
2026-05-15,2,opening_rebreak_v1,baseline,99,Top51~100,000880,한화,2.9614325068870517,False,2~3%,0.6126363256103409,0.5~0.7%,910,196998.0,1.3503493351363534,1.0~1.5x,1.3653264950866177,1.2~1.5x,09:03~09:10,0.1827429720098639,911,-4.082782566320475,914,,,911,912,-2.376673874861679,-1.4624513954456408,-1.2797084234357659,-2.559416846871543,close,911,193997.0,stop,-2.007175402795972,911,195028.02,stop,-1.48380968334704
2026-05-19,2,opening_rebreak_v1,baseline,11,Top1~20,027360,아주IB투자,2.586713697824816,False,2~3%,0.9577464788732395,0.7~1.0%,911,18210.0,2.48851474081319,2.0x+,2.577693596712639,2.0x+,09:11~09:20,9.55518945634266,924,-3.349807797913229,940,912,913,937,940,4.88742449203734,7.358594179022515,2.690829214717194,-2.910488742449202,close,913,19190.0,take_profit,4.877084019769347,913,18483.149999999998,take_profit,0.995425590334971
2026-05-19,2,opening_rebreak_v1,baseline,13,Top1~20,012450,한화에어로스페이스,2.2004889975550057,False,2~3%,0.8333333333333334,0.7~1.0%,912,1324000.0,1.377166419689453,1.0~1.5x,1.4028062767680944,1.2~1.5x,09:11~09:20,1.5105740181268867,941,-1.7371601208459264,921,941,,914,,-0.5287009063444148,-0.07552870090634656,-0.30211480362537513,0.7552870090634434,close,915,1307000.0,stop,-1.8916314199395803,914,1310760.0,stop,-1.607643504531723
2026-05-21,2,opening_rebreak_v1,baseline,2,Top1~20,000660,SK하이닉스,3.209169054441263,False,3~4%,0.3293084522502744,0.3~0.5%,928,1824000.0,1.9658067591905923,1.5~2.0x,1.9715696550790478,1.5~2.0x,09:21~09:30,3.3991228070175517,958,-0.10964912280702066,930,939,950,,,0.328947368421062,0.7675438596491224,1.3157894736842035,3.125,close,930,1825000.0,time_exit,-0.44929824561403353,930,1825000.0,time_exit,-0.44929824561403353
2026-05-21,2,opening_rebreak_v1,baseline,3,Top1~20,009150,삼성전기,6.974552309142323,False,5~7%,0.5054759898904801,0.5~0.7%,906,1196000.0,1.334551252242078,1.0~1.5x,1.3515015221689461,1.2~1.5x,09:03~09:10,1.9230769230769162,909,-5.100334448160537,931,908,,913,917,-0.08361204013378476,-1.5886287625418105,-4.347826086956519,-3.8461538461538436,close,909,1216000.0,take_profit,1.024180602006688,909,1213939.9999999998,take_profit,0.8519397993310939
2026-05-21,2,opening_rebreak_v1,baseline,4,Top1~20,005380,현대차,3.716216216216206,False,3~4%,0.3225806451612903,0.3~0.5%,908,624000.0,2.4910192369008395,2.0x+,2.5123158683532196,2.0x+,09:03~09:10,3.205128205128216,929,-0.48076923076922906,910,917,921,,,0.560897435897445,0.8012820512820484,2.083333333333326,2.564102564102555,close,920,635000.0,take_profit,0.7315384615384553,920,633359.9999999999,take_profit,0.4687179487179389
2026-05-21,2,opening_rebreak_v1,baseline,5,Top1~20,066570,LG전자,6.243093922651943,False,5~7%,0.3076923076923077,0.3~0.5%,911,197000.0,1.861706909838171,1.5~2.0x,1.8866062820890932,1.5~2.0x,09:11~09:20,4.82233502538072,941,-1.0152284263959421,915,929,932,915,,-0.5583756345177715,0.9644670050761528,1.4213197969543234,4.314720812182737,close,930,199300.0,time_exit,0.6837055837563476,915,195030.0,stop,-1.4838071065989857
2026-05-21,2,opening_rebreak_v1,baseline,9,Top1~20,012330,현대모비스,6.728971962616814,False,5~7%,0.3236245954692557,0.3~0.5%,929,635000.0,1.7436220661504291,1.5~2.0x,1.7948586331382246,1.5~2.0x,09:21~09:30,0.31496062992126816,931,-1.8897637795275646,935,,,932,,-1.1023622047244053,-1.7322834645669305,-0.31496062992125706,-1.4173228346456734,close,930,631000.0,time_exit,-1.6473228346456747,930,631000.0,time_exit,-1.6473228346456747
2026-05-21,2,opening_rebreak_v1,baseline,16,Top1~20,067310,하나마이크론,4.02542372881356,False,4~5%,0.9615384615384616,0.7~1.0%,913,52100.0,1.6381730316106557,1.5~2.0x,1.6669668758746576,1.5~2.0x,09:11~09:20,7.869481765834929,939,-1.151631477927062,914,915,916,914,,1.3435700575815668,1.151631477927073,5.182341650671796,7.101727447216888,close,916,53000.0,take_profit,0.5377543186180458,914,51579.0,stop,-2.1896928982725536
2026-05-21,2,opening_rebreak_v1,baseline,20,Top1~20,064400,LG씨엔에스,3.370786516853941,False,3~4%,0.5369127516778524,0.5~0.7%,929,74800.0,1.8089738263398423,1.5~2.0x,1.822632974567966,1.5~2.0x,09:21~09:30,1.3368983957219305,957,-1.0695187165775444,949,957,,949,,-0.20053475935828402,-0.6684491978609652,-0.9358288770053513,0.5347593582887722,close,930,74600.0,time_exit,-1.1658288770053487,930,74600.0,time_exit,-1.1658288770053487
2026-05-21,2,opening_rebreak_v1,baseline,22,Top21~50,034220,LG디스플레이,3.025477707006363,False,3~4%,0.599250936329588,0.5~0.7%,908,13360.0,1.2228170010288066,1.0~1.5x,1.2311104094758747,1.2~1.5x,09:03~09:10,5.239520958083843,938,-0.07485029940119681,909,909,910,,,2.9940119760478945,2.020958083832336,0.44910179640718084,4.715568862275443,close,909,13570.0,take_profit,0.9676047904191671,909,13560.399999999998,take_profit,0.8957485029940022
2026-05-21,2,opening_rebreak_v1,baseline,26,Top21~50,000270,기아,3.4136546184738936,False,3~4%,0.31665611146295125,0.3~0.5%,908,158750.0,1.538420833805798,1.5~2.0x,1.5493204533460128,1.5~2.0x,09:03~09:10,3.811023622047238,938,-0.5354330708661426,910,918,929,,,0.47244094488188004,0.913385826771651,1.7952755905511708,3.748031496062998,close,923,161300.0,take_profit,1.061338582677168,923,161131.24999999997,take_profit,0.9550393700787304
2026-05-21,2,opening_rebreak_v1,baseline,33,Top21~50,307950,현대오토에버,3.942652329749108,False,3~4%,0.32733224222585927,0.3~0.5%,916,637000.0,1.2488292890591741,1.0~1.5x,1.3062467276366074,1.2~1.5x,09:11~09:20,0.0,919,-4.395604395604391,944,,,919,922,-1.5698587127158548,-2.197802197802201,-2.5117739403453743,-2.8257456828885363,close,921,627000.0,stop,-2.584788069073783,919,630630.0,stop,-2.0149293563579285
2026-05-21,2,opening_rebreak_v1,baseline,34,Top21~50,222800,심텍,6.1776061776061875,False,5~7%,0.6962576153176675,0.5~0.7%,911,115650.0,2.358002674988854,2.0x+,2.3900351390224452,2.0x+,09:11~09:20,6.5283182014699515,936,-0.5620406398616495,912,913,914,,,2.8102031993082477,3.069606571552086,1.9455252918287869,6.182447038478167,close,913,117500.0,take_profit,0.9373151750972706,913,117384.74999999999,take_profit,0.8376610462602583
2026-05-21,2,opening_rebreak_v1,baseline,35,Top21~50,027360,아주IB투자,4.574742268041243,False,4~5%,0.45977011494252873,0.3~0.5%,905,17560.0,1.849753252579632,1.5~2.0x,1.8753849373728835,1.5~2.0x,09:03~09:10,1.0820045558086466,906,-8.143507972665143,931,906,,907,907,-3.530751708428248,-3.815489749430523,-4.783599088838264,-5.6947608200455635,close,907,17030.0,stop,-3.532961275626429,907,17384.4,stop,-1.5147380410022677
2026-05-21,2,opening_rebreak_v1,baseline,39,Top21~50,353200,대덕전자,3.8345864661654128,False,3~4%,0.8486562942008486,0.7~1.0%,916,143500.0,1.9474958390074142,1.5~2.0x,1.9881901630153853,1.5~2.0x,09:11~09:20,3.832752613240409,941,-0.7665505226480795,917,920,933,,,1.184668989547033,0.7665505226480906,2.857142857142847,2.996515679442502,close,930,145700.0,take_profit,0.9546689895470302,930,145652.5,take_profit,0.9215679442508613
2026-05-21,2,opening_rebreak_v1,baseline,42,Top21~50,036540,SFA반도체,3.5989717223650297,False,3~4%,0.7237635705669482,0.7~1.0%,916,8400.0,1.698982539107931,1.5~2.0x,1.7292246244239338,1.5~2.0x,09:11~09:20,6.785714285714284,945,-0.8333333333333304,917,920,925,,,0.7142857142857117,3.4523809523809623,4.285714285714293,6.190476190476191,close,925,8580.0,take_profit,1.31761904761904,920,8526.0,take_profit,0.674761904761895
2026-05-21,2,opening_rebreak_v1,baseline,45,Top21~50,086520,에코프로,3.3698399326032025,False,3~4%,0.6415396952686447,0.5~0.7%,910,125100.0,1.884921188450272,1.5~2.0x,1.903177083737926,1.5~2.0x,09:03~09:10,2.2382094324540303,926,-0.6394884092725817,911,921,926,,,0.6794564348521215,0.3996802557953538,0.8792965627498095,1.918465227817756,close,926,127600.0,take_profit,1.36872102318145,923,126976.49999999999,take_profit,0.8703197442046265
2026-05-21,2,opening_rebreak_v1,baseline,47,Top21~50,319400,현대무벡스,5.4095826893354015,False,5~7%,0.4285714285714286,0.3~0.5%,917,35350.0,2.398607452013549,2.0x+,2.433020758355207,2.0x+,09:11~09:20,1.8387553041018467,919,-1.1315417256011262,939,918,,939,,0.14144271570013522,0.14144271570013522,-0.14144271570014633,-0.4243281471004279,close,919,36000.0,take_profit,0.9015417256011395,919,35880.25,take_profit,0.562786421499283
2026-05-21,2,opening_rebreak_v1,baseline,59,Top51~100,425040,티이엠씨,5.35714285714286,False,5~7%,0.6968641114982579,0.5~0.7%,913,29200.0,1.5140156682935062,1.5~2.0x,1.551202018041066,1.5~2.0x,09:11~09:20,3.767123287671237,924,-2.73972602739726,935,916,918,921,933,0.6849315068493178,0.0,-1.8835616438356184,-0.5136986301369828,close,924,30100.0,take_profit,1.9960273972602751,916,29637.999999999996,take_profit,0.4138356164383463
2026-05-21,2,opening_rebreak_v1,baseline,63,Top51~100,086280,현대글로비스,3.562945368171011,False,3~4%,0.4434589800443459,0.3~0.5%,929,226500.0,3.1818738893314538,2.0x+,3.199861704959107,2.0x+,09:21~09:30,0.44150110375276164,932,-1.3245033112582738,943,,,941,,-0.44150110375276164,-0.22075055187638082,-0.6622516556291425,-1.103752759381893,close,930,225500.0,time_exit,-1.7752538631346602,930,225500.0,time_exit,-1.7752538631346602
2026-05-21,2,opening_rebreak_v1,baseline,65,Top51~100,125020,티씨머티리얼즈,3.9136302294197067,False,3~4%,0.48250904704463204,0.3~0.5%,914,8460.0,2.3564167622864716,2.0x+,2.4224571919911044,2.0x+,09:11~09:20,13.829787234042556,935,-1.4184397163120588,916,917,917,916,,3.900709219858145,9.92907801418439,11.347517730496449,13.829787234042556,close,917,8700.0,take_profit,2.015862884160761,916,8375.4,stop,-1.8210165484633578
2026-05-21,2,opening_rebreak_v1,baseline,67,Top51~100,039030,이오테크닉스,2.3809523809523725,False,2~3%,0.30272452068617556,0.3~0.5%,907,499500.0,2.0591623036649214,2.0x+,2.0820881997583567,2.0x+,09:03~09:10,7.1071071071071135,936,-1.1011011011010985,909,910,916,908,,0.30030030030030463,2.7027027027026973,3.9039039039038936,6.506506506506504,close,908,494500.0,stop,-1.7315015015015012,908,494505.0,stop,-1.7305005005005014
2026-05-21,2,opening_rebreak_v1,baseline,70,Top51~100,247540,에코프로비엠,3.9615166949632075,False,3~4%,0.9198900189530445,0.7~1.0%,926,188683.0,1.4437137330754353,1.0~1.5x,1.4608661881165141,1.2~1.5x,09:21~09:30,1.6169978217433378,956,-1.095488199784822,931,953,,931,,-0.8872023446733435,-0.4695706555439494,-0.05246895586777933,1.6169978217433378,close,930,186812.0,time_exit,-1.4866049935606298,930,186812.0,time_exit,-1.4866049935606298
2026-05-21,2,opening_rebreak_v1,baseline,79,Top51~100,018260,삼성에스디에스,3.398058252427183,False,3~4%,0.33557046979865773,0.3~0.5%,921,179800.0,3.053126632990768,2.0x+,3.078596898011687,2.0x+,09:21~09:30,0.33370411568409697,922,-2.2246941045606206,950,,,924,926,-1.9466073414905471,-0.05561735261401246,-1.3904338153503892,-1.8909899888765347,close,924,177000.0,stop,-2.0653726362625155,924,178002.0,stop,-1.5080867630700787
2026-05-21,2,opening_rebreak_v1,baseline,80,Top51~100,033160,엠케이전자,4.982817869415812,False,4~5%,0.4243281471004243,0.3~0.5%,925,36150.0,1.7430162810625536,1.5~2.0x,1.7900579136480486,1.5~2.0x,09:21~09:30,2.3513139695712226,940,-5.255878284923932,931,926,926,930,931,-1.7980636237897696,-0.5532503457814641,0.2766251728907321,-0.9681881051175623,close,926,36950.0,take_profit,1.291438450899024,926,36692.25,take_profit,0.5784370677731576
2026-05-21,2,opening_rebreak_v1,baseline,81,Top51~100,018880,한온시스템,3.0998851894374235,False,3~4%,0.5411255411255411,0.5~0.7%,913,4700.0,2.8645951866181156,2.0x+,2.9300538361491064,2.0x+,09:11~09:20,0.9574468085106425,943,-2.3404255319148914,928,,,921,927,0.10638297872340718,-0.7446808510638281,0.7446808510638281,0.5319148936170137,close,921,4650.0,stop,-1.8257446808510598,921,4653.0,stop,-1.7619148936170221
2026-05-21,2,opening_rebreak_v1,baseline,92,Top51~100,005290,동진쎄미켐,3.411131059245953,False,3~4%,0.6745362563237773,0.5~0.7%,909,59600.0,2.9585944494180842,2.0x+,2.99375601333307,2.0x+,09:03~09:10,3.0201342281879207,938,-0.1677852348993314,910,910,928,,,1.1744966442952975,1.1744966442952975,1.8456375838926231,2.684563758389258,close,916,60600.0,take_profit,0.6089261744966474,916,60493.99999999999,take_profit,0.43107382550334594
2026-05-22,2,opening_rebreak_v1,baseline,3,Top1~20,009150,삼성전기,2.9900332225913706,False,2~3%,0.31746031746031744,0.3~0.5%,909,1268000.0,2.0185606723866223,2.0x+,2.0355337887376215,2.0x+,09:03~09:10,0.23659305993690705,910,-2.6025236593059886,919,,,910,915,-1.1829652996845463,-2.1293375394321745,-1.2618296529968487,-0.4731861198738141,close,910,1247000.0,stop,-2.280473186119875,910,1255320.0,stop,-1.624321766561515
2026-05-22,2,opening_rebreak_v1,baseline,13,Top1~20,086520,에코프로,3.081664098613257,False,3~4%,0.3526093088857546,0.3~0.5%,914,143000.0,1.4131863029599536,1.0~1.5x,1.4301885443968392,1.2~1.5x,09:11~09:20,3.9160839160839123,936,-0.8391608391608352,916,918,918,,,2.867132867132871,1.9580419580419672,1.8881118881118875,3.356643356643363,close,918,146400.0,take_profit,1.7979720279720297,918,145145.0,take_profit,0.9203496503496406
2026-05-22,2,opening_rebreak_v1,baseline,15,Top1~20,010170,대한광통신,3.8961038961038863,False,3~4%,0.8080808080808081,0.7~1.0%,913,24800.0,1.1892130195102821,1.0~1.5x,1.2013231317252544,1.2~1.5x,09:11~09:20,2.822580645161299,915,-3.8306451612903247,937,914,915,916,919,-1.008064516129037,-0.6048387096774244,-2.2177419354838745,-1.6129032258064502,close,914,25200.0,take_profit,0.37483870967741795,914,25171.999999999996,take_profit,0.261935483870958
2026-05-22,2,opening_rebreak_v1,baseline,18,Top1~20,050890,쏠리드,4.828462515883092,False,4~5%,0.7523148148148148,0.7~1.0%,907,17290.0,1.1821524253611497,1.0~1.5x,1.20225770314333,1.2~1.5x,09:03~09:10,4.916136495083867,920,-0.1735106998264846,908,909,909,,,3.4123770965876155,4.626951995373041,3.4123770965876155,1.2724117987275907,close,909,17550.0,take_profit,0.9845748987854361,909,17549.35,take_profit,0.9808155002891747
2026-05-22,2,opening_rebreak_v1,baseline,24,Top21~50,069540,빛과전자,2.5540275049115824,False,2~3%,0.487012987012987,0.3~0.5%,923,6300.0,1.801122246547551,1.5~2.0x,1.8510718031402238,1.5~2.0x,09:21~09:30,4.920634920634925,928,-5.555555555555558,937,925,925,924,924,2.2222222222222143,-0.31746031746031633,2.063492063492056,2.2222222222222143,close,926,6410.0,take_profit,0.7223809523809461,924,6237.0,stop,-2.023650793650795
2026-05-22,2,opening_rebreak_v1,baseline,27,Top21~50,247540,에코프로비엠,2.564102564102555,False,2~3%,0.9304589445032511,0.7~1.0%,914,215061.0,3.1515338369045782,2.0x+,3.2201365363376184,2.0x+,09:11~09:20,0.5719307545301033,918,-2.7461975904510827,927,,,915,916,0.22877230181204133,-1.3730987952255358,-2.0598806850149476,-1.1443264934134945,close,915,212600.0,stop,-2.5367873766047753,915,212910.38999999998,stop,-2.3924608831912924
2026-05-22,2,opening_rebreak_v1,baseline,40,Top21~50,042660,한화오션,3.3450704225352013,False,3~4%,0.8271298593879239,0.7~1.0%,918,121100.0,1.6569504310344827,1.5~2.0x,1.6735337547812832,1.5~2.0x,09:11~09:20,0.9909165978530199,936,-1.4863748967795187,922,,,921,,-1.362510322047894,0.3303055326176807,0.6606110652353392,0.08257638315440907,close,921,119600.0,stop,-1.8815276630883586,921,119889.0,stop,-1.6428819157720902
2026-05-22,2,opening_rebreak_v1,baseline,43,Top21~50,373220,LG에너지솔루션,2.6184538653366562,False,2~3%,0.7237635705669482,0.7~1.0%,919,416000.0,1.9899117276166458,1.5~2.0x,2.0031590780008477,2.0x+,09:11~09:20,0.0,920,-1.9230769230769273,931,,,922,,-0.8413461538461564,-1.2019230769230727,-1.081730769230771,-1.2019230769230727,close,922,411500.0,stop,-1.9126923076923095,922,411840.0,stop,-1.8309615384615394
2026-05-22,2,opening_rebreak_v1,baseline,63,Top51~100,141080,리가켐바이오,4.086021505376336,False,4~5%,0.9696186166774402,0.7~1.0%,916,155400.0,1.3890441587479039,1.0~1.5x,1.408991268077182,1.2~1.5x,09:11~09:20,3.346203346203347,946,-1.2870012870012881,920,928,939,920,,-0.8365508365508312,0.19305019305020377,1.6087516087516018,3.217503217503226,close,920,153600.0,stop,-1.7100514800514777,920,153846.0,stop,-1.5517503217503226
2026-05-22,2,opening_rebreak_v1,baseline,68,Top51~100,066970,엘앤에프,4.190844616376532,False,4~5%,0.6543723973825104,0.5~0.7%,918,169900.0,1.5302249164353294,1.5~2.0x,1.5523752022333641,1.5~2.0x,09:11~09:20,0.35314891112419033,920,-2.4720423778693323,931,,,921,922,-0.8828722778104758,-2.295467922307237,-1.824602707474987,-1.1183048852266064,close,921,167700.0,stop,-1.8191701000588605,921,168201.0,stop,-1.5242907592701598
2026-05-22,2,opening_rebreak_v1,baseline,75,Top51~100,009420,한올바이오파마,5.697445972495085,False,5~7%,0.7233273056057866,0.7~1.0%,927,56300.0,2.1550367647058826,2.0x+,2.234763381401887,2.0x+,09:21~09:30,7.460035523978692,955,-0.5328596802841923,928,929,930,,,2.3090586145648295,2.841918294849033,4.262877442273538,6.749555950266428,close,930,57300.0,take_profit,0.6580994671403286,930,57144.49999999999,take_profit,0.3819005328596705
2026-05-22,2,opening_rebreak_v1,baseline,95,Top51~100,298380,에이비엘바이오,3.3666969972702354,False,3~4%,0.42771599657827203,0.3~0.5%,909,117200.0,1.507177033492823,1.5~2.0x,1.5175356385340109,1.5~2.0x,09:03~09:10,3.924914675767921,939,-0.4266211604095571,910,911,915,,,1.6211604095563104,1.1092150170648463,1.7918088737201465,3.668941979522189,close,914,119100.0,take_profit,0.964539249146754,914,118957.99999999999,take_profit,0.8433788395904339
2026-05-26,2,opening_rebreak_v1,baseline,15,Top1~20,329180,HD현대중공업,2.35294117647058,False,2~3%,0.425531914893617,0.3~0.5%,915,709000.0,8.352006688963211,2.0x+,8.435288806944325,2.0x+,09:11~09:20,1.9746121297602226,922,-0.42313117066290484,933,918,,,,1.5514809590973178,1.2693935119887145,0.14104372355430161,0.42313117066290484,close,919,720500.0,take_profit,0.6867842031029705,919,719634.9999999999,take_profit,0.5647813822284811
2026-05-26,2,opening_rebreak_v1,baseline,16,Top1~20,069540,빛과전자,5.597579425113475,False,5~7%,0.9668508287292817,0.7~1.0%,930,7290.0,1.5016305255952092,1.5~2.0x,1.52676241723697,1.5~2.0x,09:21~09:30,3.840877914951979,935,-2.7434842249657088,954,931,932,936,942,2.8806584362139898,0.137174211248281,-0.4115226337448541,-1.3717421124828544,close,930,7290.0,time_exit,-0.9158710562414266,930,7290.0,time_exit,-0.9158710562414266
2026-05-26,2,opening_rebreak_v1,baseline,17,Top1~20,403870,HPSP,4.936014625228524,False,4~5%,0.764525993883792,0.7~1.0%,914,66400.0,1.3440270742421916,1.0~1.5x,1.3750908741091143,1.2~1.5x,09:11~09:20,2.108433734939763,916,-4.668674698795183,932,915,916,918,919,-2.334337349397586,-2.409638554216864,-3.4638554216867457,-2.8614457831325324,close,918,65600.0,stop,-2.1878313253012087,915,67396.0,take_profit,0.5169879518072191
2026-05-26,2,opening_rebreak_v1,baseline,18,Top1~20,036540,SFA반도체,2.2439024390243922,False,2~3%,0.8379888268156425,0.7~1.0%,908,11160.0,3.1760163214668835,2.0x+,3.3281072439033257,2.0x+,09:03~09:10,2.4193548387096753,909,-4.121863799283155,913,909,909,911,911,-2.4193548387096753,-1.7921146953404965,-1.4336917562724039,-1.1648745519713288,close,909,11400.0,take_profit,1.472508960573475,909,11327.4,take_profit,0.8219713261648648
2026-05-26,2,opening_rebreak_v1,baseline,24,Top21~50,007660,이수페타시스,4.996034892942114,False,4~5%,0.9040333796940195,0.7~1.0%,920,144800.0,2.8727140055639167,2.0x+,2.919080617583545,2.0x+,09:11~09:20,0.13812154696133394,921,-4.074585635359118,933,,,922,927,-1.3121546961325947,-2.002762430939231,-1.4502762430939176,-1.3812154696132617,close,922,143000.0,stop,-1.8183977900552537,922,143352.0,stop,-1.5753038674033157
2026-05-26,2,opening_rebreak_v1,baseline,26,Top21~50,086520,에코프로,3.2764505119453835,False,3~4%,0.5736137667304015,0.5~0.7%,917,157000.0,1.4299628440532448,1.0~1.5x,1.4391292725407656,1.2~1.5x,09:11~09:20,0.3821656050955413,920,-3.439490445859872,946,,,922,925,-1.4649681528662417,-1.847133757961783,-2.0382165605095537,-3.1847133757961776,close,922,154700.0,stop,-2.0134394904458595,922,155430.0,stop,-1.5484713375796186
2026-05-26,2,opening_rebreak_v1,baseline,30,Top21~50,100790,미래에셋벤처투자,5.535714285714288,False,5~7%,0.9933774834437087,0.7~1.0%,913,63200.0,3.87760509440684,2.0x+,4.098070935894854,2.0x+,09:11~09:20,4.113924050632911,921,-3.4810126582278444,937,916,917,914,915,1.1075949367088667,2.0569620253164667,-1.5822784810126556,-2.689873417721522,close,914,62500.0,stop,-2.1287341772151844,914,62568.0,stop,-2.02113924050633
2026-05-26,2,opening_rebreak_v1,baseline,39,Top21~50,000150,두산,3.640929064657872,False,3~4%,0.3448275862068966,0.3~0.5%,918,1750000.0,1.9322268326417704,1.5~2.0x,1.9500559152959043,1.5~2.0x,09:11~09:20,1.0285714285714231,931,-0.5714285714285672,937,931,,,,-0.17142857142856682,0.17142857142857792,0.17142857142857792,0.11428571428571122,close,930,1763000.0,time_exit,0.22714285714284832,930,1763000.0,time_exit,0.22714285714284832
2026-05-26,2,opening_rebreak_v1,baseline,40,Top21~50,011790,SKC,4.92610837438423,False,4~5%,0.38095238095238093,0.3~0.5%,911,158200.0,1.289691442021257,1.0~1.5x,1.2993627714941922,1.2~1.5x,09:11~09:20,0.5056890012642201,912,-3.7294563843236372,916,,,913,913,-3.476611883691527,-3.476611883691527,-1.7067003792667457,-2.6548672566371723,close,913,153900.0,stop,-3.2641340075853362,913,156618.0,stop,-1.54605562579014
2026-05-26,2,opening_rebreak_v1,baseline,41,Top21~50,247540,에코프로비엠,4.166666666666674,False,4~5%,0.4276714267726655,0.3~0.5%,918,231793.0,2.265776517977025,2.0x+,2.2872823446756487,2.0x+,09:11~09:20,0.0,919,-3.1847381068453307,946,,,920,920,-1.2739815266207377,-2.1230149314258817,-1.4862398778220265,-2.972479755644042,close,920,226872.0,stop,-3.4315634639527484,920,229475.07,stop,-2.3085485325268675
2026-05-26,2,opening_rebreak_v1,baseline,42,Top21~50,347700,스피어,2.8037383177569986,False,2~3%,0.6451612903225806,0.5~0.7%,911,47250.0,1.2715767017774178,1.0~1.5x,1.303183015764985,1.2~1.5x,09:11~09:20,7.08994708994708,917,-0.10582010582010914,912,912,913,,,3.5978835978836,2.2222222222222143,3.9153439153439162,3.5978835978836,close,913,48350.0,take_profit,1.5689417989418055,913,47958.74999999999,take_profit,0.7408994708994612
2026-05-26,2,opening_rebreak_v1,baseline,60,Top51~100,456010,아이씨티케이,5.838041431261765,False,5~7%,0.8,0.7~1.0%,926,31500.0,1.8201878538342768,1.5~2.0x,1.849545722444507,1.5~2.0x,09:21~09:30,0.6349206349206327,928,-6.190476190476191,952,,,928,929,-0.4761904761904745,-3.0158730158730163,-3.809523809523807,-5.555555555555558,close,928,31150.0,stop,-2.134761904761901,928,31185.0,stop,-2.023650793650795
2026-05-26,2,opening_rebreak_v1,baseline,78,Top51~100,005290,동진쎄미켐,5.7784911717496,False,5~7%,0.7032348804500703,0.7~1.0%,914,71250.0,1.8023872679045092,1.5~2.0x,1.8189814849602874,1.5~2.0x,09:11~09:20,1.333333333333342,917,-4.421052631578948,937,916,,920,928,-0.35087719298245723,-1.1929824561403457,-3.578947368421048,-3.438596491228074,close,923,70400.0,stop,-2.124736842105258,920,70537.5,stop,-1.9317543859649131
2026-05-26,2,opening_rebreak_v1,baseline,81,Top51~100,115500,케이씨에스,6.309148264984232,False,5~7%,0.5711318795430945,0.5~0.7%,924,19270.0,1.4601615543568687,1.0~1.5x,1.4693113917732041,1.2~1.5x,09:21~09:30,5.085625324338339,931,-3.2174364296834512,954,925,926,944,948,1.7644006227296227,3.425012973533992,-0.5708354955889949,-2.646600934094445,close,926,19900.0,take_profit,2.779859885832908,926,19559.05,take_profit,1.010529320186809
2026-05-26,2,opening_rebreak_v1,baseline,82,Top51~100,062970,한국첨단소재,6.962025316455689,False,5~7%,0.6699718611818304,0.5~0.7%,920,7493.0,1.4811342873650803,1.0~1.5x,1.5155206271738226,1.5~2.0x,09:11~09:20,3.8702789269985383,950,-1.6014947284131886,923,921,931,923,,0.5338315761377332,0.2669157880688555,-0.667289470172161,3.0695315627919495,close,923,7413.0,stop,-1.964952622447616,923,7418.07,stop,-1.8972894701721614
2026-05-26,2,opening_rebreak_v1,baseline,94,Top51~100,203650,드림시큐리티,4.929577464788726,False,4~5%,0.9313154831199069,0.7~1.0%,919,4325.0,2.485865785612791,2.0x+,2.5267613449530715,2.0x+,09:11~09:20,6.705202312138736,925,-0.11560693641619046,920,920,920,,,4.8554913294797775,6.705202312138736,6.705202312138736,6.705202312138736,close,920,4480.0,take_profit,2.775780346820802,920,4389.875,take_profit,0.6919653179190655
2026-05-28,2,opening_rebreak_v1,baseline,14,Top1~20,347850,디앤디파마텍,6.275303643724706,False,5~7%,0.6505576208178439,0.5~0.7%,906,109400.0,1.3115097856477167,1.0~1.5x,1.3421812025244173,1.2~1.5x,09:03~09:10,2.925045703839113,909,-5.850091407678248,913,909,909,907,910,-2.376599634369292,-3.0164533820840944,-2.833638025594154,-1.8281535648994485,close,907,107900.0,stop,-2.0581535648994493,907,108306.0,stop,-1.6870383912248639
2026-05-28,2,opening_rebreak_v1,baseline,29,Top21~50,417010,나노팀,5.97133757961783,False,5~7%,0.5185185185185185,0.5~0.7%,906,13990.0,3.4036611493866578,2.0x+,3.545585962763912,2.0x+,09:03~09:10,2.9306647605432445,907,-10.578984989278052,922,907,907,908,909,-4.574696211579699,-7.7912794853466805,-8.791994281629734,-9.006433166547534,close,909,13550.0,stop,-3.732501786990709,907,14199.849999999999,take_profit,0.9126018584703262
2026-05-28,2,opening_rebreak_v1,baseline,65,Top51~100,242040,나무기술,2.8700906344410804,False,2~3%,0.4195804195804196,0.3~0.5%,915,7200.0,3.2341281055461804,2.0x+,3.3010940136399456,2.0x+,09:11~09:20,6.388888888888888,939,-2.777777777777779,924,916,917,922,923,1.5277777777777724,-1.5277777777777724,2.2222222222222143,4.583333333333339,close,917,7360.0,take_profit,1.29777777777777,917,7307.999999999999,take_profit,0.5755555555555458
2026-05-28,2,opening_rebreak_v1,baseline,93,Top51~100,393890,더블유씨피,2.8439153439153486,False,2~3%,0.9958992384299941,0.7~1.0%,912,17120.0,1.4524949183660087,1.0~1.5x,1.471403136238229,1.2~1.5x,09:11~09:20,9.228971962616829,941,-1.0514018691588745,914,913,918,914,,1.2266355140186924,1.2850467289719614,7.1845794392523255,8.528037383177578,close,918,17560.0,take_profit,2.048037383177568,914,16948.8,stop,-1.522056074766356
2026-05-29,2,opening_rebreak_v1,baseline,1,Top1~20,000660,SK하이닉스,2.752293577981657,False,2~3%,0.33783783783783783,0.3~0.5%,920,2375000.0,1.204425602316203,1.0~1.5x,1.2120808497885518,1.2~1.5x,09:11~09:20,0.16842105263157325,921,-1.2631578947368438,950,,,928,,-0.6736842105263152,-0.6947368421052591,-0.6736842105263152,-0.9263157894736862,close,928,2351000.0,stop,-1.4510526315789465,928,2351250.0,stop,-1.4405263157894745
2026-05-29,2,opening_rebreak_v1,baseline,6,Top1~20,005935,삼성전자우,3.6144578313253017,False,3~4%,0.49627791563275436,0.3~0.5%,909,202000.0,2.024911193067403,2.0x+,2.037700466488598,2.0x+,09:03~09:10,0.990099009900991,919,-0.7425742574257432,922,,,,,0.4950495049504955,0.4950495049504955,0.0,-0.24752475247524774,close,930,202500.0,time_exit,-1.2200990099009899,930,202500.0,time_exit,-1.2200990099009899
2026-05-29,2,opening_rebreak_v1,baseline,8,Top1~20,035420,NAVER,3.170731707317076,False,3~4%,0.33370411568409347,0.3~0.5%,917,226000.0,2.250480670893843,2.0x+,2.2705742483125384,2.0x+,09:11~09:20,1.327433628318575,934,-1.3274336283185861,919,928,,919,,0.0,0.6637168141592875,1.106194690265494,0.8849557522123908,close,930,228000.0,time_exit,-0.4512389380530959,919,223740.0,stop,-2.3361946902654873
2026-05-29,2,opening_rebreak_v1,baseline,14,Top1~20,034220,LG디스플레이,5.68654646324549,False,5~7%,0.8985879332477535,0.7~1.0%,918,15810.0,1.5122816445655187,1.5~2.0x,1.548521554441765,1.5~2.0x,09:11~09:20,1.834282099936746,934,-2.530044275774823,947,919,,921,922,-1.3915243516761544,-1.5180265654648917,-0.25300442757748565,-2.4667931688804545,close,922,15470.0,stop,-2.6967931688804536,921,15651.9,stop,-1.5462555344718543
2026-05-29,2,opening_rebreak_v1,baseline,16,Top1~20,307950,현대오토에버,4.959785522788196,False,4~5%,0.48484848484848486,0.3~0.5%,914,829000.0,1.7923308918569583,1.5~2.0x,1.8044851552652357,1.5~2.0x,09:11~09:20,6.031363088057895,936,-1.3268998793727338,916,920,921,916,,0.7237635705669376,2.6537997587454676,4.945717732207489,1.2062726176115701,close,921,852000.0,take_profit,1.9412907117008413,916,820710.0,stop,-1.8331363088057908
2026-05-29,2,opening_rebreak_v1,baseline,17,Top1~20,003550,LG,6.735751295336789,False,5~7%,0.7898894154818324,0.7~1.0%,930,129400.0,1.7769516728624535,1.5~2.0x,1.8307129495891838,1.5~2.0x,09:21~09:30,3.477588871715609,932,-2.395672333848531,959,931,931,951,959,0.15455950540959051,1.2364760432766575,-0.46367851622874934,-0.8500772797527034,close,930,129400.0,time_exit,-0.6163987635239567,930,129400.0,time_exit,-0.6163987635239567
2026-05-29,2,opening_rebreak_v1,baseline,20,Top1~20,036930,주성엔지니어링,3.3653846153846256,False,3~4%,0.4524886877828055,0.3~0.5%,909,222000.0,1.5513572443867907,1.5~2.0x,1.5699963065722442,1.5~2.0x,09:03~09:10,1.3513513513513598,911,-3.378378378378377,921,911,,912,913,-0.6756756756756799,-1.3513513513513487,0.0,0.6756756756756799,close,913,219000.0,stop,-2.707477477477475,912,219780.0,stop,-2.356126126126127
2026-06-01,2,opening_rebreak_v1,baseline,22,Top21~50,034020,두산에너빌리티,3.5037878787878896,False,3~4%,0.4476275738585497,0.3~0.5%,915,112100.0,1.250835115776826,1.0~1.5x,1.257496017328949,1.2~1.5x,09:11~09:20,1.873327386262269,923,-0.535236396074934,945,917,,,,0.3568242640499486,1.4272970561998166,-0.267618198037467,-0.3568242640499597,close,922,113800.0,take_profit,0.8404727921498761,922,113781.49999999999,take_profit,0.823969669937546
2026-06-01,2,opening_rebreak_v1,baseline,32,Top21~50,042700,한미반도체,2.659574468085113,False,2~3%,0.5128205128205128,0.5~0.7%,907,293500.0,1.9944516971279374,1.5~2.0x,2.0079570281297596,2.0x+,09:03~09:10,0.34071550255536653,917,-2.555366269165249,926,,,913,926,-0.6814310051107331,0.17035775127767216,-2.044293015332199,-1.3628620102214661,close,913,290000.0,stop,-2.2742930153321987,913,290565.0,stop,-2.0817887563884163
2026-06-01,2,opening_rebreak_v1,baseline,38,Top21~50,022100,포스코DX,4.314329738058542,False,4~5%,0.9776536312849162,0.7~1.0%,919,36400.0,4.053217527021754,2.0x+,4.1656662254045465,2.0x+,09:11~09:20,4.258241758241765,945,-1.098901098901095,926,920,920,926,,0.5494505494505475,2.060439560439553,2.8846153846153744,0.4120879120879106,close,920,37200.0,take_profit,1.2809890109890032,920,36946.0,take_profit,0.5831868131868034
2026-06-01,2,opening_rebreak_v1,baseline,50,Top21~50,042660,한화오션,2.4330900243308973,False,2~3%,0.548159749412686,0.5~0.7%,921,128700.0,2.065240266573132,2.0x+,2.092885215023324,2.0x+,09:21~09:30,1.631701631701632,926,-1.3209013209013243,937,924,,937,,1.5540015540015606,0.7381507381507335,-0.6993006993006978,-0.2331002331002363,close,926,130700.0,take_profit,0.9355011655011721,926,130630.49999999999,take_profit,0.8814996114996018
2026-06-01,2,opening_rebreak_v1,baseline,58,Top51~100,440110,파두,2.140945584299736,False,2~3%,0.9243697478991597,0.7~1.0%,921,120500.0,1.2610068187557875,1.0~1.5x,1.283703506785488,1.2~1.5x,09:21~09:30,0.4149377593360981,922,-8.132780082987557,938,,,922,924,-2.9875518672199175,-4.56431535269709,-6.721991701244812,-8.132780082987557,close,922,118500.0,stop,-2.3046887966805034,922,119295.0,stop,-1.6449377593361005
2026-06-01,2,opening_rebreak_v1,baseline,66,Top51~100,090710,휴림로봇,2.490421455938696,False,2~3%,0.9369676320272573,0.7~1.0%,912,11760.0,1.2178297052320919,1.0~1.5x,1.2343514183962747,1.2~1.5x,09:11~09:20,0.6802721088435382,924,-4.761904761904767,919,,,915,915,-4.336734693877553,-0.7653061224489832,-1.8707482993197244,-3.74149659863946,close,915,11530.0,stop,-2.6109523809523805,915,11642.4,stop,-1.655170068027212
2026-06-01,2,opening_rebreak_v1,baseline,81,Top51~100,058610,에스피지,2.658662092624353,False,2~3%,0.4807692307692308,0.3~0.5%,912,125700.0,1.205756091662132,1.0~1.5x,1.2284217914259645,1.2~1.5x,09:11~09:20,4.216388225934775,930,-3.341288782816232,917,913,921,915,916,-3.341288782816232,1.2728719172633296,1.9888623707239539,3.023070803500394,close,915,124400.0,stop,-1.6619809069212403,915,124443.0,stop,-1.62777247414479
2026-06-04,2,opening_rebreak_v1,baseline,55,Top51~100,000990,DB하이텍,2.2927689594356204,False,2~3%,0.39149888143176736,0.3~0.5%,929,180700.0,1.6565904557311646,1.5~2.0x,1.6794826796105238,1.5~2.0x,09:21~09:30,1.7155506364139539,953,-3.4311012728278967,937,951,,930,937,-0.3320420586607642,-2.2136137244050946,0.6640841173215284,-0.055340343110121815,close,930,179900.0,time_exit,-0.9494244604316553,930,178893.0,stop,-1.5067017155506373
2026-06-04,2,opening_rebreak_v1,baseline,62,Top51~100,039030,이오테크닉스,4.39814814814814,False,4~5%,0.7470651013874066,0.7~1.0%,929,470500.0,1.2816326530612245,1.0~1.5x,1.2997425422398512,1.2~1.5x,09:21~09:30,3.188097768331555,945,-1.062699256110522,932,942,945,932,,-0.31880977683315104,-0.5313496280552554,2.337938363443137,0.7438894792773709,close,930,466500.0,time_exit,-1.6115090329436779,930,466500.0,time_exit,-1.6115090329436779
2026-06-04,2,opening_rebreak_v1,baseline,69,Top51~100,319660,피에스케이,6.070640176600439,False,5~7%,0.7611798287345386,0.7~1.0%,925,105700.0,1.6713050811722538,1.5~2.0x,1.6937387064228882,1.5~2.0x,09:21~09:30,8.609271523178808,953,-0.6622516556291425,927,928,931,,,1.0406811731314969,3.4058656575212787,6.433301797540203,7.284768211920523,close,930,106800.0,time_exit,0.33764427625354043,930,106800.0,time_exit,0.33764427625354043
2026-06-04,2,opening_rebreak_v1,baseline,70,Top51~100,001820,삼화콘덴서,2.135561745589598,False,2~3%,0.8042895442359249,0.7~1.0%,923,112300.0,3.023510636782035,2.0x+,3.1820847443164406,2.0x+,09:21~09:30,1.1576135351736516,925,-4.897595725734638,929,925,,924,924,-3.0276046304541393,-0.5342831700801409,-2.315227070347281,-3.4728406055209216,close,927,110400.0,stop,-2.367132680320567,924,111177.0,stop,-1.6752359750667862
2026-06-04,2,opening_rebreak_v1,baseline,86,Top51~100,095610,테스,6.883365200764824,False,5~7%,0.3885003885003885,0.3~0.5%,918,129600.0,1.8718690260281359,1.5~2.0x,1.8986142303936342,1.5~2.0x,09:11~09:20,4.861111111111116,942,-1.2345679012345734,922,920,927,922,,-0.23148148148147696,2.1604938271605034,3.6265432098765427,4.861111111111116,close,927,132400.0,take_profit,1.5446913580247008,922,128304.0,stop,-1.6158024691358035
2026-06-04,2,opening_rebreak_v1,baseline,93,Top51~100,084370,유진테크,5.008347245409017,False,5~7%,0.6320224719101123,0.5~0.7%,915,143800.0,1.9529722589167768,1.5~2.0x,1.9847166843267314,1.5~2.0x,09:11~09:20,8.275382475660642,944,-2.1557719054241975,916,919,925,916,916,0.6258692628650975,2.8511821974965157,5.076495132127956,8.275382475660642,close,925,147900.0,take_profit,2.2734770514603544,916,142362.0,stop,-1.5777051460361622
2026-06-04,2,opening_rebreak_v1,baseline,100,Top51~100,071050,한국금융지주,2.4844720496894457,False,2~3%,0.5964214711729622,0.5~0.7%,911,252000.0,4.270858895705521,2.0x+,4.291865800447462,2.0x+,09:11~09:20,0.9920634920634885,914,-2.777777777777779,926,,,921,926,0.1984126984126977,-1.1904761904761862,-1.7857142857142905,-1.9841269841269882,close,921,249000.0,stop,-2.4125396825396783,921,249480.0,stop,-2.222063492063493
2026-06-05,2,opening_rebreak_v1,baseline,47,Top21~50,001510,SK증권,2.6562500000000044,False,2~3%,0.8928571428571428,0.7~1.0%,908,3380.0,1.2721693989299623,1.0~1.5x,1.3010068425664225,1.2~1.5x,09:03~09:10,13.017751479289942,922,-0.14792899408283544,909,909,909,,,3.8461538461538547,4.7337278106508895,12.27810650887573,5.473372781065078,close,909,3490.0,take_profit,2.2847928994082896,909,3430.7,take_profit,0.5303550295857891
2026-06-05,2,opening_rebreak_v1,baseline,87,Top51~100,271830,팸텍,5.932203389830515,False,5~7%,0.7766990291262136,0.7~1.0%,918,2625.0,2.180128400958535,2.0x+,2.278452565009256,2.0x+,09:11~09:20,12.190476190476197,923,-2.857142857142858,931,919,919,931,931,10.666666666666668,2.857142857142847,2.4761904761904763,5.714285714285716,close,919,2730.0,take_profit,2.817619047619051,919,2664.3749999999995,take_profit,0.3176190476190377
2026-06-05,2,opening_rebreak_v1,baseline,94,Top51~100,003230,삼양식품,2.872531418312385,False,2~3%,0.7518796992481203,0.7~1.0%,909,1207000.0,1.6914893617021276,1.5~2.0x,1.7121621296105474,1.5~2.0x,09:03~09:10,0.24855012427507095,910,-6.296603148301571,934,,,913,913,-3.2311516155758113,-2.7340513670256805,-4.8053024026512015,-5.219552609776301,close,913,1181000.0,stop,-2.7983512841756446,913,1194930.0,stop,-1.6442502071251046
2026-06-09,2,opening_rebreak_v1,baseline,3,Top1~20,009150,삼성전기,5.889423076923084,False,5~7%,0.7015650296815974,0.7~1.0%,910,1866000.0,1.4585515526635984,1.0~1.5x,1.479161520255584,1.2~1.5x,09:03~09:10,0.1071811361200492,911,-4.87674169346195,935,,,913,913,-2.4115755627009627,-0.7502679528403,-1.9828510182207881,-2.5723472668810254,close,913,1832000.0,stop,-2.320032154340833,913,1847340.0,stop,-1.4979528403001081
2026-06-09,2,opening_rebreak_v1,baseline,12,Top1~20,403870,HPSP,4.559915164369044,False,4~5%,0.8341056533827619,0.7~1.0%,907,54000.0,1.7591623036649215,1.5~2.0x,1.7756030728580516,1.5~2.0x,09:03~09:10,3.703703703703698,937,-2.4074074074074026,932,910,912,931,932,1.6666666666666607,0.92592592592593,2.4074074074074137,3.1481481481481444,close,912,54900.0,take_profit,0.5107407407407349,912,54809.99999999999,take_profit,0.34407407407406443
2026-06-09,2,opening_rebreak_v1,baseline,17,Top1~20,000270,기아,2.972258916776749,False,2~3%,0.30864197530864196,0.3~0.5%,918,163000.0,2.999824837975127,2.0x+,3.026705856634057,2.0x+,09:11~09:20,0.9202453987730008,919,-1.7791411042944794,935,,,921,,-1.104294478527612,-1.2269938650306789,-1.2269938650306789,-0.797546012269934,close,921,161300.0,stop,-1.5796932515337474,921,161370.0,stop,-1.5367484662576696
2026-06-09,2,opening_rebreak_v1,baseline,18,Top1~20,043260,성호전자,6.115107913669071,False,5~7%,0.398406374501992,0.3~0.5%,911,50900.0,1.6107896582788248,1.5~2.0x,1.6506629554783208,1.5~2.0x,09:11~09:20,2.16110019646365,913,-6.581532416502944,931,912,913,912,916,-2.3575638506876273,-2.7504911591355596,-6.2868369351669955,-1.9646365422396839,close,913,51700.0,take_profit,0.35939096267190873,912,50391.0,stop,-2.2123182711198437
2026-06-09,2,opening_rebreak_v1,baseline,21,Top21~50,034020,두산에너빌리티,2.9137529137529095,False,2~3%,0.3329633740288568,0.3~0.5%,918,91300.0,4.906733682504639,2.0x+,4.979348799685187,2.0x+,09:11~09:20,1.2048192771084265,919,-1.9715224534501696,947,919,,925,,-0.6571741511500528,-0.4381161007667056,-1.4238773274917849,-1.8619934282584905,close,925,90300.0,stop,-1.8729353778751374,925,90387.0,stop,-1.7776451259583799
2026-06-09,2,opening_rebreak_v1,baseline,29,Top21~50,098460,고영,2.517985611510798,False,2~3%,0.8445945945945946,0.7~1.0%,920,29800.0,1.330122126981719,1.0~1.5x,1.3505158222846754,1.2~1.5x,09:11~09:20,0.0,921,-3.0201342281879207,932,,,921,930,-1.1744966442952975,-2.0134228187919434,-1.845637583892612,-0.8389261744966459,close,925,29450.0,stop,-2.2434228187919416,921,29502.0,stop,-2.068926174496645
2026-06-09,2,opening_rebreak_v1,baseline,45,Top21~50,353200,대덕전자,6.3707945597709426,False,5~7%,0.7905138339920948,0.7~1.0%,910,155100.0,1.186629830237377,1.0~1.5x,1.221963250999584,1.2~1.5x,09:03~09:10,0.45132172791746417,912,-7.02772404900065,932,,,913,914,-3.481624758220503,-2.9013539651837505,-5.544809800128947,-4.771115409413285,close,913,153100.0,stop,-1.8418633139909764,913,153549.0,stop,-1.5523726627981955
2026-06-09,2,opening_rebreak_v1,baseline,59,Top51~100,093370,후성,3.3777777777777684,False,3~4%,0.547302580140735,0.5~0.7%,918,12860.0,1.6487591413867821,1.5~2.0x,1.6669058614963852,1.5~2.0x,09:11~09:20,5.754276827371685,934,-0.38880248833592645,919,921,926,,,0.7776049766718529,2.488335925349916,4.199066874028001,1.710730948678063,close,921,13080.0,take_profit,1.0919284603421378,921,13052.9,take_profit,0.8811975116640649
2026-06-09,2,opening_rebreak_v1,baseline,65,Top51~100,0117P0,피스피스스튜디오,5.753823743627096,False,5~7%,0.8819538670284939,0.7~1.0%,915,15070.0,1.605926982954946,1.5~2.0x,1.6633938839370523,1.5~2.0x,09:11~09:20,5.972130059721303,939,-4.644990046449903,931,916,916,920,920,-1.8579960185799549,-3.450564034505643,0.5972130059721303,3.1187790311877794,close,916,15450.0,take_profit,1.9597810218978213,916,15296.05,take_profit,0.9382149966821401
2026-06-09,2,opening_rebreak_v1,baseline,66,Top51~100,007660,이수페타시스,4.068117313150421,False,4~5%,0.6962576153176675,0.5~0.7%,907,115900.0,1.522210743801653,1.5~2.0x,1.5535226698368676,1.5~2.0x,09:03~09:10,1.380500431406384,912,-6.039689387402936,935,911,,908,917,1.2079378774805916,-1.2942191544434878,-3.2786885245901676,-5.004314063848147,close,916,113900.0,stop,-2.3870319240724753,908,114741.0,stop,-1.6614063848144962
2026-06-09,2,opening_rebreak_v1,baseline,67,Top51~100,086790,하나금융지주,2.935943060498225,False,2~3%,0.6820119352088662,0.5~0.7%,918,117500.0,2.107459274078308,2.0x+,2.120940185690125,2.0x+,09:11~09:20,1.106382978723408,946,-0.7659574468085073,929,946,,,,-0.17021276595744483,-0.5106382978723456,0.5106382978723456,0.9361702127659521,close,930,116800.0,time_exit,-1.2512765957446796,930,116800.0,time_exit,-1.2512765957446796
2026-06-09,2,opening_rebreak_v1,baseline,78,Top51~100,067310,하나마이크론,6.896551724137923,False,5~7%,0.3448275862068966,0.3~0.5%,908,44050.0,2.0166986485934757,2.0x+,2.049263563334316,2.0x+,09:03~09:10,0.2270147559591429,909,-6.923950056753691,933,,,909,909,-1.7026106696935273,-2.6106696935300766,-3.9727582292849006,-4.653802497162318,close,909,43200.0,stop,-2.7271623155505136,909,43609.5,stop,-1.7975368898978443
2026-06-09,2,opening_rebreak_v1,baseline,82,Top51~100,004170,신세계,4.195804195804187,False,4~5%,0.33167495854063017,0.3~0.5%,908,612000.0,4.478260869565218,2.0x+,4.560225710771902,2.0x+,09:03~09:10,1.6339869281045694,918,-1.9607843137254943,923,909,,914,,0.0,1.4705882352941124,-0.32679738562091387,0.6535947712418277,close,922,603000.0,stop,-2.5175816993464,914,605880.0,stop,-2.0469934640522887
2026-06-09,2,opening_rebreak_v1,baseline,88,Top51~100,277810,레인보우로보틱스,2.4590163934426146,False,2~3%,0.3125,0.3~0.5%,908,642000.0,2.2570093457943927,2.0x+,2.2711598746081503,2.0x+,09:03~09:10,1.0903426791277315,912,-3.5825545171339512,936,912,,909,915,-0.31152647975077885,-0.4672897196261627,-1.0903426791277204,-2.336448598130836,close,915,630000.0,stop,-2.8779750778816204,909,635580.0,stop,-2.008816199376948
2026-06-09,2,opening_rebreak_v1,baseline,93,Top51~100,084370,유진테크,6.949806949806958,False,5~7%,0.9213323883770376,0.7~1.0%,906,142100.0,1.8881322957198443,1.5~2.0x,1.9094503969943488,1.5~2.0x,09:03~09:10,6.685432793807178,916,-0.49261083743842304,907,907,911,,,2.674173117522871,5.629838142153409,1.9704433497536922,3.096410978184383,close,911,145900.0,take_profit,2.092308233638283,907,144231.5,take_profit,0.9181351161154019
2026-06-09,2,opening_rebreak_v1,baseline,98,Top51~100,039030,이오테크닉스,2.0176544766708604,False,2~3%,0.46783625730994155,0.3~0.5%,911,432500.0,1.5,1.5~2.0x,1.5246768507638073,1.5~2.0x,09:11~09:20,0.23121387283238093,912,-3.930635838150287,932,,,912,914,-2.3121387283236983,-2.774566473988438,-3.583815028901738,-1.2716763005780396,close,914,425500.0,stop,-2.4265317919075136,912,428175.0,stop,-1.8080346820809257
2026-06-12,2,opening_rebreak_v1,baseline,7,Top1~20,035420,NAVER,3.571428571428581,False,3~4%,0.42194092827004215,0.3~0.5%,919,238000.0,1.5609192079780314,1.5~2.0x,1.5722722233008248,1.5~2.0x,09:11~09:20,1.8907563025210017,922,-0.8403361344537785,949,921,,,,0.6302521008403339,0.0,0.0,-0.8403361344537785,close,922,242000.0,take_profit,0.40025210084033014,922,241569.99999999997,take_profit,0.21957983193276331
2026-06-12,2,opening_rebreak_v1,baseline,8,Top1~20,403870,HPSP,4.181818181818175,False,4~5%,0.6462035541195477,0.5~0.7%,909,63000.0,1.2901357521527288,1.0~1.5x,1.3216024778149904,1.2~1.5x,09:03~09:10,2.698412698412689,919,-3.4920634920634908,927,911,912,914,917,-0.7936507936507908,2.3809523809523725,0.0,-1.904761904761909,close,917,62000.0,stop,-2.6109523809523862,912,63944.99999999999,take_profit,0.47634920634919653
2026-06-12,2,opening_rebreak_v1,baseline,10,Top1~20,005935,삼성전자우,6.459948320413433,False,5~7%,0.4784688995215311,0.3~0.5%,911,210000.0,3.681551846590909,2.0x+,3.71695138357736,2.0x+,09:11~09:20,1.904761904761898,941,0.0,912,918,,,,0.23809523809523725,1.4285714285714235,0.7142857142857117,1.904761904761898,close,930,212000.0,time_exit,-0.46809523809524145,930,212000.0,time_exit,-0.46809523809524145
2026-06-12,2,opening_rebreak_v1,baseline,12,Top1~20,066570,LG전자,4.646017699115035,False,4~5%,0.4166666666666667,0.3~0.5%,914,240500.0,3.2548779492203446,2.0x+,3.275306053504154,2.0x+,09:11~09:20,2.9106029106028997,941,-1.6632016632016633,916,932,941,916,,-1.039501039501034,0.0,0.20790020790020236,1.6632016632016633,close,916,237500.0,stop,-2.516902286902287,916,238095.0,stop,-2.2695010395010407
2026-06-12,2,opening_rebreak_v1,baseline,14,Top1~20,012330,현대모비스,6.770833333333326,False,5~7%,0.3215434083601286,0.3~0.5%,928,624000.0,2.5886222910216716,2.0x+,2.605323079996005,2.0x+,09:21~09:30,3.8461538461538547,952,-0.1602564102564097,929,929,931,,,2.4038461538461453,2.4038461538461453,0.9615384615384581,2.4038461538461453,close,930,628000.0,time_exit,-0.39025641025641256,930,628000.0,time_exit,-0.39025641025641256
2026-06-12,2,opening_rebreak_v1,baseline,15,Top1~20,089030,테크윙,6.0556464811784005,False,5~7%,0.7575757575757576,0.7~1.0%,907,67700.0,1.9686991911486507,1.5~2.0x,2.034823438790285,2.0x+,09:03~09:10,4.1358936484490405,910,-4.1358936484490405,933,908,908,914,923,0.4431314623338345,1.1816838995568624,-2.6587887740029514,-4.1358936484490405,close,909,69900.0,take_profit,2.281078286558351,908,68715.5,take_profit,0.5314475627769475
2026-06-12,2,opening_rebreak_v1,baseline,26,Top21~50,001740,SK네트웍스,3.6846615252784876,False,3~4%,0.31323414252153486,0.3~0.5%,905,13160.0,1.2830679813995671,1.0~1.5x,1.326408062468052,1.2~1.5x,09:03~09:10,3.3434650455927084,928,-5.015197568389063,909,912,915,907,907,-3.6474164133738607,0.911854103343468,1.6717325227963542,1.5197568389057725,close,907,12970.0,stop,-2.0537082066869257,907,13028.4,stop,-1.6099392097264447
2026-06-12,2,opening_rebreak_v1,baseline,29,Top21~50,093370,후성,5.326569435637296,False,5~7%,0.3986332574031891,0.3~0.5%,905,17800.0,1.380549256363222,1.0~1.5x,1.405018682862513,1.2~1.5x,09:03~09:10,11.741573033707864,935,-4.662921348314608,909,913,914,907,907,-3.3707865168539297,5.786516853932588,8.764044943820215,11.179775280898884,close,907,17430.0,stop,-2.589550561797757,907,17622.0,stop,-1.5108988764044953
2026-06-12,2,opening_rebreak_v1,baseline,42,Top21~50,012450,한화에어로스페이스,2.071005917159763,False,2~3%,0.7525870178739417,0.7~1.0%,911,1072000.0,6.820276497695852,2.0x+,6.930176687706117,2.0x+,09:11~09:20,2.145522388059695,928,-1.585820895522383,916,927,928,915,,-0.839552238805974,-0.7462686567164201,1.7723880597015018,0.6529850746268551,close,915,1056000.0,stop,-2.188955223880601,915,1061280.0,stop,-1.696417910447762
2026-06-12,2,opening_rebreak_v1,baseline,50,Top21~50,090360,로보스타,3.010348071495761,False,3~4%,0.36036036036036034,0.3~0.5%,908,113400.0,5.822677698382851,2.0x+,5.967201921233766,2.0x+,09:03~09:10,12.43386243386244,938,-1.851851851851849,914,915,925,910,,-0.5291005291005346,0.5291005291005346,4.673721340388015,12.34567901234569,close,910,112100.0,stop,-1.8173015873015843,910,112266.0,stop,-1.670917107583775
2026-06-12,2,opening_rebreak_v1,baseline,54,Top51~100,454910,두산로보틱스,3.385178408051237,False,3~4%,0.4393673110720563,0.3~0.5%,925,114500.0,2.479216992919617,2.0x+,2.5073891110942212,2.0x+,09:21~09:30,4.192139737991263,938,-0.4366812227074246,927,931,932,,,0.6113537117903967,2.358078602620095,3.6681222707423577,0.08733624454149158,close,930,115200.0,time_exit,-0.05532751091702692,930,115200.0,time_exit,-0.05532751091702692
2026-06-12,2,opening_rebreak_v1,baseline,55,Top51~100,017670,SK텔레콤,2.8000000000000025,False,2~3%,0.940733772342427,0.7~1.0%,916,106700.0,2.555906518002574,2.0x+,2.597592927407204,2.0x+,09:11~09:20,1.2183692596063667,925,-1.1246485473289547,931,925,,931,,0.281162136832247,0.6560449859418949,0.0,0.6560449859418949,close,930,106000.0,time_exit,-1.3546485473289613,930,106000.0,time_exit,-1.3546485473289613
2026-06-12,2,opening_rebreak_v1,baseline,59,Top51~100,373220,LG에너지솔루션,3.901170351105332,False,3~4%,0.37174721189591076,0.3~0.5%,918,404000.0,1.8661072601240425,1.5~2.0x,1.87363911461698,1.5~2.0x,09:11~09:20,2.4752475247524774,935,-0.4950495049504955,919,924,934,,,0.6188118811881083,0.866336633663356,1.1138613861386037,0.990099009900991,close,930,407000.0,time_exit,-0.10623762376237555,930,407000.0,time_exit,-0.10623762376237555
2026-06-12,2,opening_rebreak_v1,baseline,60,Top51~100,005490,POSCO홀딩스,5.44692737430168,False,5~7%,0.39370078740157477,0.3~0.5%,922,382000.0,1.3923595505617978,1.0~1.5x,1.401531879616882,1.2~1.5x,09:21~09:30,1.308900523560208,935,-0.654450261780104,944,930,,,,0.13089005235602524,0.7853403141361293,0.0,0.2617801047120505,close,930,385500.0,time_exit,0.03178010471204984,930,385500.0,time_exit,0.03178010471204984
2026-06-12,2,opening_rebreak_v1,baseline,72,Top51~100,277810,레인보우로보틱스,4.132231404958686,False,4~5%,0.3134796238244514,0.3~0.5%,925,643000.0,3.445,2.0x+,3.4762938531675767,2.0x+,09:21~09:30,4.3545878693623585,954,-0.7776049766718529,928,931,938,,,0.3110419906687367,1.244167962674969,2.488335925349916,3.4214618973561484,close,930,645000.0,time_exit,-0.696562986003114,930,645000.0,time_exit,-0.696562986003114
2026-06-12,2,opening_rebreak_v1,baseline,78,Top51~100,272210,한화시스템,4.176072234762973,False,4~5%,0.96051227321238,0.7~1.0%,911,94000.0,7.908359133126935,2.0x+,8.01062239777944,2.0x+,09:11~09:20,2.76595744680852,932,-1.5957446808510634,915,926,927,915,,-0.9574468085106425,-0.7446808510638281,2.127659574468077,1.2765957446808418,close,915,92800.0,stop,-2.038510638297874,915,93060.0,stop,-1.7619148936170221
2026-06-12,2,opening_rebreak_v1,baseline,80,Top51~100,010140,삼성중공업,4.545454545454541,False,4~5%,0.3731343283582089,0.3~0.5%,917,27100.0,1.5314069381132658,1.5~2.0x,1.554349364152416,1.5~2.0x,09:11~09:20,0.5535055350553542,927,-1.291512915129156,943,,,942,,-0.5535055350553542,0.1845018450184588,0.0,-0.5535055350553542,close,930,27150.0,time_exit,-0.9680073800737921,930,27150.0,time_exit,-0.9680073800737921
2026-06-12,2,opening_rebreak_v1,baseline,90,Top51~100,034220,LG디스플레이,5.369649805447474,False,5~7%,0.7272727272727273,0.7~1.0%,914,13820.0,3.7602940011503794,2.0x+,3.830440944991514,2.0x+,09:11~09:20,1.8813314037626538,918,-0.28943560057886897,915,916,,,,1.302460202604916,0.5788712011577379,0.3617945007236001,0.5788712011577379,close,918,14030.0,take_profit,0.927742402315487,916,14027.3,take_profit,0.9082054992764013
2026-06-12,2,opening_rebreak_v1,baseline,94,Top51~100,018880,한온시스템,5.200945626477549,False,5~7%,0.43478260869565216,0.3~0.5%,905,4615.0,1.3207634518511049,1.0~1.5x,1.3308566223346832,1.2~1.5x,09:03~09:10,4.875406283856987,933,-2.8169014084507005,910,911,915,908,909,-2.600216684723722,2.1668472372697645,3.250270855904658,4.1170097508125725,close,908,4550.0,stop,-2.1801625135427933,908,4568.85,stop,-1.7717118093174329
2026-06-12,2,opening_rebreak_v1,baseline,95,Top51~100,084370,유진테크,4.991587212563098,False,4~5%,0.5693581780538302,0.5~0.7%,909,193400.0,1.5928721174004192,1.5~2.0x,1.6128881495868317,1.5~2.0x,09:03~09:10,0.10341261633919352,910,-12.306101344364018,922,,,911,911,-3.7745604963805635,-5.791106514994826,-9.307135470527406,-9.824198552223374,close,911,188200.0,stop,-3.177259565667015,911,191466.0,stop,-1.4885315408479842
2026-06-15,2,opening_rebreak_v1,baseline,1,Top1~20,000660,SK하이닉스,6.186046511627907,False,5~7%,0.47826086956521735,0.3~0.5%,923,2308000.0,1.9004129439147084,1.5~2.0x,1.91047424914699,1.5~2.0x,09:21~09:30,0.60658578856152,932,-0.60658578856152,945,,,,,0.0,0.4332755632582286,-0.04332755632582286,-0.08665511265164572,close,930,2309000.0,time_exit,-0.4033102253032822,930,2309000.0,time_exit,-0.4033102253032822
2026-06-15,2,opening_rebreak_v1,baseline,6,Top1~20,005380,현대차,5.107084019769359,False,5~7%,0.45801526717557256,0.3~0.5%,925,656000.0,1.5838815789473684,1.5~2.0x,1.593598643848886,1.5~2.0x,09:21~09:30,0.0,926,-1.6768292682926789,942,,,928,,-0.9146341463414642,-0.45731707317072656,-1.2195121951219523,-0.9146341463414642,close,928,649000.0,stop,-2.059268292682922,928,649440.0,stop,-1.9921951219512204
2026-06-15,2,opening_rebreak_v1,baseline,8,Top1~20,066570,LG전자,3.7694013303769314,False,3~4%,0.8298755186721992,0.7~1.0%,911,244500.0,3.7952998662090627,2.0x+,3.8738786668611547,2.0x+,09:11~09:20,7.157464212678932,926,-1.0224948875255602,912,916,916,912,,2.862985685071573,3.885480572597144,3.476482617586907,1.4314928425357865,close,916,251500.0,take_profit,1.6104907975460105,912,242055.0,stop,-2.2524948875255633
2026-06-15,2,opening_rebreak_v1,baseline,9,Top1~20,011070,LG이노텍,5.308880308880304,False,5~7%,0.7943512797881729,0.7~1.0%,911,1145000.0,5.717890487004794,2.0x+,5.838760492382474,2.0x+,09:11~09:20,1.1353711790393017,912,-0.9606986899563297,912,912,,,,-0.4366812227074246,-0.4366812227074246,0.17467248908296096,0.6986899563318882,close,930,1140000.0,time_exit,-1.1033624454148483,930,1140000.0,time_exit,-1.1033624454148483
2026-06-15,2,opening_rebreak_v1,baseline,14,Top1~20,089030,테크윙,3.6753445635528292,False,3~4%,0.424929178470255,0.3~0.5%,906,71500.0,1.6602716138997442,1.5~2.0x,1.6886119543930542,1.5~2.0x,09:03~09:10,3.4965034965035002,910,-5.454545454545457,921,908,909,907,916,1.9580419580419672,-1.538461538461533,-4.7552447552447585,-1.538461538461533,close,909,73400.0,take_profit,1.7280419580419548,907,70785.0,stop,-1.9293006993007
2026-06-15,2,opening_rebreak_v1,baseline,16,Top1~20,018880,한온시스템,4.893617021276597,False,4~5%,0.5681818181818182,0.5~0.7%,905,5360.0,1.656204098320661,1.5~2.0x,1.69090551752357,1.5~2.0x,09:03~09:10,7.835820895522394,920,-2.0522388059701524,908,911,913,907,908,-0.1865671641791078,5.970149253731338,6.7164179104477695,5.7835820895522305,close,907,5290.0,stop,-2.468805970149255,907,5306.4,stop,-2.162835820895534
2026-06-15,2,opening_rebreak_v1,baseline,21,Top21~50,003490,대한항공,5.263157894736836,False,5~7%,0.6980802792321117,0.5~0.7%,912,28700.0,1.689384815788827,1.5~2.0x,1.7042300250664089,1.5~2.0x,09:11~09:20,4.878048780487809,931,-0.34843205574912606,914,916,922,,,1.3937282229965264,2.4390243902439046,3.658536585365857,3.310104529616731,close,920,29175.0,take_profit,0.5539721254355321,917,29130.499999999996,take_profit,0.398919860627168
2026-06-15,2,opening_rebreak_v1,baseline,26,Top21~50,329180,HD현대중공업,4.307692307692301,False,4~5%,0.7173601147776184,0.7~1.0%,911,710000.0,2.8759509392951403,2.0x+,2.9558533674645857,2.0x+,09:11~09:20,1.2676056338028152,913,-1.9718309859154903,918,913,,916,,-0.9859154929577452,-0.5633802816901401,-0.42253521126760507,-0.7042253521126751,close,917,699000.0,stop,-2.4835211267605612,916,702900.0,stop,-1.9342253521126769
2026-06-15,2,opening_rebreak_v1,baseline,34,Top21~50,055550,신한지주,3.3132530120481896,False,3~4%,0.3777148253068933,0.3~0.5%,919,106900.0,1.7561240661082183,1.5~2.0x,1.777352898345295,1.5~2.0x,09:11~09:20,2.6192703461178635,943,-1.0289990645463098,920,932,943,920,,0.654817586529477,0.187090739008422,1.1225444340505097,1.4967259120673537,close,930,107300.0,time_exit,-0.32354536950420376,920,105831.0,stop,-1.6977268475210487
2026-06-15,2,opening_rebreak_v1,baseline,36,Top21~50,010170,대한광통신,5.567226890756305,False,5~7%,0.9779951100244498,0.7~1.0%,910,20800.0,2.5184032092495543,2.0x+,2.62126755613471,2.0x+,09:03~09:10,0.24038461538462563,911,-6.730769230769229,928,,,911,911,-3.8461538461538436,-5.09615384615385,-5.192307692307696,-6.418269230769235,close,911,20450.0,stop,-3.11461538461539,911,20592.0,stop,-2.431923076923078
2026-06-15,2,opening_rebreak_v1,baseline,40,Top21~50,032830,삼성생명,4.928664072632949,False,4~5%,0.3640776699029126,0.3~0.5%,914,413500.0,1.2659732540861812,1.0~1.5x,1.2733133753527976,1.2~1.5x,09:11~09:20,1.6928657799274438,923,-0.241837968561065,915,917,,,,1.0882708585247869,1.45102781136639,0.96735187424426,1.2091898428053138,close,930,417000.0,time_exit,0.011837968561072776,921,419702.49999999994,take_profit,0.66540507859733
2026-06-15,2,opening_rebreak_v1,baseline,41,Top21~50,064400,LG씨엔에스,4.31034482758621,False,4~5%,0.911854103343465,0.7~1.0%,912,99200.0,1.5354434219840227,1.5~2.0x,1.5523910095738829,1.5~2.0x,09:11~09:20,4.8387096774193505,936,-0.6048387096774244,914,916,917,,,2.116935483870974,1.7137096774193505,1.814516129032251,1.1088709677419262,close,916,101000.0,take_profit,1.080483870967735,916,100687.99999999999,take_profit,0.7659677419354741
2026-06-15,2,opening_rebreak_v1,baseline,44,Top21~50,001820,삼화콘덴서,4.134165366614662,False,4~5%,0.5617977528089888,0.5~0.7%,911,145100.0,2.5524513618677043,2.0x+,2.6155416144562422,2.0x+,09:11~09:20,5.09993108201241,939,-3.5837353549276307,912,912,916,912,912,2.4121295658166675,-0.7580978635423841,2.963473466574773,4.203997243280488,close,916,148600.0,take_profit,1.8375396278428564,912,143649.0,stop,-1.574589937973812
2026-06-15,2,opening_rebreak_v1,baseline,52,Top51~100,034730,SK,3.8785834738617186,False,3~4%,0.3205128205128205,0.3~0.5%,930,649000.0,2.1952970297029704,2.0x+,2.306822791580598,2.0x+,09:21~09:30,0.9244992295839749,943,-1.078582434514641,954,,,954,,0.30816640986133237,0.46224961479199855,-0.30816640986132127,-0.46224961479198745,close,930,649000.0,time_exit,-1.000416024653313,930,649000.0,time_exit,-1.000416024653313
2026-06-15,2,opening_rebreak_v1,baseline,59,Top51~100,006260,LS,5.950840879689512,False,5~7%,0.7237635705669482,0.7~1.0%,917,415000.0,3.207729468599034,2.0x+,3.2221406491821956,2.0x+,09:11~09:20,5.180722891566258,930,-0.12048192771084709,918,919,920,,,1.3253012048192847,3.0120481927710774,2.530120481927711,1.5662650602409567,close,921,422500.0,take_profit,0.974819277108434,919,421224.99999999994,take_profit,0.6675903614457733
2026-06-15,2,opening_rebreak_v1,baseline,64,Top51~100,307950,현대오토에버,3.9473684210526327,False,3~4%,0.8368200836820083,0.7~1.0%,911,719000.0,5.403539381854437,2.0x+,5.473066728277521,2.0x+,09:11~09:20,6.815020862308763,931,0.0,912,913,915,,,2.781641168289295,3.616133518776077,6.397774687065372,4.450625869262859,close,915,735000.0,take_profit,1.2999026425591178,913,729784.9999999999,take_profit,0.5745897079276675
2026-06-15,2,opening_rebreak_v1,baseline,66,Top51~100,034220,LG디스플레이,3.597122302158273,False,3~4%,0.5409060175794456,0.5~0.7%,911,14830.0,4.3192019950124685,2.0x+,4.354436817541463,2.0x+,09:11~09:20,1.4834794335805812,916,-1.7532029669588667,941,914,,939,,1.078894133513142,0.6068779501011479,0.2697235333782855,-1.1463250168577188,close,930,14860.0,time_exit,-0.3648617666891505,930,14860.0,time_exit,-0.3648617666891505
2026-06-15,2,opening_rebreak_v1,baseline,67,Top51~100,347850,디앤디파마텍,2.6285714285714246,False,2~3%,0.6514657980456027,0.5~0.7%,908,93500.0,2.9135698494578377,2.0x+,2.977254436331233,2.0x+,09:03~09:10,0.8556149732620311,910,-5.026737967914441,937,,,912,914,-1.7112299465240621,-2.566844919786093,-4.385026737967912,-4.919786096256685,close,913,91900.0,stop,-2.475989304812832,912,92565.0,stop,-1.7647593582887708
2026-06-15,2,opening_rebreak_v1,baseline,69,Top51~100,067310,하나마이크론,2.1450459652706755,False,2~3%,0.5836575875486382,0.5~0.7%,911,52300.0,4.221361569073337,2.0x+,4.320493347603435,2.0x+,09:11~09:20,0.0,912,-3.632887189292544,923,,,912,912,-1.3384321223709361,-3.0592734225621365,-2.48565965583174,-1.5296367112810683,close,912,51200.0,stop,-3.289273422562145,912,51777.0,stop,-2.18602294455067
2026-06-15,2,opening_rebreak_v1,baseline,86,Top51~100,009540,HD한국조선해양,3.643216080402012,False,3~4%,0.601684717208183,0.5~0.7%,918,416000.0,1.61687306501548,1.5~2.0x,1.6230992962872863,1.5~2.0x,09:11~09:20,1.081730769230771,930,-0.36057692307692735,926,930,,,,0.24038461538462563,0.8413461538461453,0.36057692307691624,0.9615384615384581,close,930,420500.0,time_exit,0.2507692307692324,930,420500.0,time_exit,0.2507692307692324
2026-06-15,2,opening_rebreak_v1,baseline,94,Top51~100,003550,LG,2.7230046948356845,False,2~3%,0.8130081300813009,0.7~1.0%,911,111500.0,1.883824586628325,1.5~2.0x,1.901519538607782,1.5~2.0x,09:11~09:20,3.587443946188351,936,-0.2690582959641308,912,916,918,,,1.6143497757847625,2.0627802690583064,2.4215246636771326,1.5246636771300448,close,916,113300.0,take_profit,0.9359192825112198,916,113172.49999999999,take_profit,0.8215695067264476
2026-06-15,2,opening_rebreak_v1,baseline,98,Top51~100,071050,한국금융지주,2.494802494802495,False,2~3%,0.4024144869215292,0.3~0.5%,916,249000.0,2.1424100156494523,2.0x+,2.1553943187746003,2.0x+,09:11~09:20,2.4096385542168752,930,0.0,917,917,930,,,1.0040160642570184,1.0040160642570184,1.6064257028112428,0.8032128514056325,close,922,253000.0,take_profit,0.3724096385542146,920,252734.99999999997,take_profit,0.2659839357429621
2026-06-15,2,opening_rebreak_v1,baseline,99,Top51~100,477850,마키나락스,2.3809523809523725,False,2~3%,0.7263922518159807,0.7~1.0%,906,20875.0,1.7096934035305047,1.5~2.0x,1.74096828286338,1.5~2.0x,09:03~09:10,3.7125748502994105,909,-0.5988023952095856,912,907,909,,,0.359281437125758,0.5988023952095745,2.0359281437125842,0.5988023952095745,close,907,21200.0,take_profit,0.12928143712574514,907,21188.124999999996,take_profit,0.07239520958082846
2026-06-16,2,opening_rebreak_v1,baseline,14,Top1~20,012450,한화에어로스페이스,5.811808118081174,False,5~7%,0.42194092827004215,0.3~0.5%,930,1196000.0,1.2201367902020042,1.0~1.5x,1.2366810178657601,1.2~1.5x,09:21~09:30,1.3377926421404673,932,-3.5117056856187268,1000,932,,936,943,-0.6688963210702337,-1.170568561872909,-0.9197324414715768,-2.842809364548493,close,930,1196000.0,time_exit,-0.6480602006688964,930,1196000.0,time_exit,-0.6480602006688964
2026-06-16,2,opening_rebreak_v1,baseline,22,Top21~50,105560,KB금융,2.948113207547176,False,2~3%,0.78125,0.7~1.0%,929,180300.0,3.3197085438947,2.0x+,3.3517486590389307,2.0x+,09:21~09:30,1.331114808652245,947,-0.443704936217415,933,937,,,,0.16638935108153063,0.9151414309484185,1.1647254575707144,-0.38824181919023815,close,930,180500.0,time_exit,-0.39638935108153095,930,180500.0,time_exit,-0.39638935108153095
2026-06-16,2,opening_rebreak_v1,baseline,34,Top21~50,272210,한화시스템,3.316582914572863,False,3~4%,0.37174721189591076,0.3~0.5%,910,109400.0,1.313733998698199,1.0~1.5x,1.3424987325730697,1.2~1.5x,09:03~09:10,6.489945155393051,925,-0.3656307129798919,939,912,913,,,3.564899451553938,3.8391224862888373,3.9305301645338186,-0.2742230347349217,close,912,111400.0,take_profit,1.1411151736745855,912,111040.99999999999,take_profit,0.8129616087751274
2026-06-16,2,opening_rebreak_v1,baseline,35,Top21~50,064350,현대로템,3.7558685446009488,False,3~4%,0.4424778761061947,0.3~0.5%,910,228500.0,2.806475500884519,2.0x+,2.843135813604388,2.0x+,09:03~09:10,5.032822757111588,926,-0.2188183807439792,911,917,920,,,0.4376367614879584,2.6258205689277947,2.4070021881838155,0.6564551422319376,close,920,234500.0,take_profit,1.3017286652078823,919,231927.49999999997,take_profit,0.17590809628007786
2026-06-16,2,opening_rebreak_v1,baseline,39,Top21~50,375500,DL이앤씨,2.0253164556962133,False,2~3%,0.34965034965034963,0.3~0.5%,916,86500.0,1.2569572036746584,1.0~1.5x,1.2687740888459311,1.2~1.5x,09:11~09:20,9.364161849710984,944,-0.11560693641619046,917,917,917,,,3.352601156069368,5.780346820809257,5.433526011560685,7.514450867052025,close,917,88600.0,take_profit,1.619710982658964,917,87797.49999999999,take_profit,0.6919653179190655
2026-06-16,2,opening_rebreak_v1,baseline,46,Top21~50,032820,우리기술,2.1220159151193574,False,2~3%,0.6234413965087282,0.5~0.7%,909,16460.0,2.159442035055722,2.0x+,2.2298880738404763,2.0x+,09:03~09:10,0.18226002430132837,910,-4.8602673147023046,939,,,910,910,-3.645200486026734,-1.518833535844466,-3.037667071688943,-4.738760631834749,close,910,16110.0,stop,-2.6601336573511514,910,16295.4,stop,-1.5337667071688952
2026-06-16,2,opening_rebreak_v1,baseline,61,Top51~100,017900,광전자,2.8888888888888964,False,2~3%,0.68359375,0.5~0.7%,910,10330.0,1.2493901160441674,1.0~1.5x,1.2690462043988446,1.2~1.5x,09:03~09:10,8.518877057115205,923,-2.0329138431752214,911,913,913,911,911,3.9690222652468465,5.22749273959342,5.42110358180059,1.2584704743465736,close,913,10580.0,take_profit,1.706108422071642,911,10226.7,stop,-1.7140271055178986
2026-06-16,2,opening_rebreak_v1,baseline,76,Top51~100,010820,퍼스텍,4.347826086956519,False,4~5%,0.5197505197505198,0.5~0.7%,907,9770.0,1.3841701010507146,1.0~1.5x,1.41309737588981,1.2~1.5x,09:03~09:10,7.062436028659169,913,-2.9682702149437024,908,910,910,908,908,7.062436028659169,7.062436028659169,7.062436028659169,7.062436028659169,close,908,9580.0,stop,-2.6864994882292788,908,9672.3,stop,-1.741770726714444
2026-06-16,2,opening_rebreak_v1,baseline,78,Top51~100,034730,SK,2.941176470588225,False,2~3%,0.7331378299120235,0.7~1.0%,915,688000.0,3.3365384615384617,2.0x+,3.39075105101693,2.0x+,09:11~09:20,0.29069767441860517,918,-2.9069767441860517,922,,,920,921,-1.3081395348837233,-1.744186046511631,-1.3081395348837233,-2.761627906976749,close,920,679000.0,stop,-2.264883720930235,920,681120.0,stop,-1.9567441860465125
2026-06-16,2,opening_rebreak_v1,baseline,85,Top51~100,047810,한국항공우주,2.0325203252032464,False,2~3%,0.9511731135066582,0.7~1.0%,917,158800.0,1.263640609740563,1.0~1.5x,1.2766736498174078,1.2~1.5x,09:11~09:20,1.3224181360201426,923,-1.5113350125944613,943,923,,941,,0.31486146095718315,0.18891687657429657,-0.25188916876573986,-0.12594458438287548,close,930,159700.0,time_exit,0.02188916876573299,930,159700.0,time_exit,0.02188916876573299
2026-06-17,2,opening_rebreak_v1,baseline,40,Top21~50,015760,한국전력,2.5125628140703515,False,2~3%,0.3516998827667058,0.3~0.5%,909,42850.0,1.5672044078510592,1.5~2.0x,1.579050635876299,1.5~2.0x,09:03~09:10,0.5834305717619559,912,-3.267211201866982,939,,,913,926,-0.3500583430571802,-1.7502917152858788,-2.100350058343059,-3.267211201866982,close,916,42300.0,stop,-2.0969778296382766,913,42421.5,stop,-1.8134305717619612
2026-06-17,2,opening_rebreak_v1,baseline,41,Top21~50,082740,한화엔진,2.866779089376048,False,2~3%,0.6369426751592357,0.5~0.7%,930,63300.0,1.7761783334704286,1.5~2.0x,1.8017962902031752,1.5~2.0x,09:21~09:30,7.109004739336489,1000,-1.1058451816745696,932,935,941,932,,1.1058451816745585,1.579778830963674,4.107424960505535,6.951026856240117,close,930,63300.0,time_exit,-1.0198894154818325,930,63300.0,time_exit,-1.0198894154818325
2026-06-19,2,opening_rebreak_v1,baseline,11,Top1~20,028260,삼성물산,6.900102986611745,False,5~7%,0.9157509157509158,0.7~1.0%,908,556000.0,1.502096529574449,1.5~2.0x,1.5437443076587685,1.5~2.0x,09:03~09:10,0.5395683453237377,909,-3.4172661870503607,936,,,909,911,-1.7985611510791366,-0.5395683453237377,-1.618705035971224,-2.877697841726623,close,911,545000.0,stop,-3.1076978417266172,909,550440.0,stop,-2.1292805755395694
2026-06-19,2,opening_rebreak_v1,baseline,12,Top1~20,010120,LS ELECTRIC,4.958677685950419,False,4~5%,0.9345794392523363,0.7~1.0%,907,268000.0,1.2510141791909748,1.0~1.5x,1.26095289575514,1.2~1.5x,09:03~09:10,3.171641791044766,914,-1.1194029850746245,909,910,913,909,,0.5597014925373234,2.238805970149249,1.8656716417910557,0.746268656716409,close,913,274000.0,take_profit,1.0759701492537268,909,265320.0,stop,-2.1628358208955234
2026-06-19,2,opening_rebreak_v1,baseline,23,Top21~50,298040,효성중공업,3.4389385323585264,False,3~4%,0.4023133014835303,0.3~0.5%,913,4007000.0,6.3838174273858925,2.0x+,6.45795416095311,2.0x+,09:11~09:20,0.9233840778637425,914,-2.2959820314449764,924,,,917,922,-0.6987771400049914,-1.572248565011225,-0.5739955078612469,-0.3743448964312446,close,917,3965000.0,stop,-1.4029473421512355,917,3966930.0,stop,-1.3547816321437494
2026-06-19,2,opening_rebreak_v1,baseline,25,Top21~50,032830,삼성생명,2.6652452025586415,False,2~3%,0.6066734074823054,0.5~0.7%,909,501000.0,5.16182733255904,2.0x+,5.261598155874016,2.0x+,09:03~09:10,2.594810379241519,921,-0.29940119760478723,913,910,921,,,-0.1996007984031989,1.3972055888223478,2.594810379241519,2.095808383233533,close,910,509000.0,take_profit,0.3688023952095787,910,508514.99999999994,take_profit,0.27199600798402224
2026-06-19,2,opening_rebreak_v1,baseline,26,Top21~50,034730,SK,4.512372634643369,False,4~5%,0.40650406504065045,0.3~0.5%,924,740000.0,1.7853056308340862,1.5~2.0x,1.7974505670982637,1.5~2.0x,09:21~09:30,2.297297297297307,945,-0.6756756756756799,952,943,945,,,0.0,0.2702702702702675,1.3513513513513598,-0.40540540540540126,close,930,737000.0,time_exit,-1.311081081081077,930,737000.0,time_exit,-1.311081081081077
2026-06-19,2,opening_rebreak_v1,baseline,59,Top51~100,062040,산일전기,2.0703933747411973,False,2~3%,0.5780346820809248,0.5~0.7%,907,262000.0,2.4126547455295735,2.0x+,2.4500602454602647,2.0x+,09:03~09:10,1.526717557251911,916,-3.8167938931297662,922,914,,909,911,-1.1450381679389277,-0.9541984732824416,-1.717557251908397,-2.8625954198473247,close,911,258000.0,stop,-2.710916030534354,909,259380.0,stop,-2.1841984732824438
2026-06-23,2,opening_rebreak_v1,baseline,8,Top1~20,034730,SK,4.383561643835621,False,4~5%,0.5102040816326531,0.5~0.7%,913,790000.0,3.402270884022709,2.0x+,3.4458897415101797,2.0x+,09:11~09:20,1.2658227848101333,942,-4.0506329113924044,922,942,,914,916,-2.9113924050632956,-3.544303797468351,-0.6329113924050667,1.2658227848101333,close,916,771000.0,stop,-3.2679746835443053,914,782100.0,stop,-1.8629113924050642
2026-06-23,2,opening_rebreak_v1,baseline,29,Top21~50,067290,JW신약,2.3809523809523725,False,2~3%,0.315955766192733,0.3~0.5%,928,3240.0,3.719174857831507,2.0x+,3.8193744974244317,2.0x+,09:21~09:30,6.944444444444442,948,-2.1604938271604923,933,929,937,931,933,-0.92592592592593,3.240740740740744,5.709876543209869,4.012345679012341,close,930,3255.0,time_exit,-0.5386419753086511,929,3288.6,take_profit,0.4983950617283852
2026-06-23,2,opening_rebreak_v1,baseline,31,Top21~50,000150,두산,3.433476394849788,False,3~4%,0.5892751915144373,0.5~0.7%,910,1720000.0,1.6967312348668282,1.5~2.0x,1.7299215909726997,1.5~2.0x,09:03~09:10,2.8197674418604546,931,-1.8023255813953476,916,926,931,916,,-0.17441860465116088,-0.29069767441860517,1.3953488372093092,-0.05813953488371659,close,916,1689000.0,stop,-2.3230232558139523,916,1702800.0,stop,-1.5206976744186056
2026-06-23,2,opening_rebreak_v1,baseline,49,Top21~50,475430,키스트론,3.764320785597386,False,3~4%,0.7763975155279503,0.7~1.0%,921,6450.0,1.337808003256836,1.0~1.5x,1.3983380133278267,1.2~1.5x,09:21~09:30,2.635658914728678,936,-6.356589147286817,930,922,933,922,922,0.0,-1.5503875968992276,-2.4806201550387597,0.31007751937983663,close,922,6320.0,stop,-3.020697674418606,922,6385.5,stop,-2.0051937984496133
2026-06-24,2,opening_rebreak_v1,baseline,7,Top1~20,028260,삼성물산,4.83516483516484,False,4~5%,0.9940357852882704,0.7~1.0%,916,508000.0,2.1614113071259897,2.0x+,2.194631807901416,2.0x+,09:11~09:20,2.7559055118110187,931,-3.0511811023621993,922,927,929,917,918,-2.3622047244094446,0.7874015748031482,0.9842519685039353,-0.3937007874015741,close,917,501000.0,stop,-2.5922047244094464,917,502920.0,stop,-2.214251968503938
2026-06-24,2,opening_rebreak_v1,baseline,8,Top1~20,080220,제주반도체,3.339350180505418,False,3~4%,0.7544006705783739,0.7~1.0%,915,120200.0,1.9380603603715632,1.5~2.0x,1.9671414049937619,1.5~2.0x,09:11~09:20,0.9983361064891838,917,-5.574043261231276,925,,,918,920,-3.4941763727121433,-4.159733777038266,-2.1630615640598982,-2.1214642262895156,close,919,118200.0,stop,-2.3098668885191334,918,118998.0,stop,-1.645973377703828
2026-06-24,2,opening_rebreak_v1,baseline,10,Top1~20,032830,삼성생명,2.4705882352941133,False,2~3%,0.45662100456621,0.3~0.5%,930,438500.0,1.6659451659451658,1.5~2.0x,1.6754976038232918,1.5~2.0x,09:21~09:30,1.026225769669331,953,-3.078677309007982,935,953,,932,934,-2.6225769669327215,-1.2542759407069504,-0.11402508551880963,-0.34207525655644,close,930,438500.0,time_exit,-0.8001254275940707,930,438500.0,time_exit,-0.8001254275940707
2026-06-24,2,opening_rebreak_v1,baseline,69,Top51~100,009420,한올바이오파마,3.4482758620689724,False,3~4%,0.5660377358490566,0.5~0.7%,916,53500.0,1.5550253504324485,1.5~2.0x,1.5786310483517267,1.5~2.0x,09:11~09:20,6.355140186915897,945,-1.121495327102806,922,919,927,922,,-0.5607476635513975,1.121495327102795,5.23364485981308,6.355140186915897,close,927,54900.0,take_profit,1.452242990654215,922,52965.0,stop,-2.1645794392523374
2026-06-25,2,opening_rebreak_v1,baseline,4,Top1~20,005935,삼성전자우,5.386416861826704,False,5~7%,0.8733624454148471,0.7~1.0%,921,229750.0,1.7130191866981148,1.5~2.0x,1.7337716217792594,1.5~2.0x,09:21~09:30,0.9793253536452662,930,-1.6322089227421066,945,,,942,,0.10881392818280489,0.5440696409140466,-0.9793253536452662,-0.7616974972796564,close,930,231500.0,time_exit,-0.5564417845484175,930,231500.0,time_exit,-0.5564417845484175
2026-06-25,2,opening_rebreak_v1,baseline,11,Top1~20,475150,SK이터닉스,4.635761589403975,False,4~5%,0.49382716049382713,0.3~0.5%,916,42400.0,1.4101057838828648,1.0~1.5x,1.483585241603808,1.2~1.5x,09:11~09:20,13.089622641509436,927,0.0,917,917,917,,,5.07075471698113,10.259433962264142,9.198113207547177,5.07075471698113,close,917,43400.0,take_profit,1.538867924528307,917,43035.99999999999,take_profit,0.6803773584905562
2026-06-25,2,opening_rebreak_v1,baseline,25,Top21~50,006800,미래에셋증권,2.2754491017964007,False,2~3%,0.3472222222222222,0.3~0.5%,914,43400.0,1.4590796953770246,1.0~1.5x,1.4709421319248053,1.2~1.5x,09:11~09:20,4.8387096774193505,932,-0.11520737327188613,915,915,919,,,2.6497695852534475,3.1105990783410142,3.4562211981566726,2.5345622119815614,close,918,44150.0,take_profit,0.9220737327188893,916,44050.99999999999,take_profit,0.6939631336405432
2026-06-25,2,opening_rebreak_v1,baseline,29,Top21~50,089030,테크윙,5.210420841683372,False,5~7%,0.7207207207207207,0.7~1.0%,905,56400.0,1.9244892366714368,1.5~2.0x,1.969894608861507,1.5~2.0x,09:03~09:10,5.319148936170204,915,-1.9503546099290725,935,906,908,926,,4.078014184397172,4.078014184397172,-0.35460992907800915,-1.9503546099290725,close,908,57700.0,take_profit,1.1884397163120461,908,57245.99999999999,take_profit,0.38347517730495473
2026-06-25,2,opening_rebreak_v1,baseline,31,Top21~50,042660,한화오션,3.113207547169816,False,3~4%,0.36231884057971014,0.3~0.5%,912,111500.0,3.2919847328244276,2.0x+,3.3347130237305413,2.0x+,09:11~09:20,4.394618834080721,920,-0.627802690582957,914,917,917,,,2.152466367713002,3.4977578475336335,1.704035874439458,-0.2690582959641308,close,917,113900.0,take_profit,1.4740358744394593,917,113172.49999999999,take_profit,0.8215695067264476
2026-06-25,2,opening_rebreak_v1,baseline,38,Top21~50,003490,대한항공,2.7422303473491727,False,2~3%,0.5172413793103449,0.5~0.7%,912,29200.0,7.596396132434808,2.0x+,7.688553451199182,2.0x+,09:11~09:20,0.8561643835616417,917,-1.1986301369863006,937,,,922,,0.6849315068493178,0.0,0.08561643835616195,-0.3424657534246589,close,930,29250.0,time_exit,-0.91493150684932,922,28908.0,stop,-2.086164383561645
2026-06-25,2,opening_rebreak_v1,baseline,41,Top21~50,067310,하나마이크론,5.699481865284972,False,5~7%,0.7504690431519699,0.7~1.0%,911,53600.0,1.3211522345007698,1.0~1.5x,1.338634400174693,1.2~1.5x,09:11~09:20,0.3731343283582156,912,-5.223880597014929,924,,,912,916,-2.238805970149249,-4.291044776119401,-3.731343283582089,-4.850746268656714,close,912,53000.0,stop,-2.282238805970147,912,53064.0,stop,-2.1628358208955234
2026-06-25,2,opening_rebreak_v1,baseline,49,Top21~50,100090,SK오션플랜트,5.633802816901401,False,5~7%,0.5287508261731658,0.5~0.7%,920,15150.0,1.7244559734832108,1.5~2.0x,1.735914152709013,1.5~2.0x,09:11~09:20,6.468646864686467,928,-2.0462046204620443,943,925,926,923,943,0.7920792079207928,2.970297029702973,-0.26402640264026056,-1.1221122112211268,close,926,15500.0,take_profit,1.7501980198019749,923,14998.5,stop,-1.560033003300331
2026-06-25,2,opening_rebreak_v1,baseline,56,Top51~100,007660,이수페타시스,3.914259086672889,False,3~4%,0.5176876617773942,0.5~0.7%,912,116100.0,3.4373795761079,2.0x+,3.4612295644937308,2.0x+,09:11~09:20,1.3781223083548566,916,-1.3781223083548677,931,914,,931,,0.7751937984496138,-0.17226528854435985,-0.7751937984496138,-1.1197243755383335,close,930,115200.0,time_exit,-1.4358570198105096,930,115200.0,time_exit,-1.4358570198105096
2026-06-25,2,opening_rebreak_v1,baseline,57,Top51~100,012200,계양전기,6.0799999999999965,False,5~7%,0.9123583079900469,0.7~1.0%,922,7262.0,1.2945224118493177,1.0~1.5x,1.3114985707100648,1.2~1.5x,09:21~09:30,2.478656017626002,944,-3.7730652712751334,928,942,944,925,925,-2.2032497934453277,-1.9416138804737026,0.5232718259432723,-1.0327733406774953,close,925,7168.0,stop,-2.2129248141007976,925,7189.38,stop,-1.918515560451667
2026-06-25,2,opening_rebreak_v1,baseline,58,Top51~100,015760,한국전력,3.12925170068028,False,3~4%,0.5188067444876783,0.5~0.7%,912,38700.0,3.614576346970713,2.0x+,3.639724186745935,2.0x+,09:11~09:20,1.033591731266159,935,-1.1627906976744207,920,935,,920,,0.0,-0.3875968992248069,0.6459948320413522,0.3875968992248069,close,930,38850.0,time_exit,-0.48839793281653676,920,38313.0,stop,-1.8759948320413447
2026-06-25,2,opening_rebreak_v1,baseline,61,Top51~100,058730,다스코,2.848101265822778,False,2~3%,0.8784773060029283,0.7~1.0%,912,3440.0,2.769116263393672,2.0x+,2.823118487453732,2.0x+,09:11~09:20,1.744186046511631,935,-6.395348837209303,916,935,,913,914,-3.488372093023251,-2.1802325581395388,-3.9244186046511587,-0.7267441860465129,close,914,3340.0,stop,-3.8637209302325632,913,3405.6,stop,-1.9567441860465125
2026-06-25,2,opening_rebreak_v1,baseline,93,Top51~100,009540,HD한국조선해양,2.0380434782608647,False,2~3%,0.59445178335535,0.5~0.7%,912,380000.0,8.097744360902256,2.0x+,8.178452776459421,2.0x+,09:11~09:20,0.2631578947368318,920,-2.368421052631575,941,,,913,941,-0.6578947368421018,-0.1315789473684159,-1.1842105263157876,-1.9078947368421084,close,913,376000.0,stop,-1.940526315789477,913,376200.0,stop,-1.8878947368421062
2026-06-29,2,opening_rebreak_v1,baseline,9,Top1~20,036930,주성엔지니어링,3.2004830917874427,False,3~4%,0.7450771687067589,0.7~1.0%,917,188500.0,1.5155466399197592,1.5~2.0x,1.5317991508036173,1.5~2.0x,09:11~09:20,0.2652519893899141,918,-8.328912466843496,947,,,919,920,-3.8726790450928417,-3.6604774535809015,-6.472148541114054,-8.116710875331567,close,919,186400.0,stop,-1.609310344827584,919,186615.0,stop,-1.4952519893899212
2026-06-29,2,opening_rebreak_v1,baseline,10,Top1~20,006400,삼성SDI,2.9670329670329565,False,2~3%,0.9278350515463918,0.7~1.0%,914,488500.0,1.2365099870813872,1.0~1.5x,1.2570970420171856,1.2~1.5x,09:11~09:20,1.84237461617196,919,-1.5353121801433,926,917,,922,,1.0235414534288667,-0.8188331627430934,-0.7164790174002067,0.9211873080859689,close,918,496000.0,take_profit,0.793541453428857,918,495827.49999999994,take_profit,0.7582292732855582
2026-06-29,2,opening_rebreak_v1,baseline,17,Top1~20,403870,HPSP,2.0872865275142205,False,2~3%,0.6993006993006993,0.5~0.7%,918,57700.0,1.2503215449631069,1.0~1.5x,1.2678515642512806,1.2~1.5x,09:11~09:20,0.34662045060658286,919,-7.798960138648181,933,,,919,921,-2.9462738301559765,-4.679376083188913,-3.6395147313691534,-1.559792027729634,close,919,57000.0,stop,-2.3097227036395154,919,57123.0,stop,-2.0965511265164656
2026-06-29,2,opening_rebreak_v1,baseline,25,Top21~50,010120,LS ELECTRIC,6.650246305418728,False,5~7%,0.4514672686230248,0.3~0.5%,909,223500.0,1.34100026745119,1.0~1.5x,1.3592451690491656,1.2~1.5x,09:03~09:10,0.22371364653244186,910,-6.711409395973156,927,,,910,911,-3.803131991051456,-4.4742729306487705,-6.711409395973156,-5.592841163310958,close,911,219000.0,stop,-3.361991051454136,910,221265.0,stop,-2.3485682326621933
2026-06-29,2,opening_rebreak_v1,baseline,29,Top21~50,347850,디앤디파마텍,2.8314028314028405,False,2~3%,0.5988023952095809,0.5~0.7%,905,84600.0,1.5708943596135867,1.5~2.0x,1.6011766605218005,1.5~2.0x,09:03~09:10,11.820330969267134,929,-0.7092198581560294,906,908,911,,,1.3002364066193817,4.6099290780141855,9.57446808510638,10.283687943262422,close,909,86000.0,take_profit,0.8338297872340339,908,85868.99999999999,take_profit,0.6789834515366333
2026-06-29,2,opening_rebreak_v1,baseline,48,Top21~50,009420,한올바이오파마,3.806228373702414,False,3~4%,0.48939641109298526,0.3~0.5%,919,61700.0,2.210558114946001,2.0x+,2.229440566838874,2.0x+,09:11~09:20,8.58995137763372,935,-0.8103727714748765,920,923,923,,,2.269043760129663,6.807131280388989,7.131280388978922,8.103727714748787,close,923,63100.0,take_profit,1.2286709886547846,923,62625.49999999999,take_profit,0.45962722852511173
2026-06-29,2,opening_rebreak_v1,baseline,94,Top51~100,009830,한화솔루션,2.2838499184339334,False,2~3%,0.30721966205837176,0.3~0.5%,907,32900.0,1.5013362823702885,1.5~2.0x,1.5221560459162555,1.5~2.0x,09:03~09:10,1.9756838905775176,917,-0.7598784194528863,908,914,,,,-0.455927051671734,1.5197568389057725,0.6079027355623046,0.6079027355623046,close,917,33400.0,take_profit,0.5298784194528849,916,33393.5,take_profit,0.5101215805471027
2026-06-29,2,opening_rebreak_v1,baseline,100,Top51~100,161890,한국콜마,2.094818081587646,False,2~3%,0.5279831045406547,0.5~0.7%,911,95600.0,2.180274135876043,2.0x+,2.2126773608253685,2.0x+,09:11~09:20,2.9288702928870203,926,-0.6276150627615107,913,914,924,,,1.0460251046025215,1.0460251046025215,2.092050209205021,1.778242677824271,close,923,97500.0,take_profit,1.2344351464435157,923,97033.99999999999,take_profit,0.746987447698735
2026-06-30,2,opening_rebreak_v1,baseline,7,Top1~20,240810,원익IPS,3.396226415094339,False,3~4%,0.3444316877152698,0.3~0.5%,911,175400.0,1.9523800424222737,1.5~2.0x,1.988061106320293,1.5~2.0x,09:11~09:20,3.7058152793614685,924,-1.8814139110604367,941,912,913,938,,2.2234891676168766,2.736602052451542,-0.45610034207526073,-1.425313568985176,close,912,178100.0,take_profit,1.0242759407069613,912,178030.99999999997,take_profit,0.9849372862029548
2026-06-30,2,opening_rebreak_v1,baseline,14,Top1~20,403870,HPSP,2.9795158286778367,False,2~3%,0.3590664272890485,0.3~0.5%,911,56400.0,1.8185652746200789,1.5~2.0x,1.8480555223166208,1.5~2.0x,09:11~09:20,2.3049645390070816,917,-3.1914893617021267,941,912,913,920,922,1.0638297872340496,-0.7092198581560294,-1.773049645390068,-2.4822695035460973,close,912,57300.0,take_profit,0.47921985815602786,912,57245.99999999999,take_profit,0.38347517730495473
2026-06-30,2,opening_rebreak_v1,baseline,26,Top21~50,039030,이오테크닉스,2.957283680175249,False,2~3%,0.9900990099009901,0.7~1.0%,911,515000.0,2.0833333333333335,2.0x+,2.1458333333333335,2.0x+,09:11~09:20,1.3592233009708687,915,-4.077669902912618,937,915,,917,918,-0.7766990291262155,-1.844660194174752,-2.7184466019417486,-1.9417475728155331,close,917,509000.0,stop,-2.3659223300970846,917,509850.0,stop,-2.200873786407768
2026-06-30,2,opening_rebreak_v1,baseline,29,Top21~50,001820,삼화콘덴서,3.9097744360902187,False,3~4%,0.5633802816901409,0.5~0.7%,915,142800.0,1.7161134804376044,1.5~2.0x,1.735559525541713,1.5~2.0x,09:11~09:20,2.1008403361344463,919,-5.112044817927175,945,918,919,921,934,-0.7002801120448154,0.07002801120448154,-3.221288515406162,-4.551820728291311,close,919,145500.0,take_profit,1.3106162464985927,919,144942.0,take_profit,0.9198599439775812
2026-06-30,2,opening_rebreak_v1,baseline,63,Top51~100,062040,산일전기,6.349206349206349,False,5~7%,0.8456659619450317,0.7~1.0%,928,238000.0,1.1998986572080061,1.0~1.5x,1.2108296706808586,1.2~1.5x,09:21~09:30,0.42016806722688926,955,-3.1512605042016806,945,,,930,931,-1.6806722689075682,-2.1008403361344574,-2.7310924369747913,-0.42016806722688926,close,930,235000.0,stop,-2.540924369747895,930,235620.0,stop,-2.280420168067228
2026-06-30,2,opening_rebreak_v1,baseline,77,Top51~100,031980,피에스케이홀딩스,3.1180400890868487,False,3~4%,0.44814340588988477,0.3~0.5%,915,157500.0,2.1434072987346413,2.0x+,2.170975238268206,2.0x+,09:11~09:20,0.25396825396826195,917,-4.253968253968255,929,,,918,920,-2.2222222222222254,-2.0952380952380945,-1.6507936507936471,-3.1746031746031744,close,918,155800.0,stop,-1.6268253968253974,918,155925.0,stop,-1.5474603174603183
2026-06-30,2,opening_rebreak_v1,baseline,85,Top51~100,084370,유진테크,4.975728155339798,False,4~5%,0.91991341991342,0.7~1.0%,917,187400.0,1.362278761061947,1.0~1.5x,1.3870399233906834,1.2~1.5x,09:11~09:20,0.32017075773747017,918,-4.4823906083244385,945,,,918,920,-3.255069370330843,-0.7470651013874119,-2.934898612593384,-2.934898612593384,close,919,185200.0,stop,-1.6707684098185702,918,185526.0,stop,-1.4968089647812175
2026-07-01,2,opening_rebreak_v1,baseline,4,Top1~20,009150,삼성전기,3.0219780219780112,False,3~4%,0.3527336860670194,0.3~0.5%,913,2278000.0,1.341610500177368,1.0~1.5x,1.3513426693774886,1.2~1.5x,09:11~09:20,0.6145741878841093,930,-2.238805970149249,923,,,914,922,0.3511852502194879,-2.063213345039505,-0.5706760316066761,-1.6242317822651398,close,921,2245500.0,stop,-1.876180860403861,914,2255220.0,stop,-1.4494907813871827
2026-07-01,2,opening_rebreak_v1,baseline,11,Top1~20,010120,LS ELECTRIC,3.99159663865547,False,3~4%,0.7692307692307693,0.7~1.0%,906,262500.0,1.4592443685630887,1.0~1.5x,1.4846963052240727,1.2~1.5x,09:03~09:10,2.285714285714291,912,-1.5238095238095273,933,910,912,908,,1.904761904761898,0.952380952380949,-0.3809523809523818,-0.5714285714285672,close,911,267500.0,take_profit,0.7223809523809455,908,259875.0,stop,-2.1823809523809534
2026-07-01,2,opening_rebreak_v1,baseline,14,Top1~20,006340,대원전선,3.491755577109612,False,3~4%,0.8021390374331552,0.7~1.0%,909,11360.0,1.345297514768311,1.0~1.5x,1.3730979126476202,1.2~1.5x,09:03~09:10,8.27464788732395,938,-0.7922535211267623,914,910,910,,,0.2640845070422504,2.2887323943661997,5.457746478873249,7.65845070422535,close,910,11660.0,take_profit,1.9707042253521037,910,11530.4,take_profit,0.8298591549295676
2026-07-01,2,opening_rebreak_v1,baseline,25,Top21~50,298040,효성중공업,3.1704479348458436,False,3~4%,0.642570281124498,0.5~0.7%,912,3748000.0,1.3130841121495327,1.0~1.5x,1.3261760313490834,1.2~1.5x,09:11~09:20,1.360725720384215,942,-1.547491995731054,914,941,,914,,-0.48025613660619415,-1.1472785485592274,-1.2806830309498363,1.360725720384215,close,914,3700000.0,stop,-1.6440875133404447,914,3710520.0,stop,-1.3634044823906093
2026-07-01,2,opening_rebreak_v1,baseline,37,Top21~50,006360,GS건설,5.776892430278879,False,5~7%,0.5136986301369862,0.5~0.7%,911,29450.0,2.2303488989663767,2.0x+,2.2610593829452594,2.0x+,09:11~09:20,3.2258064516129004,923,-2.376910016977929,912,914,920,912,912,0.0,1.5280135823429575,2.376910016977929,1.018675721561979,close,912,28850.0,stop,-3.1162478777589104,912,29155.5,stop,-2.0788964346349754
2026-07-01,2,opening_rebreak_v1,baseline,56,Top51~100,000150,두산,2.555480833893742,False,2~3%,0.7643312101910829,0.7~1.0%,928,1584000.0,1.2188841201716738,1.0~1.5x,1.23922493347364,1.2~1.5x,09:21~09:30,2.209595959595956,951,-1.3257575757575801,932,940,951,932,,-0.06313131313131493,0.7575757575757569,1.8939393939394034,0.7575757575757569,close,930,1579000.0,time_exit,-0.8613131313131291,930,1579000.0,time_exit,-0.8613131313131291
2026-07-01,2,opening_rebreak_v1,baseline,67,Top51~100,006260,LS,4.377564979480164,False,4~5%,0.38167938931297707,0.3~0.5%,912,398000.0,1.695935194560972,1.5~2.0x,1.719298478326712,1.5~2.0x,09:11~09:20,1.005025125628145,938,-2.261306532663321,932,938,,913,932,-0.37688442211055717,-0.6281407035175879,-1.8844221105527637,0.2512562814070307,close,914,393500.0,stop,-1.9887939698492483,913,394020.0,stop,-1.8581407035175888
2026-07-01,2,opening_rebreak_v1,baseline,69,Top51~100,089970,브이엠,3.751143641354071,False,3~4%,0.432152117545376,0.3~0.5%,929,117000.0,2.0976554536187564,2.0x+,2.1304313200815495,2.0x+,09:21~09:30,3.8461538461538547,956,-1.1965811965811923,941,933,951,941,,0.2564102564102555,0.6837606837606813,1.538461538461533,2.64957264957264,close,930,118000.0,time_exit,0.1973504273504243,930,118000.0,time_exit,0.1973504273504243
2026-07-01,2,opening_rebreak_v1,baseline,80,Top51~100,141080,리가켐바이오,2.1347565043362327,False,2~3%,0.902061855670103,0.7~1.0%,925,156100.0,2.2815119870569203,2.0x+,2.3068001461766015,2.0x+,09:21~09:30,2.1780909673286386,954,-2.3062139654067892,939,946,952,929,931,-1.4734144778987823,-1.7296604740550947,0.384368994234463,1.6655989750160138,close,929,154000.0,stop,-1.8955989750160191,929,154539.0,stop,-1.5503074951953884
2026-07-01,2,opening_rebreak_v1,baseline,93,Top51~100,322000,HD현대에너지솔루션,4.10367170626349,False,4~5%,0.9081735620585267,0.7~1.0%,911,150800.0,1.3600719424460432,1.0~1.5x,1.3923886552672322,1.2~1.5x,09:11~09:20,7.161803713527859,938,-0.46419098143235527,927,912,913,,,1.8567639257294433,5.1061007957559745,1.6578249336870021,4.045092838196296,close,913,153400.0,take_profit,1.1625729442970747,913,153061.99999999997,take_profit,0.9384350132625897
2026-07-02,2,opening_rebreak_v1,baseline,43,Top21~50,161890,한국콜마,2.0599250936329527,False,2~3%,0.9734513274336283,0.7~1.0%,907,115500.0,1.574070021881838,1.5~2.0x,1.624710344301629,1.5~2.0x,09:03~09:10,3.722943722943728,915,-1.558441558441559,912,908,909,912,,0.6926406926407003,0.8658008658008587,1.298701298701288,0.8658008658008587,close,909,117300.0,take_profit,0.8955411255411261,909,117232.49999999999,take_profit,0.8370995670995574
2026-07-02,2,opening_rebreak_v1,baseline,47,Top21~50,018260,삼성에스디에스,3.090172239108413,False,3~4%,0.4830917874396135,0.3~0.5%,910,209500.0,2.5199532801245863,2.0x+,2.562768020320878,2.0x+,09:03~09:10,1.670644391408116,911,-3.341288782816232,931,911,,912,912,0.9546539379474916,0.0,-2.6252983293556076,-1.670644391408116,close,912,205000.0,stop,-3.571288782816229,911,212642.49999999997,take_profit,0.0766825775656228
2026-07-02,2,opening_rebreak_v1,baseline,85,Top51~100,477850,마키나락스,3.595368677635591,False,3~4%,0.7166482910694598,0.7~1.0%,915,18280.0,2.1315472353781915,2.0x+,2.197585239643367,2.0x+,09:11~09:20,12.417943107220996,929,-0.0547045951859948,916,916,916,,,1.9146608315098401,6.5645514223194645,9.026258205689274,3.4463894967177167,close,916,18620.0,take_profit,1.3564332603938674,916,18554.199999999997,take_profit,0.9964770240700122
2026-07-02,2,opening_rebreak_v1,baseline,89,Top51~100,483650,달바글로벌,2.4844720496894457,False,2~3%,0.7874015748031495,0.7~1.0%,912,255000.0,1.940755873340143,1.5~2.0x,1.9702650606329248,1.5~2.0x,09:11~09:20,0.0,913,-5.490196078431375,920,,,913,913,-4.117647058823525,-3.1372549019607843,-4.117647058823525,-2.941176470588236,close,913,249000.0,stop,-3.563333333333336,913,252450.0,stop,-2.210392156862746
2026-07-03,2,opening_rebreak_v1,baseline,19,Top1~20,477850,마키나락스,2.1126760563380254,False,2~3%,0.6237006237006237,0.5~0.7%,920,24250.0,1.2116056418186514,1.0~1.5x,1.2344007407499928,1.2~1.5x,09:11~09:20,4.53608247422681,928,-2.8865979381443307,950,921,921,921,924,0.8247422680412342,-0.4123711340206171,3.298969072164959,-2.268041237113405,close,921,24700.0,take_profit,0.5947422680412306,921,24007.5,stop,-2.260927835051547
2026-07-06,2,opening_rebreak_v1,baseline,2,Top1~20,005930,삼성전자,3.392568659127626,False,3~4%,0.8520526723470179,0.7~1.0%,915,324500.0,2.331747744213417,2.0x+,2.354247542250266,2.0x+,09:11~09:20,0.15408320493066618,916,-2.7734976887519247,928,,,923,925,-0.46224961479198745,-2.003081664098616,-1.3097072419106293,-0.15408320493066618,close,923,320000.0,stop,-2.3871648690292755,923,321255.0,stop,-2.0004160246533136
2026-07-06,2,opening_rebreak_v1,baseline,7,Top1~20,042660,한화오션,4.957904583723116,False,4~5%,0.937766410912191,0.7~1.0%,910,118100.0,1.8451042977881675,1.5~2.0x,1.8752738172872856,1.5~2.0x,09:03~09:10,4.149026248941579,920,-1.6088060965283701,929,914,915,929,,1.608806096528359,2.794242167654537,-0.2540220152413175,2.201524132091448,close,915,120000.0,take_profit,0.9554360711261575,915,119871.49999999999,take_profit,0.8466299745977887
2026-07-06,2,opening_rebreak_v1,baseline,31,Top21~50,079550,LIG디펜스앤에어로스페이스,2.0000000000000018,False,2~3%,0.47562425683709864,0.3~0.5%,919,847000.0,1.2054560954816709,1.0~1.5x,1.2198581993703408,1.2~1.5x,09:11~09:20,0.7083825265643551,921,-2.5974025974025983,931,,,923,924,-1.7709563164108655,-2.007083825265643,-1.416765053128688,-1.8890200708382543,close,923,835000.0,stop,-2.2370838252656418,923,838530.0,stop,-1.8203187721369547
2026-07-06,2,opening_rebreak_v1,baseline,44,Top21~50,272210,한화시스템,2.9139072847682135,False,2~3%,0.8353221957040573,0.7~1.0%,910,85000.0,2.6400552486187845,2.0x+,2.7004175226545932,2.0x+,09:03~09:10,3.4117647058823586,919,-3.294117647058825,929,914,914,924,928,2.4705882352941133,1.6470588235294015,-2.352941176470591,-0.23529411764705577,close,914,86500.0,take_profit,0.9464705882352878,914,86274.99999999999,take_profit,0.6817647058823432
2026-07-06,2,opening_rebreak_v1,baseline,53,Top51~100,019210,와이지-원,3.31858407079646,False,3~4%,0.6060606060606061,0.5~0.7%,910,25650.0,2.4714658039004225,2.0x+,2.5897313061601794,2.0x+,09:03~09:10,4.2884990253411415,936,-1.1695906432748537,932,913,913,932,,0.974658869395717,0.7797270955165692,0.5847953216374213,2.923976608187129,close,913,26300.0,take_profit,1.3294541910331439,913,26034.749999999996,take_profit,0.2953411306042788
2026-07-06,2,opening_rebreak_v1,baseline,66,Top51~100,037070,파세코,3.3674963396779,False,3~4%,0.7490636704119851,0.7~1.0%,915,8290.0,2.1909860008818343,2.0x+,2.2730554935112517,2.0x+,09:11~09:20,6.99638118214716,934,-2.4125452352231624,925,916,929,919,923,-0.12062726176115257,-1.2062726176115812,6.99638118214716,6.99638118214716,close,921,8190.0,stop,-2.039408926417371,916,8414.349999999999,take_profit,0.6668636911942002
2026-07-07,2,opening_rebreak_v1,baseline,37,Top21~50,010950,S-Oil,2.566295979469624,False,2~3%,0.9031198686371099,0.7~1.0%,915,122000.0,4.6142949130714745,2.0x+,4.68505691319629,2.0x+,09:11~09:20,0.4918032786885185,919,-1.2295081967213073,922,,,921,,-0.3278688524590123,0.0,-0.08196721311475308,0.0,close,930,122100.0,time_exit,-0.5578688524590174,921,120780.0,stop,-1.6398360655737714
2026-07-09,2,opening_rebreak_v1,baseline,24,Top21~50,298040,효성중공업,2.268501301599102,False,2~3%,0.5639760310186817,0.5~0.7%,915,2860000.0,1.222972972972973,1.0~1.5x,1.2398804334288205,1.2~1.5x,09:11~09:20,0.6993006993007089,925,-1.538461538461533,940,,,917,,-0.5594405594405605,0.5244755244755206,-0.8391608391608352,0.20979020979021712,close,930,2866000.0,time_exit,-0.1950349650349577,917,2831400.0,stop,-1.4048251748251757
2026-07-09,2,opening_rebreak_v1,baseline,29,Top21~50,034730,SK,3.187919463087252,False,3~4%,0.64,0.5~0.7%,915,627000.0,1.359982332155477,1.0~1.5x,1.3731222580700226,1.2~1.5x,09:11~09:20,0.797448165869219,945,-1.2759170653907526,936,,,936,,-0.4784688995215336,-0.15948963317384823,-0.9569377990430672,0.797448165869219,close,930,628000.0,time_exit,-0.8679585326953703,930,628000.0,time_exit,-0.8679585326953703
2026-07-09,2,opening_rebreak_v1,baseline,55,Top51~100,365660,레몬헬스케어,3.336604514229635,False,3~4%,0.4570383912248629,0.3~0.5%,909,11210.0,1.2441446772176075,1.0~1.5x,1.2807035658043509,1.2~1.5x,09:03~09:10,4.727921498661902,918,-3.0330062444246186,936,910,910,913,935,1.070472792149868,2.8545941123996332,-0.4460303300624413,-0.267618198037467,close,915,11530.0,take_profit,2.178563782337189,910,11378.15,take_profit,0.823969669937546
2026-07-10,2,opening_rebreak_v1,baseline,8,Top1~20,105560,KB금융,4.959159859976658,False,4~5%,0.4350190320826536,0.3~0.5%,918,184500.0,3.033249686323714,2.0x+,3.056442201675179,2.0x+,09:11~09:20,0.7588075880758716,927,-1.3008130081300862,931,,,931,,0.1626016260162677,0.3794037940379358,-0.7046070460704601,-0.9214092140921393,close,930,183600.0,time_exit,-0.9888075880758812,930,183600.0,time_exit,-0.9888075880758812
2026-07-10,2,opening_rebreak_v1,baseline,9,Top1~20,010170,대한광통신,4.319248826291089,False,4~5%,0.6546644844517185,0.5~0.7%,922,12410.0,2.147367175473216,2.0x+,2.2367458504942266,2.0x+,09:21~09:30,8.702659145850111,943,-2.981466559226431,926,929,931,924,925,-1.8533440773569665,3.706688154713933,8.622078968573721,6.204673650282033,close,924,12230.0,stop,-2.0833440773569647,924,12285.9,stop,-1.6329008863819507
2026-07-10,2,opening_rebreak_v1,baseline,17,Top1~20,034020,두산에너빌리티,2.049180327868849,False,2~3%,0.6443298969072164,0.5~0.7%,925,77900.0,3.5616685607326692,2.0x+,3.5986249141514257,2.0x+,09:21~09:30,1.797175866495504,937,-0.12836970474967568,926,930,,,,1.0269576379974277,1.2836970474968012,1.0269576379974277,0.7702182284980763,close,930,78700.0,time_exit,0.1551091142490323,930,78700.0,time_exit,0.1551091142490323
2026-07-10,2,opening_rebreak_v1,baseline,27,Top21~50,034730,SK,5.573770491803276,False,5~7%,0.30864197530864196,0.3~0.5%,907,650000.0,2.0684596577017116,2.0x+,2.0812674574398025,2.0x+,09:03~09:10,0.7692307692307665,908,-2.0000000000000018,914,,,912,914,-0.9230769230769265,-0.9230769230769265,-0.6153846153846176,-0.15384615384614886,close,913,641000.0,stop,-2.3838461538461533,912,643500.0,stop,-1.99923076923077
2026-07-10,2,opening_rebreak_v1,baseline,29,Top21~50,007660,이수페타시스,3.8126361655773433,False,3~4%,0.9230769230769231,0.7~1.0%,912,97900.0,1.186362264909987,1.0~1.5x,1.202327802636519,1.2~1.5x,09:11~09:20,3.8815117466802773,927,-0.3064351378958108,913,920,922,,,0.5107252298263587,1.9407558733401498,2.2471910112359605,2.5536261491317713,close,922,99800.0,take_profit,1.2000306435137964,921,99368.49999999999,take_profit,0.7592747701736369
2026-07-10,2,opening_rebreak_v1,baseline,31,Top21~50,073240,금호타이어,5.000000000000004,False,5~7%,0.8995502248875562,0.7~1.0%,914,6840.0,1.205494062714797,1.0~1.5x,1.2474401496171272,1.2~1.5x,09:11~09:20,3.0701754385964897,919,-3.0701754385964897,940,915,918,917,922,2.4853801169590684,0.0,0.29239766081872176,-0.43859649122807154,close,918,7020.0,take_profit,1.6705847953216457,917,6771.6,stop,-1.9609941520467733
2026-07-10,2,opening_rebreak_v1,baseline,37,Top21~50,000150,두산,3.906899418121368,False,3~4%,0.31545741324921134,0.3~0.5%,905,1275000.0,1.8326359832635983,1.5~2.0x,1.8485845559027594,1.5~2.0x,09:03~09:10,5.803921568627457,921,-0.9411764705882342,907,906,909,,,1.0196078431372602,2.431372549019617,4.705882352941182,3.607843137254907,close,908,1296000.0,take_profit,1.0249019607843035,908,1294124.9999999998,take_profit,0.8778431372548922
2026-07-10,2,opening_rebreak_v1,baseline,52,Top51~100,010140,삼성중공업,2.1479713603818507,False,2~3%,0.4514672686230248,0.3~0.5%,910,22250.0,3.0800169149086125,2.0x+,3.1030922055587,2.0x+,09:03~09:10,1.573033707865168,913,-0.8988764044943864,921,912,,,,0.22471910112360494,-0.22471910112359383,0.6741573033707926,-0.22471910112359383,close,930,22400.0,time_exit,-0.679438202247185,913,22583.749999999996,take_profit,0.14640449438201264
2026-07-10,2,opening_rebreak_v1,baseline,53,Top51~100,005490,POSCO홀딩스,2.3569023569023573,False,2~3%,0.3189792663476874,0.3~0.5%,912,315500.0,2.1924107142857143,2.0x+,2.213457857142857,2.0x+,09:11~09:20,1.5847860538827252,928,-0.9508716323296307,918,928,,,,-0.7923930269413626,-0.47543581616481534,1.1093502377178988,0.31695721077653616,close,930,320000.0,time_exit,0.4039144215530941,928,320232.49999999994,take_profit,0.4776069730586272
2026-07-10,2,opening_rebreak_v1,baseline,57,Top51~100,373220,LG에너지솔루션,3.0303030303030276,False,3~4%,0.3021148036253776,0.3~0.5%,928,331500.0,2.197952218430034,2.0x+,2.2067640979867513,2.0x+,09:21~09:30,0.3016591251885359,930,-1.2066365007541435,958,,,932,,-0.4524886877828038,-0.15082956259426794,-0.4524886877828038,-1.0558069381598756,close,930,332000.0,time_exit,-0.8333182503770744,930,332000.0,time_exit,-0.8333182503770744
2026-07-10,2,opening_rebreak_v1,baseline,72,Top51~100,316140,우리금융지주,3.4941763727121433,False,3~4%,0.3076923076923077,0.3~0.5%,918,32650.0,4.700813786500718,2.0x+,4.73708549781631,2.0x+,09:11~09:20,0.7656967840734996,923,-2.143950995405819,940,,,930,940,0.45941807044409533,-0.45941807044410643,-1.6845329249617125,-1.8376722817764146,close,930,32350.0,time_exit,-1.9145329249617198,930,32323.5,stop,-1.9956967840735078
2026-07-10,2,opening_rebreak_v1,baseline,75,Top51~100,247540,에코프로비엠,2.0627802690583064,False,2~3%,0.5977944940437457,0.5~0.7%,905,115946.0,4.771402550091075,2.0x+,4.828791984435966,2.0x+,09:03~09:10,2.54687526952202,928,-1.188484294412917,923,907,928,918,,0.5942421472064474,0.33895089093198827,0.42433546651026166,1.442913080226993,close,926,117717.0,take_profit,0.8661999551515394,918,114786.54,stop,-1.6612352301933668
2026-07-10,2,opening_rebreak_v1,baseline,89,Top51~100,051910,LG화학,3.1809145129224614,False,3~4%,0.5474452554744526,0.5~0.7%,912,275000.0,2.45085910652921,2.0x+,2.4733440524606705,2.0x+,09:11~09:20,0.1818181818181719,913,-2.1818181818181848,921,,,914,918,-1.8181818181818188,-1.8181818181818188,-1.4545454545454528,-1.2727272727272698,close,914,272000.0,stop,-2.229999999999996,914,272250.0,stop,-2.13909090909091
2026-07-10,2,opening_rebreak_v1,baseline,98,Top51~100,018260,삼성에스디에스,3.292618162506633,False,3~4%,0.7444168734491315,0.7~1.0%,919,202000.0,1.7117384843982169,1.5~2.0x,1.7229973369400233,1.5~2.0x,09:11~09:20,0.4950495049504955,937,-1.2871287128712883,923,,,923,,-0.7425742574257432,-0.7425742574257432,0.24752475247524774,0.24752475247524774,close,927,199700.0,stop,-2.606237623762377,923,199980.0,stop,-2.4676237623762383
2026-07-10,2,opening_rebreak_v1,baseline,99,Top51~100,090430,아모레퍼시픽,4.557179707652614,False,4~5%,0.398406374501992,0.3~0.5%,908,126500.0,2.5218886087554435,2.0x+,2.5469562518733277,2.0x+,09:03~09:10,1.8181818181818077,916,-1.8181818181818188,926,913,,922,,0.7905138339920903,1.4229249011857625,-1.0276679841897285,-1.4229249011857736,close,915,128500.0,take_profit,0.9557707509881331,915,128397.49999999999,take_profit,0.8747430830039428
2026-07-13,2,opening_rebreak_v1,baseline,13,Top1~20,006400,삼성SDI,2.073732718894017,False,2~3%,0.5561735261401557,0.5~0.7%,910,465000.0,1.8172812328013208,1.5~2.0x,1.8904603428470117,1.5~2.0x,09:03~09:10,3.548387096774186,923,-0.9677419354838679,911,913,916,,,1.8279569892473146,1.1827956989247213,2.3655913978494647,1.3978494623655857,close,915,473500.0,take_profit,1.0603225806451642,915,471974.99999999994,take_profit,0.7323655913978396
2026-07-13,2,opening_rebreak_v1,baseline,15,Top1~20,319660,피에스케이,4.012671594508976,False,4~5%,0.4513540621865597,0.3~0.5%,924,205000.0,1.7173008323424495,1.5~2.0x,1.7735348646357791,1.5~2.0x,09:21~09:30,1.4634146341463428,926,-5.36585365853659,948,926,,929,931,-0.7317073170731714,-2.536585365853661,-4.146341463414638,-4.829268292682931,close,930,203500.0,time_exit,-2.1812195121951223,929,202950.0,stop,-2.449512195121952
2026-07-13,2,opening_rebreak_v1,baseline,20,Top1~20,095610,테스,6.865503657850303,False,5~7%,0.8481110254433308,0.7~1.0%,920,195300.0,1.29541005003263,1.0~1.5x,1.3115271268604076,1.2~1.5x,09:11~09:20,2.2017409114183373,938,-1.6897081413210446,933,923,928,921,,1.024065540194563,0.0,0.5120327700972815,1.5360983102918668,close,926,198600.0,take_profit,1.2036917562723906,921,193347.0,stop,-1.4860163850486439
2026-07-13,2,opening_rebreak_v1,baseline,24,Top21~50,024060,흥구석유,6.457564575645747,False,5~7%,0.7518796992481203,0.7~1.0%,918,12290.0,3.751967452277724,2.0x+,3.918817446794494,2.0x+,09:11~09:20,1.708706265256299,919,-3.9056143205858374,926,919,,920,921,-2.8478437754271724,-3.0919446704637865,0.0,-2.929210740439381,close,920,12110.0,stop,-2.101440195280721,919,12474.349999999999,take_profit,0.8631651749389649
2026-07-13,2,opening_rebreak_v1,baseline,47,Top21~50,010950,S-Oil,3.557910673732012,False,3~4%,0.43227665706051877,0.3~0.5%,909,139700.0,1.7555873925501433,1.5~2.0x,1.7746422484750726,1.5~2.0x,09:03~09:10,0.0,910,-2.0758768790264837,917,,,916,917,-0.5010737294201872,-1.2884753042233354,-0.14316392269148048,-0.35790980672870676,close,916,137400.0,stop,-2.2342949176807467,916,138303.0,stop,-1.5879098067287054
2026-07-13,2,opening_rebreak_v1,baseline,48,Top21~50,089970,브이엠,2.5145067698259194,False,2~3%,0.8241758241758242,0.7~1.0%,927,111000.0,2.0217983651226157,2.0x+,2.0722033105134843,2.0x+,09:21~09:30,0.09009009009008917,928,-6.3063063063063085,957,,,928,929,-3.1531531531531543,-3.1531531531531543,-5.765765765765762,-6.216216216216219,close,929,108400.0,stop,-3.0227927927927913,928,109890.0,stop,-1.6804504504504514
2026-07-13,2,opening_rebreak_v1,baseline,76,Top51~100,058470,리노공업,2.7100271002709952,False,2~3%,0.5063291139240507,0.5~0.7%,910,79200.0,1.35560236733875,1.0~1.5x,1.363907305528526,1.2~1.5x,09:03~09:10,1.6414141414141437,928,-1.388888888888884,934,926,,933,,0.0,0.37878787878788955,0.12626262626262985,-1.388888888888884,close,930,79300.0,time_exit,-0.7350505050505014,926,80387.99999999999,take_profit,0.638686868686859
2026-07-13,2,opening_rebreak_v1,baseline,79,Top51~100,161890,한국콜마,5.070422535211261,False,5~7%,0.7092198581560284,0.7~1.0%,918,112900.0,2.2782277274892806,2.0x+,2.296534914585177,2.0x+,09:11~09:20,3.8086802480070903,948,-0.44286979627989886,919,930,938,,,0.08857395925598865,0.08857395925598865,2.037201062887517,3.5429583702391465,close,930,114150.0,time_exit,0.4343046944198312,930,114150.0,time_exit,0.4343046944198312
2026-07-13,2,opening_rebreak_v1,baseline,80,Top51~100,003280,흥아해운,6.235565819861422,False,5~7%,0.9040683073832245,0.7~1.0%,918,1992.0,1.2313223193022205,1.0~1.5x,1.2554304386681245,1.2~1.5x,09:11~09:20,0.3514056224899642,919,-5.020080321285136,946,,,919,920,-2.510040160642568,-2.7610441767068283,-2.30923694779116,-4.417670682730924,close,920,1946.0,stop,-2.790240963855417,919,1972.08,stop,-1.481004016064258
2026-07-13,2,opening_rebreak_v1,baseline,88,Top51~100,031980,피에스케이홀딩스,5.359765051395016,False,5~7%,0.5483207676490748,0.5~0.7%,906,147300.0,1.5799035965888024,1.5~2.0x,1.6038580274123404,1.5~2.0x,09:03~09:10,7.807196198234889,928,-0.20366598778004397,907,907,909,,,2.3761031907671315,4.344874405974197,7.535641547861505,6.585200271554648,close,908,150000.0,take_profit,1.263550577053628,908,149509.5,take_profit,0.9305566870332557
2026-07-13,2,opening_rebreak_v1,baseline,99,Top51~100,010060,OCI홀딩스,3.3872598584428815,False,3~4%,0.904977375565611,0.7~1.0%,912,223000.0,1.6695139911634758,1.5~2.0x,1.7013758115080353,1.5~2.0x,09:11~09:20,0.6726457399103047,923,-3.58744394618834,919,,,913,913,-2.914798206278024,-0.22421524663677195,-1.5695067264574036,-0.4484304932735439,close,913,218500.0,stop,-3.3690134529147926,913,220770.0,stop,-2.351076233183857
2026-07-14,2,opening_rebreak_v1,baseline,68,Top51~100,003280,흥아해운,6.353749284487686,False,5~7%,0.8205128205128205,0.7~1.0%,907,1960.0,1.9545840054144503,1.5~2.0x,1.9725763774820029,1.5~2.0x,09:03~09:10,0.10204081632652073,908,-5.765306122448976,937,,,908,908,-3.5204081632653095,-2.857142857142858,-1.8367346938775508,-5.000000000000004,close,910,1905.0,stop,-3.2912244897959133,908,1940.4,stop,-1.4851020408163276
2026-07-15,2,opening_rebreak_v1,baseline,12,Top1~20,475150,SK이터닉스,2.868852459016402,False,2~3%,0.7797270955165692,0.7~1.0%,927,51500.0,1.371715440186115,1.0~1.5x,1.387884973862179,1.2~1.5x,09:21~09:30,0.5825242718446644,950,-3.1067961165048508,938,,,929,932,-1.9417475728155331,-2.9126213592232997,-1.9417475728155331,0.0,close,929,50900.0,stop,-2.3659223300970846,929,50985.0,stop,-2.200873786407768
2026-07-15,2,opening_rebreak_v1,baseline,13,Top1~20,006400,삼성SDI,3.157894736842115,False,3~4%,0.8898776418242491,0.7~1.0%,911,452000.0,2.437936673108369,2.0x+,2.4621545213873266,2.0x+,09:11~09:20,2.488938053097356,928,-0.6637168141592875,915,922,922,,,0.22123893805310324,0.7743362831858391,1.327433628318575,0.6637168141592875,close,922,459500.0,take_profit,0.8761946902654866,922,458779.99999999994,take_profit,0.7169026548672469
2026-07-15,2,opening_rebreak_v1,baseline,17,Top1~20,006340,대원전선,2.9803921568627434,False,2~3%,0.37537537537537535,0.3~0.5%,922,13495.0,1.219917171660327,1.0~1.5x,1.2406015246085993,1.2~1.5x,09:21~09:30,0.7780659503519916,923,-3.445720637273064,942,,,924,926,-1.8154872174879544,-1.7413856984068166,-2.7047054464616527,-2.8529084846239394,close,924,13300.0,stop,-2.04548721748796,924,13360.05,stop,-1.6005075954057069
2026-07-15,2,opening_rebreak_v1,baseline,18,Top1~20,012450,한화에어로스페이스,4.931192660550465,False,4~5%,0.6486486486486486,0.5~0.7%,911,929000.0,2.630272952853598,2.0x+,2.650241298431818,2.0x+,09:11~09:20,0.43057050592034685,912,-1.3993541442411161,919,,,915,,-0.753498385360607,-0.753498385360607,-0.753498385360607,-0.9687836383207804,close,915,918000.0,stop,-1.9522820236813732,915,919710.0,stop,-1.7682131324004313
2026-07-15,2,opening_rebreak_v1,baseline,22,Top21~50,034020,두산에너빌리티,2.961918194640334,False,2~3%,0.6793478260869565,0.5~0.7%,911,74100.0,1.3487552510643097,1.0~1.5x,1.3672060752922757,1.2~1.5x,09:11~09:20,0.26990553306343035,914,-1.619433198380571,941,,,930,,0.0,-0.26990553306343035,-1.0796221322537103,-1.5519568151147078,close,930,73600.0,time_exit,-1.5795276653171344,930,73359.0,stop,-1.9047638326585705
2026-07-15,2,opening_rebreak_v1,baseline,23,Top21~50,403870,HPSP,5.714285714285716,False,5~7%,0.8849557522123894,0.7~1.0%,922,45550.0,2.6673886883273163,2.0x+,2.7120436328863677,2.0x+,09:21~09:30,2.6344676180021898,930,-1.207464324917673,923,928,929,923,,-0.1097694840834218,1.317233809001106,0.7683863885839637,1.7563117453347932,close,929,46500.0,take_profit,1.3067727771679456,923,45094.5,stop,-1.778847420417125
2026-07-15,2,opening_rebreak_v1,baseline,24,Top21~50,032830,삼성생명,5.835962145110418,False,5~7%,0.5899705014749262,0.5~0.7%,911,340000.0,1.9106422587651257,1.5~2.0x,1.9249606268083397,1.5~2.0x,09:11~09:20,1.0294117647058787,920,-1.17647058823529,940,920,,926,,0.4411764705882337,0.588235294117645,-0.7352941176470562,-1.0294117647058787,close,930,338000.0,time_exit,-1.5535294117647038,926,336600.0,stop,-1.9652941176470597
2026-07-15,2,opening_rebreak_v1,baseline,32,Top21~50,012330,현대모비스,3.862660944205998,False,3~4%,0.7157464212678937,0.7~1.0%,911,493000.0,1.2875920084121977,1.0~1.5x,1.3035083372335252,1.2~1.5x,09:11~09:20,0.10141987829614951,912,-2.535496957403649,941,,,915,937,-1.0141987829614618,-1.2170385395537497,-1.6227180527383367,-2.4340770791075106,close,915,487000.0,stop,-1.95413793103448,915,488070.0,stop,-1.7370993914807311
2026-07-15,2,opening_rebreak_v1,baseline,33,Top21~50,042660,한화오션,2.213541666666674,False,2~3%,0.4889975550122249,0.3~0.5%,911,82100.0,1.700312740787744,1.5~2.0x,1.7149345948240025,1.5~2.0x,09:11~09:20,1.218026796589533,918,-1.705237515225333,941,917,,930,,0.730816077953711,0.8526187576126665,-1.0962241169305775,-1.705237515225333,close,930,81400.0,time_exit,-1.691632155907429,930,81279.0,stop,-1.8390133982947634
2026-07-15,2,opening_rebreak_v1,baseline,37,Top21~50,035420,NAVER,2.6200873362445476,False,2~3%,0.36649214659685864,0.3~0.5%,911,191700.0,1.5453788917172508,1.5~2.0x,1.5549189340211953,1.5~2.0x,09:11~09:20,0.10432968179447943,912,-1.304121022430882,930,,,924,,-0.20865936358893666,-0.41731872717788443,-1.0432968179447055,-0.8868022952529975,close,927,189700.0,stop,-1.5341210224308819,924,189783.0,stop,-1.4908242044861773
2026-07-15,2,opening_rebreak_v1,baseline,39,Top21~50,096770,SK이노베이션,2.2878932316491962,False,2~3%,0.45871559633027525,0.3~0.5%,911,110100.0,2.271204466897102,2.0x+,2.2992469484635514,2.0x+,09:11~09:20,0.0,912,-1.816530426884655,941,,,915,,-0.544959128065392,-0.36330608537693543,-0.9082652134423275,-1.6348773841961872,close,924,108600.0,stop,-2.0465304268846483,915,108999.0,stop,-1.6841326067211635
2026-07-15,2,opening_rebreak_v1,baseline,44,Top21~50,086520,에코프로,3.1605562579013924,False,3~4%,0.7882882882882882,0.7~1.0%,922,89100.0,2.137758021213855,2.0x+,2.1620231519881328,2.0x+,09:21~09:30,0.0,923,-2.3569023569023573,938,,,923,935,-1.4590347923681302,-1.0101010101010055,-1.122334455667784,-1.4590347923681302,close,924,87900.0,stop,-2.1379685746352464,923,88209.0,stop,-1.7911672278338955
2026-07-15,2,opening_rebreak_v1,baseline,45,Top21~50,079550,LIG디펜스앤에어로스페이스,2.556390977443601,False,2~3%,0.9971509971509971,0.7~1.0%,911,713000.0,3.489563567362429,2.0x+,3.5617316899256393,2.0x+,09:11~09:20,2.384291725105192,935,-0.5610098176718092,915,931,935,,,0.28050490883591017,0.28050490883591017,0.9817671809256634,1.2622720897615736,close,930,718000.0,time_exit,-0.2300000000000083,930,718000.0,time_exit,-0.2300000000000083
2026-07-15,2,opening_rebreak_v1,baseline,48,Top21~50,064350,현대로템,2.841596130592494,False,2~3%,0.46511627906976744,0.3~0.5%,911,172700.0,2.920060988891309,2.0x+,2.9422327796648813,2.0x+,09:11~09:20,0.4053271569195216,912,-2.779386218876667,939,,,915,926,-0.9843659525188175,-1.158077591198614,-2.431962941517085,-2.7214823393167387,close,915,170700.0,stop,-1.6775969889982667,915,170973.0,stop,-1.5195193977996535
2026-07-15,2,opening_rebreak_v1,baseline,50,Top21~50,347850,디앤디파마텍,3.4916201117318524,False,3~4%,0.6640106241699867,0.5~0.7%,910,76400.0,1.8225303577289136,1.5~2.0x,1.8615149643113504,1.5~2.0x,09:03~09:10,2.8795811518324665,938,-1.7015706806282727,921,912,917,921,,0.7853403141361293,-0.5235602094240788,-0.7853403141361293,1.7015706806282616,close,921,75300.0,stop,-2.3242408376963377,912,77545.99999999999,take_profit,0.6155497382198856
2026-07-15,2,opening_rebreak_v1,baseline,56,Top51~100,087010,펩트론,4.6363636363636385,False,4~5%,0.40716612377850164,0.3~0.5%,909,125100.0,1.236986744261235,1.0~1.5x,1.265306964080789,1.2~1.5x,09:03~09:10,6.2350119904076795,933,-0.7194244604316502,922,910,912,,,1.1191047162270262,1.5987210231814597,1.9984012789768135,4.076738609112707,close,912,129100.0,take_profit,2.567761790567556,912,126976.49999999999,take_profit,0.8703197442046265
2026-07-15,2,opening_rebreak_v1,baseline,61,Top51~100,222800,심텍,6.111111111111112,False,5~7%,0.34393809114359414,0.3~0.5%,928,117600.0,1.476178078625358,1.0~1.5x,1.497830388665592,1.2~1.5x,09:21~09:30,5.272108843537415,958,-1.1054421768707523,937,934,940,937,,0.7653061224489832,1.4455782312925214,1.7006802721088343,5.102040816326525,close,930,117500.0,time_exit,-0.7402040816326559,930,117500.0,time_exit,-0.7402040816326559
2026-07-15,2,opening_rebreak_v1,baseline,62,Top51~100,006800,미래에셋증권,4.129032258064513,False,4~5%,0.9478672985781991,0.7~1.0%,911,42300.0,1.7083592009641018,1.5~2.0x,1.721609587170681,1.5~2.0x,09:11~09:20,0.35460992907800915,912,-1.891252955082745,928,,,915,,-0.9456264775413725,-1.0638297872340385,-1.1820330969267157,-1.654846335697402,close,915,41850.0,stop,-1.8848463356973955,915,41877.0,stop,-1.8210165484633578
2026-07-15,2,opening_rebreak_v1,baseline,66,Top51~100,009830,한화솔루션,3.8525963149078635,False,3~4%,0.6299212598425197,0.5~0.7%,913,31850.0,3.3128770901568694,2.0x+,3.344378298621119,2.0x+,09:11~09:20,0.15698587127157548,914,-2.8257456828885363,938,,,915,918,-2.197802197802201,-2.0408163265306145,-2.0408163265306145,-2.5117739403453743,close,915,31500.0,stop,-2.1138304552590226,915,31531.5,stop,-2.0149293563579285
2026-07-15,2,opening_rebreak_v1,baseline,72,Top51~100,036540,SFA반도체,3.7735849056603765,False,3~4%,0.8278145695364238,0.7~1.0%,917,6170.0,2.6929901420228344,2.0x+,2.803135784015219,2.0x+,09:11~09:20,4.700162074554304,935,-2.7552674230145846,922,924,934,918,921,0.6482982171799101,-0.648298217179899,1.944894651539708,3.7277147487844386,close,919,6105.0,stop,-2.093857374392221,918,6108.3,stop,-2.040372771474879
2026-07-15,2,opening_rebreak_v1,baseline,73,Top51~100,028050,삼성E&A,3.8605230386052236,False,3~4%,0.4618937644341801,0.3~0.5%,911,43400.0,1.2484185984291092,1.0~1.5x,1.255360835248138,1.2~1.5x,09:11~09:20,1.0368663594469973,914,-1.497695852534564,937,914,,923,,0.23041474654377225,-0.5760368663594417,-1.2672811059907807,-1.382488479262678,close,923,42850.0,stop,-2.0733179723502277,923,42966.0,stop,-1.806036866359448
2026-07-15,2,opening_rebreak_v1,baseline,75,Top51~100,016360,삼성증권,4.121687929342488,False,4~5%,0.8264462809917356,0.7~1.0%,916,109100.0,1.8631565560218746,1.5~2.0x,1.8732574989369777,1.5~2.0x,09:11~09:20,1.6498625114573784,936,-0.45829514207149646,926,933,,,,0.274977085242889,-0.09165902841430373,1.466544454628771,0.7332722273143855,close,930,109000.0,time_exit,-0.7799541704857977,930,109000.0,time_exit,-0.7799541704857977
2026-07-15,2,opening_rebreak_v1,baseline,76,Top51~100,047040,대우건설,2.969046114971574,False,2~3%,0.3582089552238806,0.3~0.5%,911,16850.0,1.5384324501474778,1.5~2.0x,1.5531807540434392,1.5~2.0x,09:11~09:20,0.3560830860534159,916,-2.0178041543026715,932,,,922,932,-0.05934718100890635,-0.8902077151335286,-1.6023738872403603,-1.364985163204746,close,925,16650.0,stop,-1.7136795252225485,922,16681.5,stop,-1.5267359050445113
2026-07-15,2,opening_rebreak_v1,baseline,79,Top51~100,064400,LG씨엔에스,3.0303030303030276,False,3~4%,0.5830903790087464,0.5~0.7%,912,68900.0,2.215338388896838,2.0x+,2.2380764662022306,2.0x+,09:11~09:20,1.3062409288824295,921,-1.0159651669085612,942,914,,942,,0.8708272859216271,0.4354136429608024,-0.14513788098693414,-0.7256894049346929,close,930,68800.0,time_exit,-1.1008272859216222,930,68800.0,time_exit,-1.1008272859216222
2026-07-15,2,opening_rebreak_v1,baseline,80,Top51~100,071050,한국금융지주,4.849884526558901,False,4~5%,0.4319654427645789,0.3~0.5%,911,232000.0,2.9187547456340166,2.0x+,2.937748811223826,2.0x+,09:11~09:20,0.6465517241379226,912,-1.2931034482758674,924,,,923,,0.0,0.0,-0.4310344827586188,0.0,close,926,229500.0,stop,-2.3851724137931045,923,229680.0,stop,-2.307586206896553
2026-07-15,2,opening_rebreak_v1,baseline,83,Top51~100,440110,파두,4.207573632538564,False,4~5%,0.9333333333333335,0.7~1.0%,925,75300.0,1.6131013306038895,1.5~2.0x,1.6489030894000225,1.5~2.0x,09:21~09:30,4.3824701195219085,953,-0.6640106241699861,927,939,947,,,0.13280212483399723,0.9296148738379806,0.7968127490039834,3.7184594953519223,close,930,75400.0,time_exit,-0.7612084993359894,930,75400.0,time_exit,-0.7612084993359894
2026-07-15,2,opening_rebreak_v1,baseline,84,Top51~100,058470,리노공업,3.69357045143639,False,3~4%,0.6544502617801047,0.5~0.7%,915,76700.0,2.097361809045226,2.0x+,2.1194683893777184,2.0x+,09:11~09:20,0.6518904823989535,922,-1.04302477183833,921,,,921,,-0.9126466753585416,0.0,-0.2607561929595881,-0.2607561929595881,close,930,76400.0,time_exit,-1.2730247718383336,921,75933.0,stop,-1.881890482398958
2026-07-15,2,opening_rebreak_v1,baseline,90,Top51~100,247540,에코프로비엠,3.1083481349911235,False,3~4%,0.33055355135325604,0.3~0.5%,907,119292.0,1.78149300155521,1.5~2.0x,1.7872444408474766,1.5~2.0x,09:03~09:10,2.3102974214532335,914,-0.16514099855815534,908,911,914,,,1.4024410689736033,1.650571706401105,1.320289709284772,1.0729973510377855,close,913,121261.0,take_profit,1.0014321161519684,912,121081.37999999999,take_profit,0.8508604097508536
2026-07-15,2,opening_rebreak_v1,baseline,98,Top51~100,006360,GS건설,2.678571428571419,False,2~3%,0.6578947368421052,0.5~0.7%,914,30450.0,2.0756880733944953,2.0x+,2.092870921684185,2.0x+,09:11~09:20,0.49261083743843415,917,-2.298850574712641,929,,,922,925,-0.49261083743842304,-1.8062397372742178,-0.9852216748768461,-1.8062397372742178,close,922,30000.0,stop,-2.528850574712642,922,30145.5,stop,-2.0510180623973735
2026-07-16,2,opening_rebreak_v1,baseline,18,Top1~20,004310,현대약품,4.32190760059612,False,4~5%,0.8264462809917356,0.7~1.0%,910,7590.0,1.5196607401252167,1.5~2.0x,1.6019756968819994,1.5~2.0x,09:03~09:10,7.641633728590258,932,-3.0303030303030276,915,911,918,915,915,-0.6587615283267456,2.898550724637672,4.216073781291163,3.6890645586297843,close,917,7460.0,stop,-2.601541501976282,915,7514.1,stop,-1.8887615283267354
2026-07-16,2,opening_rebreak_v1,baseline,32,Top21~50,017670,SK텔레콤,2.35294117647058,False,2~3%,0.5482456140350876,0.5~0.7%,911,92500.0,1.4728001441051968,1.0~1.5x,1.5020288128967,1.5~2.0x,09:11~09:20,0.864864864864856,915,-3.0270270270270294,933,,,915,926,-0.540540540540535,-0.324324324324321,-1.9459459459459483,-2.4864864864864833,close,924,91100.0,stop,-2.2840540540540495,915,91575.0,stop,-1.7705405405405414
2026-07-20,2,opening_rebreak_v1,baseline,58,Top51~100,320000,한울반도체,4.740061162079501,False,4~5%,0.967741935483871,0.7~1.0%,917,16300.0,4.019013680879165,2.0x+,4.468701848499172,2.0x+,09:11~09:20,4.294478527607359,927,-3.9877300613496924,924,926,926,918,918,-2.5766871165644134,4.294478527607359,4.294478527607359,4.294478527607359,close,918,15990.0,stop,-2.438588957055215,918,16137.0,stop,-1.5367484662576696
2026-07-22,2,opening_rebreak_v1,baseline,8,Top1~20,066570,LG전자,3.9260969976905313,False,3~4%,0.7103825136612022,0.7~1.0%,911,184700.0,4.7999677106877625,2.0x+,4.879218691051347,2.0x+,09:11~09:20,3.356794802382246,920,0.05414185165133478,912,912,915,,,1.5701136978884644,2.2739577693557056,1.8949648077964287,1.6783974011911118,close,914,188000.0,take_profit,1.285971846237149,914,187470.49999999997,take_profit,0.9992907417433579
2026-07-22,2,opening_rebreak_v1,baseline,18,Top1~20,035420,NAVER,2.4870466321243567,False,2~3%,0.3010536879076769,0.3~0.5%,918,199600.0,3.333990925231801,2.0x+,3.347502060904325,2.0x+,09:11~09:20,0.45090180360720655,919,-1.1523046092184352,947,,,946,,0.0,-0.25050100200401104,-0.6513026052104243,-0.9018036072144242,close,930,199800.0,time_exit,-0.38030060120239917,930,199800.0,time_exit,-0.38030060120239917
2026-07-22,2,opening_rebreak_v1,baseline,22,Top21~50,353200,대덕전자,4.647302904564321,False,4~5%,0.3053435114503817,0.3~0.5%,911,132000.0,2.105669083717864,2.0x+,2.128241340358025,2.0x+,09:11~09:20,4.015151515151505,921,-0.7575757575757569,932,913,916,,,3.0303030303030276,3.409090909090917,0.8333333333333304,0.60606060606061,close,915,134100.0,take_profit,0.9821212121212085,915,133980.0,take_profit,0.8912121212121115
2026-07-22,2,opening_rebreak_v1,baseline,26,Top21~50,011070,LG이노텍,4.451510333863284,False,4~5%,0.8915304606240713,0.7~1.0%,920,678000.0,1.2453237410071942,1.0~1.5x,1.265861313947343,1.2~1.5x,09:11~09:20,0.7374631268436627,921,-2.8023598820059004,947,,,927,938,0.0,-0.7374631268436627,-1.7699115044247815,-2.0648967551622377,close,927,671000.0,stop,-1.9999115044247766,927,671220.0,stop,-1.9674631268436586
2026-07-22,2,opening_rebreak_v1,baseline,30,Top21~50,000150,두산,6.3223508459483435,False,5~7%,0.64,0.5~0.7%,911,1267000.0,1.424929178470255,1.0~1.5x,1.4536113277953406,1.2~1.5x,09:11~09:20,2.0520915548539964,936,-1.1838989739542227,912,916,936,912,,0.7892659826361559,1.7363851617995252,1.3417521704814472,1.7363851617995252,close,918,1287000.0,take_profit,0.9538989739542153,912,1254330.0,stop,-1.6246329913180753
2026-07-22,2,opening_rebreak_v1,baseline,57,Top51~100,373220,LG에너지솔루션,2.208201892744488,False,2~3%,0.30120481927710846,0.3~0.5%,920,332500.0,1.9692874692874693,1.5~2.0x,1.9782117327434547,1.5~2.0x,09:11~09:20,0.3007518796992459,930,-1.2030075187969946,947,,,937,,-0.4511278195488688,0.0,-0.6015037593984918,-0.9022556390977488,close,930,332500.0,time_exit,-0.9818796992481202,930,332500.0,time_exit,-0.9818796992481202
2026-07-22,2,opening_rebreak_v1,baseline,59,Top51~100,064400,LG씨엔에스,3.6799999999999944,False,3~4%,0.3058103975535168,0.3~0.5%,911,66150.0,4.6934868465091375,2.0x+,4.757098971446576,2.0x+,09:11~09:20,1.7384731670445852,920,-0.8314436885865417,936,914,,,,0.5291005291005346,0.8314436885865417,0.22675736961450532,-0.07558578987150177,close,919,67200.0,take_profit,0.6014436885865401,919,67142.25,take_profit,0.5141421012849486
2026-07-22,2,opening_rebreak_v1,baseline,62,Top51~100,047040,대우건설,2.3648648648648685,False,2~3%,0.3190810465858328,0.3~0.5%,911,15860.0,10.730654500789612,2.0x+,10.895530114118007,2.0x+,09:11~09:20,1.4501891551071955,917,-1.387137452711218,925,917,,925,,0.2522068095838659,0.4413619167717542,-0.8827238335435084,-1.0088272383354302,close,930,15750.0,time_exit,-1.2388272383354324,925,15701.4,stop,-1.5452585119798243
2026-07-22,2,opening_rebreak_v1,baseline,63,Top51~100,009540,HD한국조선해양,2.3668639053254337,False,2~3%,0.4231311706629055,0.3~0.5%,914,355000.0,1.2736196319018405,1.0~1.5x,1.280835607153409,1.2~1.5x,09:11~09:20,0.5633802816901401,929,-0.7042253521126751,920,,,,,-0.14084507042253502,-0.7042253521126751,0.14084507042253502,0.0,close,930,356500.0,time_exit,-0.511690140845071,930,356500.0,time_exit,-0.511690140845071
2026-07-22,2,opening_rebreak_v1,baseline,69,Top51~100,413630,씨피시스템,2.0740740740740726,False,2~3%,0.7153075822603719,0.7~1.0%,913,3505.0,1.6122759282970551,1.5~2.0x,1.6319945910820222,1.5~2.0x,09:11~09:20,0.14265335235377208,914,-3.1383737517831634,933,,,915,917,-1.4265335235377985,-1.4265335235377985,-2.4251069900142697,-1.1412268188302432,close,915,3450.0,stop,-2.5124536376604834,915,3469.95,stop,-1.9432667617689026
2026-07-22,2,opening_rebreak_v1,baseline,74,Top51~100,006800,미래에셋증권,2.550335570469797,False,2~3%,0.5161290322580645,0.5~0.7%,911,38850.0,6.456851429338344,2.0x+,6.493819388239562,2.0x+,09:11~09:20,0.38610038610038533,916,-1.6731016731016735,937,,,932,,0.38610038610038533,-0.2574002574002532,-0.7722007722007707,-1.029601029601035,close,930,38650.0,time_exit,-1.3883011583011609,930,38650.0,time_exit,-1.3883011583011609
2026-07-22,2,opening_rebreak_v1,baseline,76,Top51~100,001820,삼화콘덴서,4.566744730679151,False,4~5%,0.411522633744856,0.3~0.5%,914,98200.0,2.4932683677394536,2.0x+,2.529328034215024,2.0x+,09:11~09:20,0.0,917,-5.295315682281054,932,,,917,918,-2.647657841140527,-3.258655804480648,-4.582484725050917,-5.193482688391038,close,917,96600.0,stop,-2.368492871690431,917,97218.0,stop,-1.7391649694501026
2026-07-22,2,opening_rebreak_v1,baseline,77,Top51~100,332570,PS일렉트로닉스,4.96240601503759,False,4~5%,0.7072135785007072,0.7~1.0%,910,7080.0,1.5095585900285804,1.5~2.0x,1.5251948467731538,1.5~2.0x,09:03~09:10,0.5649717514124353,911,-1.836158192090398,940,,,918,,-0.14124293785310327,0.28248587570620654,-0.5649717514124242,-1.6949152542372836,close,925,6990.0,stop,-2.2074011299434995,918,7009.2,stop,-1.9362146892655376
2026-07-22,2,opening_rebreak_v1,baseline,78,Top51~100,000720,현대건설,2.8784648187633266,False,2~3%,0.3048780487804878,0.3~0.5%,910,98600.0,1.643291447101743,1.5~2.0x,1.649820293243125,1.5~2.0x,09:03~09:10,1.2170385395537497,911,-0.6085192697768749,939,911,,,,0.40567951318457585,0.8113590263691739,0.20283975659229903,-0.30425963488843744,close,930,98800.0,time_exit,-0.5342596348884312,930,98800.0,time_exit,-0.5342596348884312
2026-07-22,2,opening_rebreak_v1,baseline,82,Top51~100,000810,삼성화재,2.4271844660194164,False,2~3%,0.46511627906976744,0.3~0.5%,911,649000.0,9.82394366197183,2.0x+,9.931058312491773,2.0x+,09:11~09:20,0.7704160246533087,913,-1.6949152542372836,934,,,923,,0.30816640986133237,-0.6163328197226536,-0.7704160246533087,-0.9244992295839749,close,927,642000.0,stop,-2.078998459167954,923,642510.0,stop,-2.0004160246533136
2026-07-22,2,opening_rebreak_v1,baseline,89,Top51~100,007660,이수페타시스,4.401805869074482,False,4~5%,0.7399577167019027,0.7~1.0%,911,94700.0,3.1380996028108767,2.0x+,3.1648352756782754,2.0x+,09:11~09:20,2.5343189017951406,941,-0.5279831045406524,919,926,937,,,0.21119324181626542,0.0,1.055966209081305,2.428722280887019,close,930,96250.0,take_profit,0.8787645195353857,930,96120.49999999999,take_profit,0.7420168954593356
2026-07-22,2,opening_rebreak_v1,baseline,92,Top51~100,012690,모나리자,3.0195381882770933,False,3~4%,0.39436619718309857,0.3~0.5%,913,1799.0,1.6996527437170155,1.5~2.0x,1.72945434725504,1.5~2.0x,09:11~09:20,4.724847137298505,924,-4.057809894385766,920,922,922,914,914,-1.3896609227348478,4.335742078932747,-1.0561423012784843,-1.4452473596442417,close,914,1753.0,stop,-3.0649082823791014,914,1781.01,stop,-1.5079321845469713
2026-07-22,2,opening_rebreak_v1,baseline,96,Top51~100,018260,삼성에스디에스,2.3498694516971286,False,2~3%,0.5985037406483791,0.5~0.7%,921,201500.0,1.6928969359331476,1.5~2.0x,1.7115842076795247,1.5~2.0x,09:21~09:30,0.496277915632759,926,-1.1414392059553302,939,,,938,,0.2481389578163684,0.3722084367245637,-0.2481389578163795,0.496277915632759,close,930,202500.0,time_exit,-0.974416873449127,930,202500.0,time_exit,-0.974416873449127
2026-07-23,2,opening_rebreak_v1,baseline,3,Top1~20,475150,SK이터닉스,4.0322580645161255,False,4~5%,0.697350069735007,0.5~0.7%,914,72600.0,1.4955525497818825,1.0~1.5x,1.5249594819405148,1.5~2.0x,09:11~09:20,3.0303030303030276,944,-2.3415977961432466,918,915,924,916,917,0.2754820936639035,2.066115702479343,-0.13774104683195176,2.892561983471076,close,916,71800.0,stop,-2.020633608815427,915,73689.0,take_profit,0.5812947658402106
2026-07-23,2,opening_rebreak_v1,baseline,4,Top1~20,009150,삼성전기,4.981412639405214,False,4~5%,0.3479471120389701,0.3~0.5%,906,1446000.0,1.4211229946524064,1.0~1.5x,1.4350166552146506,1.2~1.5x,09:03~09:10,2.0055325034578075,917,-2.1438450899031847,931,912,917,928,931,0.48409405255878113,1.7980636237897585,-0.20746887966804906,-0.6915629322268302,close,915,1468000.0,take_profit,0.9456569847856101,914,1467689.9999999998,take_profit,0.9242185338865739
2026-07-23,2,opening_rebreak_v1,baseline,7,Top1~20,035420,NAVER,3.8598273235144642,False,3~4%,0.4830917874396135,0.3~0.5%,908,208000.0,2.26347127121167,2.0x+,2.285446720446735,2.0x+,09:03~09:10,1.9230769230769162,927,-1.2019230769230727,915,919,,915,,-0.48076923076922906,0.7211538461538547,1.4423076923076872,1.4423076923076872,close,927,211500.0,take_profit,0.25076923076923574,915,205920.0,stop,-2.431923076923078
2026-07-23,2,opening_rebreak_v1,baseline,36,Top21~50,119850,지엔씨에너지,6.847360912981459,False,5~7%,0.5221932114882507,0.5~0.7%,918,38550.0,4.674425822470515,2.0x+,4.729635576279222,2.0x+,09:11~09:20,5.447470817120625,925,-0.12970168612191912,919,919,921,,,2.98313878080414,4.020752269779515,3.6316472114137577,3.3722438391699194,close,919,39200.0,take_profit,0.8076134889753507,919,39128.24999999999,take_profit,0.6214915693903923
2026-07-23,2,opening_rebreak_v1,baseline,41,Top21~50,267260,HD현대일렉트릭,2.6415094339622636,False,2~3%,0.7168458781362007,0.7~1.0%,916,838000.0,2.7778069944780435,2.0x+,2.786128888602141,2.0x+,09:11~09:20,0.5966587112171906,942,-1.0739856801909253,931,,,931,,-0.35799522673031214,-0.23866348448687846,0.0,0.4773269689737569,close,930,832000.0,time_exit,-1.542649164677808,930,832000.0,time_exit,-1.542649164677808
2026-07-23,2,opening_rebreak_v1,baseline,43,Top21~50,010060,OCI홀딩스,5.263157894736836,False,5~7%,0.9324009324009324,0.7~1.0%,907,216500.0,2.2563125297760838,2.0x+,2.309709181280062,2.0x+,09:03~09:10,2.5404157043879882,911,-3.6951501154734445,914,908,911,912,912,-1.8475750577367167,-1.1547344110854452,1.385681293302543,-0.9237875288683584,close,912,212500.0,stop,-3.2323094688221667,911,219747.49999999997,take_profit,0.11526558891453997
2026-07-23,2,opening_rebreak_v1,baseline,82,Top51~100,010170,대한광통신,2.378592666005952,False,2~3%,0.6685768863419294,0.5~0.7%,920,10510.0,1.5999238161747784,1.5~2.0x,1.6111001595741081,1.5~2.0x,09:11~09:20,1.3320647002854402,947,-1.3320647002854402,931,926,,931,,-0.19029495718363432,-0.9514747859181716,0.570884871550903,0.570884871550903,close,930,10410.0,time_exit,-1.6572121788772582,930,10410.0,time_exit,-1.6572121788772582
2026-07-23,2,opening_rebreak_v1,baseline,88,Top51~100,477850,마키나락스,3.0973451327433565,False,3~4%,0.9394572025052191,0.7~1.0%,915,24150.0,2.1790898795428806,2.0x+,2.2181252093134063,2.0x+,09:11~09:20,1.6563146997929712,918,-3.5196687370600444,940,917,,921,930,-0.20703933747412417,-0.8281573498964856,-1.8633540372670843,-1.2422360248447228,close,923,23850.0,stop,-2.5074327122153233,918,24512.249999999996,take_profit,0.2348033126293898
2026-07-23,2,opening_rebreak_v1,baseline,99,Top51~100,178320,서진시스템,2.6206896551724146,False,2~3%,0.6666666666666667,0.5~0.7%,923,37550.0,3.1030245746691874,2.0x+,3.1280153766128316,2.0x+,09:21~09:30,2.5299600532623145,940,-0.665778961384822,925,934,939,,,0.0,0.3994673768308976,1.9973368841544659,1.9973368841544659,close,930,37850.0,time_exit,-0.09684420772302493,930,37850.0,time_exit,-0.09684420772302493
2026-07-24,2,opening_rebreak_v1,baseline,64,Top51~100,002140,고려산업,4.8309178743961345,False,4~5%,0.45662100456621,0.3~0.5%,910,2200.0,1.2965119442781738,1.0~1.5x,1.3154081621898073,1.2~1.5x,09:03~09:10,13.636363636363647,930,-0.2272727272727315,911,911,911,,,2.499999999999991,4.545454545454541,12.045454545454536,4.090909090909101,close,911,2250.0,take_profit,0.9063636363636343,911,2233.0,take_profit,0.13363636363635378
2026-07-27,2,opening_rebreak_v1,baseline,12,Top1~20,036930,주성엔지니어링,2.8368794326241176,False,2~3%,0.8643617021276596,0.7~1.0%,927,150800.0,2.208524896750565,2.0x+,2.2229449698615897,2.0x+,09:21~09:30,1.458885941644561,950,-1.7241379310344862,943,928,,935,,0.7957559681697646,-0.5968169761273234,0.13262599469496816,-0.2652519893899252,close,930,152300.0,time_exit,0.4331299734748052,930,152300.0,time_exit,0.4331299734748052
2026-07-27,2,opening_rebreak_v1,baseline,18,Top1~20,319400,현대무벡스,3.2778355879292453,False,3~4%,0.9828009828009828,0.7~1.0%,913,20650.0,1.7259980118244127,1.5~2.0x,1.7688267466091376,1.5~2.0x,09:11~09:20,7.506053268765123,932,-0.4842615012106588,915,916,916,,,2.9055690072639306,6.537530266343827,5.32687651331718,5.084745762711873,close,916,21400.0,take_profit,2.1913075060532625,916,20959.749999999996,take_profit,0.05934624697335589
2026-07-27,2,opening_rebreak_v1,baseline,29,Top21~50,439960,코스모로보틱스,5.450733752620551,False,5~7%,0.6485849056603774,0.5~0.7%,914,17250.0,1.9238656920293868,1.5~2.0x,1.9695360942140607,1.5~2.0x,09:11~09:20,0.1159420289855051,939,-8.927536231884059,927,,,915,915,-4.753623188405798,-6.492753623188408,-3.7681159420289823,-4.347826086956519,close,915,17060.0,stop,-1.6213043478260887,915,17077.5,stop,-1.519855072463769
2026-07-27,2,opening_rebreak_v1,baseline,36,Top21~50,080220,제주반도체,2.8449502133712556,False,2~3%,0.4092769440654843,0.3~0.5%,926,74400.0,2.486559139784946,2.0x+,2.5342465753424657,2.0x+,09:21~09:30,0.40322580645162365,927,-3.2258064516129004,943,,,934,935,-0.5376344086021501,-1.3440860215053752,-1.7473118279569877,-1.2096774193548376,close,930,74300.0,time_exit,-1.0364516129032255,930,74300.0,time_exit,-1.0364516129032255
2026-07-27,2,opening_rebreak_v1,baseline,63,Top51~100,214450,파마리서치,2.3809523809523725,False,2~3%,0.6765899864682002,0.5~0.7%,923,374000.0,1.283425956194835,1.0~1.5x,1.3005982051630682,1.2~1.5x,09:21~09:30,2.0053475935828846,947,-0.9358288770053513,926,936,947,,,0.0,0.5347593582887722,0.9358288770053402,0.5347593582887722,close,930,374500.0,time_exit,-0.7647593582887806,930,374500.0,time_exit,-0.7647593582887806
2026-07-27,2,opening_rebreak_v1,baseline,65,Top51~100,277810,레인보우로보틱스,5.137395459976113,False,5~7%,0.5649717514124294,0.5~0.7%,922,446500.0,2.82701062215478,2.0x+,2.904891065210012,2.0x+,09:21~09:30,2.799552071668532,950,-0.7838745800671898,928,945,947,,,-0.5599104143337086,0.5599104143336975,0.0,2.3516237402015694,close,930,445500.0,time_exit,-1.0138745800671878,930,445500.0,time_exit,-1.0138745800671878
2026-07-27,2,opening_rebreak_v1,baseline,70,Top51~100,352820,하이브,2.358490566037741,False,2~3%,0.45351473922902497,0.3~0.5%,927,222000.0,1.3612672457843638,1.0~1.5x,1.376771428538172,1.2~1.5x,09:21~09:30,2.2522522522522515,932,-0.22522522522522292,929,930,932,,,2.2522522522522515,0.9009009009008917,1.3513513513513598,1.3513513513513598,close,930,224500.0,time_exit,-0.23000000000000043,930,225329.99999999997,take_profit,0.14387387387386408
2026-07-27,2,opening_rebreak_v1,baseline,100,Top51~100,067310,하나마이크론,2.108433734939763,False,2~3%,0.8708272859216255,0.7~1.0%,916,34800.0,4.69370687852812,2.0x+,4.783045369627485,2.0x+,09:11~09:20,1.2931034482758674,928,-2.011494252873558,920,928,,919,920,-1.2931034482758674,0.0,-0.7183908045977017,0.4310344827586299,close,919,34300.0,stop,-2.3851724137931045,919,34452.0,stop,-1.948390804597702
2026-07-28,2,opening_rebreak_v1,baseline,48,Top21~50,460930,현대힘스,3.8461538461538547,False,3~4%,0.32938076416337286,0.3~0.5%,911,15210.0,2.773488970224552,2.0x+,2.8230842046010403,2.0x+,09:11~09:20,9.335963182117023,935,-1.7094017094017144,914,918,919,912,,-0.2301117685733045,2.268244575936884,7.166337935568712,4.142011834319526,close,919,15500.0,take_profit,1.3479092702169573,912,15057.9,stop,-1.5587310979618683
2026-07-29,2,opening_rebreak_v1,baseline,2,Top1~20,005930,삼성전자,2.954545454545454,False,2~3%,0.4357298474945534,0.3~0.5%,908,230000.0,1.2371569818593153,1.0~1.5x,1.2452783624842125,1.2~1.5x,09:03~09:10,1.7391304347825987,912,-2.3913043478260843,933,911,,925,933,1.304347826086949,0.21739130434783593,-0.43478260869564966,-0.8695652173912993,close,912,233500.0,take_profit,0.20478260869565457,912,233449.99999999997,take_profit,0.18304347826085987
2026-07-29,2,opening_rebreak_v1,baseline,17,Top1~20,012330,현대모비스,2.2727272727272707,False,2~3%,0.32397408207343414,0.3~0.5%,922,466000.0,1.268170426065163,1.0~1.5x,1.2805361181936423,1.2~1.5x,09:21~09:30,0.8583690987124415,928,-1.8240343347639465,933,,,931,,0.6437768240343367,-1.0193133047210257,-0.5364806866952843,-0.6437768240343367,close,930,467000.0,time_exit,-0.5518884120171741,930,467000.0,time_exit,-0.5518884120171741
2026-07-29,2,opening_rebreak_v1,baseline,21,Top21~50,006400,삼성SDI,2.486910994764391,False,2~3%,0.37974683544303794,0.3~0.5%,911,395500.0,1.3518219929055144,1.0~1.5x,1.3557019155957122,1.2~1.5x,09:11~09:20,0.5056890012642201,912,-4.551201011378003,933,,,915,919,-1.1378002528445008,-1.5170670037926715,-3.6662452591656125,-3.1605562579013924,close,915,390500.0,stop,-2.1263337547408394,915,391545.0,stop,-1.862111251580279
2026-07-29,2,opening_rebreak_v1,baseline,69,Top51~100,000150,두산,3.0592734225621365,False,3~4%,0.543970988213962,0.5~0.7%,911,1109000.0,1.1916376306620209,1.0~1.5x,1.204672864543465,1.2~1.5x,09:11~09:20,1.7132551848512145,916,-2.975653742110007,933,914,,915,928,-0.8115419296663706,0.36068530207393756,-2.705139765554554,-2.7953110910730383,close,924,1092000.0,stop,-2.2137691614066712,915,1097910.0,stop,-1.6808566275924264
2026-07-29,2,opening_rebreak_v1,baseline,75,Top51~100,010060,OCI홀딩스,3.6314363143631345,False,3~4%,0.5538771399798591,0.5~0.7%,910,199600.0,1.3948476591528363,1.0~1.5x,1.409678950718512,1.2~1.5x,09:03~09:10,0.2004008016031955,911,-6.913827655310623,933,,,911,914,-2.254509018036077,-0.5511022044088154,-5.010020040080166,-6.012024048096187,close,913,197200.0,stop,-1.6829058116232476,911,197604.0,stop,-1.4805010020040088
2026-07-30,2,opening_rebreak_v1,baseline,32,Top21~50,051900,LG생활건강,2.6615969581748944,False,2~3%,0.3454231433506045,0.3~0.5%,913,296500.0,1.257122905027933,1.0~1.5x,1.2919824656526244,1.2~1.5x,09:11~09:20,6.070826306914001,940,-0.3372681281618939,915,915,917,,,1.6863406408094361,1.6863406408094361,4.384485666104543,4.215851602023601,close,918,301500.0,take_profit,0.6131703204047143,917,300947.5,take_profit,0.4268296795952684
2026-07-30,2,opening_rebreak_v1,baseline,45,Top21~50,000810,삼성화재,2.044293015332199,False,2~3%,0.33222591362126247,0.3~0.5%,910,606000.0,1.71868978805395,1.5~2.0x,1.740403747705979,1.5~2.0x,09:03~09:10,2.310231023102305,923,-0.660066006600657,911,916,923,,,0.660066006600668,0.660066006600668,1.4026402640264113,1.4851485148514865,close,925,616000.0,take_profit,0.595082508250834,923,615089.9999999999,take_profit,0.4449174917491652
2026-07-30,2,opening_rebreak_v1,baseline,53,Top51~100,096770,SK이노베이션,2.0091324200913308,False,2~3%,0.4314063848144953,0.3~0.5%,911,116100.0,1.2386029411764705,1.0~1.5x,1.2461161305943522,1.2~1.5x,09:11~09:20,2.067183462532296,922,-0.4306632213608941,941,912,922,,,1.3781223083548566,1.5503875968992276,1.033591731266159,-0.17226528854435985,close,917,118000.0,take_profit,0.9758570198105061,915,117841.49999999999,take_profit,0.8393367786390944
2026-07-31,2,opening_rebreak_v1,baseline,9,Top1~20,005380,현대차,5.4131054131054235,False,5~7%,0.9283819628647214,0.7~1.0%,929,380250.0,1.2622883948602897,1.0~1.5x,1.2851008357312588,1.2~1.5x,09:21~09:30,1.2491781722550943,934,-1.1176857330703505,946,934,,946,,1.2491781722550943,0.06574621959236637,-0.7232084155161078,0.460223537146609,close,930,382000.0,time_exit,-0.4272386587771254,930,382000.0,time_exit,-0.4272386587771254
2026-07-31,2,opening_rebreak_v1,baseline,21,Top21~50,034020,두산에너빌리티,6.312292358803995,False,5~7%,0.46224961479198773,0.3~0.5%,928,65300.0,2.5911286604798462,2.0x+,2.633309216028752,2.0x+,09:21~09:30,2.297090352220521,939,-0.15313935681470214,929,931,934,,,1.6845329249617125,1.9908116385911168,1.5313935681470214,1.2251148545176171,close,930,65750.0,time_exit,-0.30656967840735283,930,65750.0,time_exit,-0.30656967840735283
2026-07-31,2,opening_rebreak_v1,baseline,26,Top21~50,058610,에스피지,4.427083333333326,False,4~5%,0.8610086100861009,0.7~1.0%,929,82200.0,1.750546476527532,1.5~2.0x,1.8032171887064792,1.5~2.0x,09:21~09:30,1.2165450121654597,939,-1.2165450121654486,941,939,,941,,0.36496350364962904,0.8515815085158085,0.0,0.24330900243310083,close,930,81950.0,time_exit,-1.14240875912409,930,81950.0,time_exit,-1.14240875912409
2026-07-31,2,opening_rebreak_v1,baseline,35,Top21~50,042660,한화오션,2.9003783102143688,False,2~3%,0.3654080389768575,0.3~0.5%,927,82200.0,1.2412055669913054,1.0~1.5x,1.2448863536257266,1.2~1.5x,09:21~09:30,2.311435523114347,949,-0.24330900243308973,932,936,948,,,0.0,0.9732360097323589,1.8248175182481674,1.7031630170316392,close,930,82800.0,time_exit,-0.1083454987834448,930,82800.0,time_exit,-0.1083454987834448
2026-07-31,2,opening_rebreak_v1,baseline,37,Top21~50,073240,금호타이어,2.4671052631578982,False,2~3%,0.9419152276295133,0.7~1.0%,915,6380.0,1.2276164467864148,1.0~1.5x,1.2412350127571041,1.2~1.5x,09:11~09:20,13.793103448275868,945,-0.6269592476489061,916,917,917,,,5.0156739811912265,4.2319749216300995,9.404388714733546,13.322884012539182,close,917,6530.0,take_profit,1.3373981191222528,917,6475.7,take_profit,0.48630094043886185
2026-07-31,2,opening_rebreak_v1,baseline,43,Top21~50,000720,현대건설,4.651162790697683,False,4~5%,0.44692737430167595,0.3~0.5%,930,91600.0,1.6731775374956401,1.5~2.0x,1.7160495008421002,1.5~2.0x,09:21~09:30,0.6550218340611424,944,-0.8733624454148492,945,,,,,0.0,-0.10917030567685337,0.10917030567685337,0.3275109170305601,close,930,91600.0,time_exit,-0.7758515283842794,930,91600.0,time_exit,-0.7758515283842794
2026-07-31,2,opening_rebreak_v1,baseline,45,Top21~50,064350,현대로템,3.319502074688807,False,3~4%,0.5507474429583006,0.5~0.7%,922,127300.0,2.9688777114115057,2.0x+,2.9853970915364916,2.0x+,09:21~09:30,1.178318931657496,945,-0.706991358994502,925,930,,,,-0.39277297721916904,0.54988216810683,0.9426551453260101,0.9426551453260101,close,930,128300.0,time_exit,0.16277297721917072,930,128300.0,time_exit,0.16277297721917072
2026-07-31,2,opening_rebreak_v1,baseline,52,Top51~100,086520,에코프로,6.090651558073645,False,5~7%,0.5270092226613966,0.5~0.7%,912,77100.0,1.5819966660492684,1.5~2.0x,1.638935191471688,1.5~2.0x,09:11~09:20,2.7237354085603016,941,-1.4267185473411104,918,928,936,918,,0.0,-0.25940337224383825,0.6485084306095956,2.3346303501945442,close,930,78200.0,time_exit,0.5482101167315124,918,76329.0,stop,-1.8785084306095987
2026-07-31,2,opening_rebreak_v1,baseline,57,Top51~100,047810,한국항공우주,2.4855012427506207,False,2~3%,0.6405124099279423,0.5~0.7%,930,125400.0,1.5471357690572847,1.5~2.0x,1.563342670747651,1.5~2.0x,09:21~09:30,0.23923444976077235,931,-0.9569377990430672,940,,,,,-0.3987240829346095,-0.8771929824561431,-0.5582137161084577,-0.6379585326953707,close,930,125400.0,time_exit,-0.6287240829346092,930,125400.0,time_exit,-0.6287240829346092
2026-07-31,2,opening_rebreak_v1,baseline,64,Top51~100,064400,LG씨엔에스,5.498281786941583,False,5~7%,0.64,0.5~0.7%,922,62900.0,1.1976190476190476,1.0~1.5x,1.2130473123226746,1.2~1.5x,09:21~09:30,1.5898251192368873,933,-0.9538950715421324,925,930,,,,-0.31796502384737746,1.11287758346581,0.9538950715421324,0.7949125596184325,close,930,63600.0,time_exit,0.08796502384736815,930,63600.0,time_exit,0.08796502384736815
2026-07-31,2,opening_rebreak_v1,baseline,84,Top51~100,003490,대한항공,2.6369168356997985,False,2~3%,0.5882352941176471,0.5~0.7%,930,25650.0,1.463829621554275,1.0~1.5x,1.4784404492521663,1.2~1.5x,09:21~09:30,0.3898635477582957,944,-0.7797270955165692,932,,,,,-0.7797270955165692,-0.5847953216374324,0.0,0.19493177387914784,close,930,25650.0,time_exit,-1.2046588693957114,930,25650.0,time_exit,-1.2046588693957114
2026-07-31,2,opening_rebreak_v1,baseline,86,Top51~100,015760,한국전력,2.874432677760974,False,2~3%,0.436046511627907,0.3~0.5%,930,34450.0,4.437505197505197,2.0x+,4.455672662345241,2.0x+,09:21~09:30,0.4354136429608024,944,-1.1611030478954953,937,,,937,,-0.5805515239477477,-0.43541364296081353,0.0,-0.43541364296081353,close,930,34450.0,time_exit,-0.9556894049346879,930,34450.0,time_exit,-0.9556894049346879
2026-08-03,2,opening_rebreak_v1,baseline,8,Top1~20,058610,에스피지,6.342494714587743,False,5~7%,0.3770028275212064,0.3~0.5%,926,107200.0,1.3379801957430908,1.0~1.5x,1.3624661555998248,1.2~1.5x,09:21~09:30,0.0932835820895539,927,-4.664179104477617,944,,,927,928,-2.0522388059701524,-2.332089552238803,-2.7985074626865725,-4.011194029850751,close,929,105700.0,stop,-2.0956716417910473,927,106128.0,stop,-1.696417910447762
2026-08-03,2,opening_rebreak_v1,baseline,20,Top1~20,277810,레인보우로보틱스,2.0785219399538146,False,2~3%,0.5599104143337066,0.5~0.7%,915,447000.0,2.003462204270052,2.0x+,2.039179051160994,2.0x+,09:11~09:20,5.480984340044737,921,-0.5592841163310935,916,917,918,,,4.5861297539149914,4.36241610738255,2.0134228187919545,3.2438478747203625,close,918,455000.0,take_profit,1.0004250559284165,918,453704.99999999994,take_profit,0.710715883668894
2026-08-03,2,opening_rebreak_v1,baseline,32,Top21~50,278470,에이피알,4.374999999999996,False,4~5%,0.4464285714285714,0.3~0.5%,928,339500.0,1.3436437424591423,1.0~1.5x,1.3732035114211438,1.2~1.5x,09:21~09:30,0.589101620029453,940,-1.0309278350515427,934,,,934,,-0.589101620029453,-0.14727540500736325,0.0,-0.2945508100147265,close,930,337500.0,time_exit,-1.5554786450662719,930,337500.0,time_exit,-1.5554786450662719
2026-08-04,2,opening_rebreak_v1,baseline,5,Top1~20,475150,SK이터닉스,5.907626208378081,False,5~7%,0.5576208178438662,0.5~0.7%,920,54300.0,2.0034969383651657,2.0x+,2.0492308515154662,2.0x+,09:11~09:20,4.419889502762442,944,-1.2891344383057057,921,926,926,921,,0.36832412523020164,0.7366482504604033,2.5782688766114115,0.5524861878453136,close,926,55600.0,take_profit,1.2432965009208152,921,53757.0,stop,-2.1508103130755076
2026-08-04,2,opening_rebreak_v1,baseline,6,Top1~20,035420,NAVER,5.542168674698789,False,5~7%,0.4454342984409799,0.3~0.5%,913,227000.0,1.853559459733929,1.5~2.0x,1.8825861179400534,1.5~2.0x,09:11~09:20,1.982378854625555,921,-1.7621145374449365,915,918,,914,,1.3215859030837107,1.1013215859030812,0.4405286343612369,-0.11013215859030367,close,914,223500.0,stop,-2.873171806167402,914,224730.0,stop,-2.3313215859030847
2026-08-04,2,opening_rebreak_v1,baseline,10,Top1~20,017670,SK텔레콤,3.5365853658536617,False,3~4%,0.45871559633027525,0.3~0.5%,911,87250.0,1.9717461787864752,1.5~2.0x,1.9819683651972346,1.5~2.0x,09:11~09:20,3.839541547277947,928,-0.2865329512893977,916,913,918,,,0.17191977077364307,2.808022922636111,2.9799426934097317,2.808022922636111,close,918,89500.0,take_profit,1.7757306590257829,917,88558.74999999999,take_profit,0.6969340974211937
2026-08-04,2,opening_rebreak_v1,baseline,15,Top1~20,119850,지엔씨에너지,4.761904761904767,False,4~5%,0.3102378490175801,0.3~0.5%,920,48900.0,1.5864515656294271,1.5~2.0x,1.635548490659591,1.5~2.0x,09:11~09:20,11.65644171779141,939,-0.5112474437627856,922,922,922,,,2.249488752556239,6.134969325153383,9.61145194274029,6.952965235173814,close,922,49950.0,take_profit,1.4059918200409096,922,49633.49999999999,take_profit,0.758752556237209
2026-08-04,2,opening_rebreak_v1,baseline,67,Top51~100,347700,스피어,3.5021888680425217,False,3~4%,0.8431703204047217,0.7~1.0%,913,18140.0,1.5052256388570047,1.5~2.0x,1.5478907646749471,1.5~2.0x,09:11~09:20,3.6383682469680156,918,-2.9768467475192906,932,916,918,914,932,3.0319735391400204,-1.378169790518191,0.0,-0.11025358324145973,close,918,18690.0,take_profit,2.5263395810363822,914,17958.6,stop,-1.5056339581036502
2026-08-04,2,opening_rebreak_v1,baseline,94,Top51~100,0039P0,매드업,4.761904761904767,False,4~5%,0.9962640099626401,0.7~1.0%,915,8060.0,1.2365043013029002,1.0~1.5x,1.2544649989779182,1.2~1.5x,09:11~09:20,1.1166253101736912,916,-6.699751861042181,931,916,,916,919,-3.47394540942928,-3.3498759305210957,-0.992555831265507,-2.8535980148883366,close,917,7950.0,stop,-2.2151116625310134,916,7979.4,stop,-1.8503473945409439
2026-08-04,2,opening_rebreak_v1,baseline,99,Top51~100,006260,LS,2.564102564102555,False,2~3%,0.8665511265164645,0.7~1.0%,908,291500.0,1.7411133467471496,1.5~2.0x,1.7685411534848068,1.5~2.0x,09:03~09:10,0.8576329331046351,909,-3.7735849056603765,935,,,913,916,-0.6861063464837058,-1.8867924528301883,-1.543739279588341,-2.9159519725557415,close,914,288000.0,stop,-2.288319039451114,913,288585.0,stop,-2.087632933104632
2026-08-05,2,opening_rebreak_v1,baseline,5,Top1~20,006340,대원전선,5.3662073966642465,False,5~7%,0.39344262295081966,0.3~0.5%,912,15580.0,1.5177457581152944,1.5~2.0x,1.5567135557232579,1.5~2.0x,09:11~09:20,4.236200256739409,924,-0.6418485237484006,915,915,917,,,1.2195121951219523,2.3748395378690557,2.5032092426187313,2.759948652118105,close,921,15980.0,take_profit,2.0164698331193827,917,15813.699999999999,take_profit,0.9490757381257925
2026-08-05,2,opening_rebreak_v1,baseline,12,Top1~20,009830,한화솔루션,2.238805970149249,False,2~3%,0.3616636528028933,0.3~0.5%,907,27900.0,2.0819112627986347,2.0x+,2.1083602262098697,2.0x+,09:03~09:10,10.573476702508966,936,-0.7168458781361964,908,910,910,,,4.480286738351258,4.480286738351258,6.810035842293916,9.856630824372758,close,910,28500.0,take_profit,1.0244802867383493,910,28318.499999999996,take_profit,0.37394265232973933
2026-08-05,2,opening_rebreak_v1,baseline,22,Top21~50,047040,대우건설,4.276315789473695,False,4~5%,0.7361963190184049,0.7~1.0%,912,16420.0,1.7079666860758003,1.5~2.0x,1.7333011733847121,1.5~2.0x,09:11~09:20,1.4007308160779441,914,-2.2533495736906217,925,914,,918,920,-0.7917174177831887,-0.730816077953711,-1.1571254567600442,-1.461632155907433,close,920,16220.0,stop,-1.7525334957369032,918,16255.8,stop,-1.5345066991473821
2026-08-05,2,opening_rebreak_v1,baseline,39,Top21~50,028260,삼성물산,4.961240310077519,False,4~5%,0.43988269794721413,0.3~0.5%,930,342000.0,5.5523376086057095,2.0x+,5.57758001538512,2.0x+,09:21~09:30,1.900584795321647,935,-0.43859649122807154,951,934,,,,1.7543859649122862,1.4619883040935644,0.14619883040936088,0.43859649122806044,close,930,342000.0,time_exit,-0.9609941520467835,930,342000.0,time_exit,-0.9609941520467835
2026-08-05,2,opening_rebreak_v1,baseline,42,Top21~50,034730,SK,6.1776061776061875,False,5~7%,0.3597122302158274,0.3~0.5%,930,559000.0,2.14375,2.0x+,2.1630979241877255,2.0x+,09:21~09:30,1.2522361359570633,942,-0.7155635062611854,933,940,,,,0.5366726296958779,0.8944543828264706,0.17889087656528524,-0.3577817531305927,close,930,559000.0,time_exit,-1.124454382826476,930,559000.0,time_exit,-1.124454382826476
2026-08-05,2,opening_rebreak_v1,baseline,43,Top21~50,003490,대한항공,2.6819923371647514,False,2~3%,0.7285974499089253,0.7~1.0%,909,27600.0,5.31662303241863,2.0x+,5.384909933752447,2.0x+,09:03~09:10,0.7246376811594235,910,-1.6304347826086918,929,,,925,,-0.18115942028985588,-0.7246376811594235,-0.9057971014492794,-1.26811594202898,close,928,27250.0,stop,-2.4039130434782554,925,27324.0,stop,-2.1357971014492763
2026-08-05,2,opening_rebreak_v1,baseline,45,Top21~50,010060,OCI홀딩스,3.777777777777769,False,3~4%,0.8130081300813009,0.7~1.0%,912,250500.0,1.6318360914105594,1.5~2.0x,1.6753071348292834,1.5~2.0x,09:11~09:20,2.39520958083832,942,-3.3932135728542923,916,913,942,915,915,-1.7964071856287456,-0.39920159680638667,-0.39920159680638667,2.39520958083832,close,915,245500.0,stop,-3.224011976047901,914,254257.49999999997,take_profit,0.27199600798402224
2026-08-05,2,opening_rebreak_v1,baseline,46,Top21~50,001440,대한전선,3.7254901960784403,False,3~4%,0.3669724770642202,0.3~0.5%,912,27400.0,2.403029496455102,2.0x+,2.425156839884707,2.0x+,09:11~09:20,2.9197080291970767,923,-0.9124087591240837,915,922,922,,,0.36496350364962904,2.1897810218978186,2.007299270072993,1.642335766423364,close,922,28000.0,take_profit,1.0473722627737312,922,27810.999999999996,take_profit,0.35759124087590277
2026-08-05,2,opening_rebreak_v1,baseline,60,Top51~100,000720,현대건설,3.0541871921182295,False,3~4%,0.8395522388059702,0.7~1.0%,911,107600.0,1.872742663656885,1.5~2.0x,1.895645443174796,1.5~2.0x,09:11~09:20,2.0446096654274992,938,-0.4646840148698872,927,913,938,,,0.743494423791824,0.9293680297397744,1.0223048327137496,1.5799256505576231,close,930,108400.0,time_exit,0.048810408921935444,914,109213.99999999999,take_profit,0.8053159851301017
2026-08-05,2,opening_rebreak_v1,baseline,82,Top51~100,002990,금호건설,5.723204994797082,False,5~7%,0.6554307116104869,0.5~0.7%,909,10850.0,1.3033879217305617,1.0~1.5x,1.3328707776415263,1.2~1.5x,09:03~09:10,0.0,910,-8.202764976958521,927,,,910,910,-3.963133640552996,-6.543778801843314,-7.096774193548383,-5.5299539170506895,close,910,10560.0,stop,-3.363640552995389,910,10741.5,stop,-1.6908294930875585
2026-08-05,2,opening_rebreak_v1,baseline,83,Top51~100,006260,LS,5.657237936772042,False,5~7%,0.31201248049922,0.3~0.5%,919,324000.0,1.3772696704774714,1.0~1.5x,1.3954606394220912,1.2~1.5x,09:11~09:20,0.92592592592593,923,-2.1604938271604923,949,,,945,949,0.30864197530864335,0.4629629629629539,-0.462962962962965,-2.1604938271604923,close,930,323000.0,time_exit,-1.3102469135802484,930,323000.0,time_exit,-1.3102469135802484
2026-08-05,2,opening_rebreak_v1,baseline,87,Top51~100,032820,우리기술,5.166051660516602,False,5~7%,0.607638888888889,0.5~0.7%,920,11630.0,1.5170659966909736,1.5~2.0x,1.540915069128037,1.5~2.0x,09:11~09:20,1.9776440240756754,930,-0.6878761822871837,922,926,,,,0.7738607050730817,1.4617368873602654,0.7738607050730817,-0.2579535683576939,close,929,11820.0,take_profit,0.9737833190025686,929,11804.449999999999,take_profit,0.8400773860704975
2026-08-06,2,opening_rebreak_v1,baseline,10,Top1~20,278470,에이피알,2.3776223776223793,False,2~3%,0.3973509933774834,0.3~0.5%,910,380000.0,3.021024967148489,2.0x+,3.053163530628792,2.0x+,09:03~09:10,2.2368421052631593,912,-2.500000000000002,925,911,912,917,925,0.0,-0.6578947368421018,0.7894736842105177,-1.1842105263157876,close,911,387000.0,take_profit,0.9542105263157842,911,385699.99999999994,take_profit,0.612105263157885
2026-08-06,2,opening_rebreak_v1,baseline,16,Top1~20,222800,심텍,6.310679611650483,False,5~7%,0.4749568221070812,0.3~0.5%,910,116100.0,1.3665886386864923,1.0~1.5x,1.3766676004468699,1.2~1.5x,09:03~09:10,0.17226528854434875,911,-6.718346253229979,915,,,911,911,-6.2015503875969,-4.134366925064603,-6.2015503875969,-5.2540913006029255,close,911,114300.0,stop,-2.2110508182601234,911,114939.0,stop,-1.6606632213608967
2026-08-06,2,opening_rebreak_v1,baseline,17,Top1~20,347850,디앤디파마텍,2.0715630885122405,False,2~3%,0.5405405405405406,0.5~0.7%,910,56000.0,2.350593861471522,2.0x+,2.384660439174008,2.0x+,09:03~09:10,1.5178571428571486,912,-5.178571428571432,934,912,,911,914,-1.2499999999999956,-2.500000000000002,-3.214285714285714,-3.392857142857142,close,913,55300.0,stop,-2.3728571428571383,911,55440.0,stop,-2.1228571428571437
2026-08-06,2,opening_rebreak_v1,baseline,31,Top21~50,024840,KBI메탈,5.115346038114343,False,5~7%,0.7532956685499058,0.7~1.0%,912,5340.0,2.957708000286321,2.0x+,2.9969944443128944,2.0x+,09:11~09:20,1.6853932584269593,926,-5.243445692883897,915,926,,913,913,-2.9962546816479363,-2.434456928838946,-0.9363295880149836,-2.9962546816479363,close,913,5200.0,stop,-3.788052434456924,913,5286.6,stop,-2.166329588014971
2026-08-06,2,opening_rebreak_v1,baseline,66,Top51~100,000720,현대건설,2.5431425976385036,False,2~3%,0.3463203463203463,0.3~0.5%,917,115700.0,2.1185633001422475,2.0x+,2.1527382905774974,2.0x+,09:11~09:20,0.08643042350906516,918,-3.8893690579083873,929,,,919,925,-1.5557476231633505,-3.5436473638720822,-2.420051858254102,-2.074330164217808,close,921,114000.0,stop,-2.13146931719965,919,114543.0,stop,-1.6621521175453768
2026-08-07,2,opening_rebreak_v1,baseline,10,Top1~20,475150,SK이터닉스,5.636363636363639,False,5~7%,0.5128205128205128,0.5~0.7%,914,58700.0,2.057630251272012,2.0x+,2.100300779433307,2.0x+,09:11~09:20,0.5110732538330387,915,-9.880749574105618,941,,,916,918,-2.3850085178875657,-4.088586030664398,-5.621805792163547,-7.666098807495736,close,916,58100.0,stop,-2.103935264054515,916,58113.0,stop,-2.0817887563884163
2026-08-07,2,opening_rebreak_v1,baseline,25,Top21~50,322000,HD현대에너지솔루션,5.074626865671639,False,5~7%,0.6114130434782609,0.5~0.7%,913,150000.0,1.7812921990235795,1.5~2.0x,1.8263419675566435,1.5~2.0x,09:11~09:20,1.8000000000000016,915,-13.200000000000001,942,914,,917,919,-0.4666666666666708,-7.133333333333336,-9.066666666666666,-10.666666666666668,close,915,152300.0,take_profit,0.9700000000000087,914,152249.99999999997,take_profit,0.9366666666666569
2026-08-07,2,opening_rebreak_v1,baseline,65,Top51~100,347700,스피어,4.488778054862852,False,4~5%,0.45662100456621,0.3~0.5%,910,23000.0,2.8835179590466598,2.0x+,3.0422437182602375,2.0x+,09:03~09:10,3.2608695652173836,935,-3.4782608695652195,922,927,935,913,915,-1.7391304347826098,-2.1739130434782594,-1.0869565217391353,0.21739130434783593,close,914,22650.0,stop,-2.8386956521739153,913,22770.0,stop,-2.3169565217391312
2026-08-07,2,opening_rebreak_v1,baseline,68,Top51~100,119850,지엔씨에너지,4.500978473581219,False,4~5%,0.37243947858473,0.3~0.5%,909,54600.0,1.2218157831614296,1.0~1.5x,1.2469372291703562,1.2~1.5x,09:03~09:10,6.227106227106227,926,-3.8461538461538436,918,924,925,910,911,-3.1135531135531136,-3.296703296703296,0.366300366300365,0.1831501831501825,close,910,53800.0,stop,-2.6109523809523756,910,54054.0,stop,-2.1457509157509165
2026-08-07,2,opening_rebreak_v1,baseline,95,Top51~100,138080,오이솔루션,2.9017857142857206,False,2~3%,0.5597014925373134,0.5~0.7%,920,27250.0,1.9639448568398727,1.5~2.0x,2.0263864411612644,2.0x+,09:11~09:20,0.5504587155963359,921,-9.724770642201829,927,,,921,921,-6.055045871559628,-4.036697247706423,-4.954128440366967,-8.073394495412845,close,922,26900.0,stop,-2.4318348623853154,921,26977.5,stop,-2.1474311926605516
2026-08-10,2,opening_rebreak_v1,baseline,3,Top1~20,009150,삼성전기,2.8951486697965656,False,2~3%,0.4497751124437781,0.3~0.5%,906,1336000.0,1.4415658093797277,1.0~1.5x,1.4557172260303417,1.2~1.5x,09:03~09:10,1.5718562874251552,913,-1.5718562874251552,935,908,,921,,0.8982035928143617,0.5239520958083776,-0.823353293413176,-1.4970059880239472,close,930,1325000.0,time_exit,-1.427604790419164,913,1356039.9999999998,take_profit,0.8957485029940022
2026-08-10,2,opening_rebreak_v1,baseline,4,Top1~20,010170,대한광통신,2.530541012216414,False,2~3%,0.38819875776397517,0.3~0.5%,920,12920.0,1.4416093162920791,1.0~1.5x,1.4517219303580406,1.2~1.5x,09:11~09:20,3.9473684210526327,930,-1.2383900928792602,923,924,927,923,,1.238390092879249,3.2507739938080427,-0.1547987616099089,0.6965944272445901,close,927,13270.0,take_profit,2.091981424148616,923,12790.8,stop,-1.6169969040247687
2026-08-10,2,opening_rebreak_v1,baseline,7,Top1~20,196170,알테오젠,3.60655737704918,False,3~4%,0.7374631268436578,0.7~1.0%,919,341000.0,2.365332296929654,2.0x+,2.3969637838128146,2.0x+,09:11~09:20,1.4662756598240456,945,-1.6129032258064502,922,926,,921,,0.14662756598240456,0.2932551319648091,1.026392961876832,0.7331378299120228,close,921,337500.0,stop,-1.9895307917888554,921,337590.0,stop,-1.9631378299120243
2026-08-10,2,opening_rebreak_v1,baseline,19,Top1~20,017900,광전자,3.969270166453276,False,3~4%,0.7675438596491228,0.7~1.0%,915,9240.0,2.1624844590811163,2.0x+,2.207884685293869,2.0x+,09:11~09:20,4.329004329004338,920,-1.1904761904761862,944,917,917,943,,3.2467532467532534,1.7316017316017396,0.32467532467532756,-0.43290043290042934,close,917,9420.0,take_profit,1.176926406926402,917,9378.599999999999,take_profit,0.7288744588744491
2026-08-10,2,opening_rebreak_v1,baseline,22,Top21~50,477850,마키나락스,4.130808950086062,False,4~5%,0.3110419906687403,0.3~0.5%,923,32450.0,2.2581406609369328,2.0x+,2.2863233836943357,2.0x+,09:21~09:30,3.2357473035439233,950,-2.4653312788906034,939,943,943,924,927,0.7704160246533087,-0.9244992295839749,2.3112480739599484,0.9244992295839749,close,930,32500.0,time_exit,-0.8463328197226467,924,32125.5,stop,-2.0004160246533136
2026-08-10,2,opening_rebreak_v1,baseline,26,Top21~50,347850,디앤디파마텍,2.60869565217392,False,2~3%,0.32310177705977383,0.3~0.5%,924,62700.0,2.560101182079097,2.0x+,2.599441381446541,2.0x+,09:21~09:30,2.0733652312599604,932,-1.594896331738438,928,932,932,928,,0.0,0.797448165869219,0.31897926634769647,-0.15948963317384823,close,930,62000.0,stop,-2.143875598086123,928,62073.0,stop,-2.0274481658692194
2026-08-10,2,opening_rebreak_v1,baseline,45,Top21~50,095610,테스,4.093097913322641,False,4~5%,0.5113221329437546,0.5~0.7%,908,137500.0,1.5621660135375846,1.5~2.0x,1.5770765555170183,1.5~2.0x,09:03~09:10,3.6363636363636376,913,-0.6545454545454521,910,910,911,,,3.6363636363636376,1.6727272727272702,1.745454545454539,2.3272727272727334,close,911,140600.0,take_profit,1.6609090909091009,911,139562.5,take_profit,0.9063636363636266
2026-08-10,2,opening_rebreak_v1,baseline,61,Top51~100,001440,대한전선,2.398523985239853,False,2~3%,0.35778175313059035,0.3~0.5%,926,28050.0,1.2491897731364783,1.0~1.5x,1.2581606153134008,1.2~1.5x,09:21~09:30,1.7825311942959,950,-0.35650623885917776,943,945,,,,0.17825311942958333,0.17825311942958333,1.0695187165775444,1.0695187165775444,close,930,28150.0,time_exit,-0.7647593582887613,930,28150.0,time_exit,-0.7647593582887613
2026-08-10,2,opening_rebreak_v1,baseline,63,Top51~100,010130,고려아연,5.334538878842676,False,5~7%,0.7377049180327869,0.7~1.0%,928,1223000.0,2.369450101832994,2.0x+,2.4229478401595546,2.0x+,09:21~09:30,2.2076860179885527,945,-0.7358953393295176,929,944,945,,,0.3270645952575535,0.24529844644316512,1.4717906786590351,1.22649223221587,close,930,1225000.0,time_exit,-0.4752984464431774,930,1225000.0,time_exit,-0.4752984464431774
2026-08-10,2,opening_rebreak_v1,baseline,67,Top51~100,007660,이수페타시스,3.402187120291611,False,3~4%,0.3472222222222222,0.3~0.5%,911,87100.0,2.371187800963082,2.0x+,2.398727728964976,2.0x+,09:11~09:20,3.9035591274397152,919,-0.22962112514350874,912,914,918,,,1.148105625717566,3.0998851894374235,2.870264064293915,2.5258323765786406,close,917,88600.0,take_profit,0.9181056257175658,914,88406.49999999999,take_profit,0.6959471871412072
2026-08-10,2,opening_rebreak_v1,baseline,75,Top51~100,000250,삼천당제약,2.550091074681249,False,2~3%,0.7620164126611958,0.7~1.0%,922,170800.0,1.5748440748440748,1.5~2.0x,1.6102947671230863,1.5~2.0x,09:21~09:30,2.195550351288067,950,-0.4098360655737654,923,927,933,,,0.5854800936768045,1.87353629976581,1.2880562060889833,1.9320843091334972,close,930,171400.0,time_exit,-0.1714519906323293,930,171400.0,time_exit,-0.1714519906323293
2026-08-10,2,opening_rebreak_v1,baseline,84,Top51~100,089970,브이엠,3.305785123966931,False,3~4%,0.7396449704142012,0.7~1.0%,922,68700.0,1.5446730743197508,1.5~2.0x,1.5923943646521967,1.5~2.0x,09:21~09:30,-0.14556040756914523,939,-3.9301310043668103,943,,,924,924,-1.8922852983988325,-1.8922852983988325,-3.3478893740902516,-3.3478893740902516,close,924,67400.0,stop,-2.8500873362445382,924,68013.0,stop,-1.9578020378457068
2026-08-10,2,opening_rebreak_v1,baseline,89,Top51~100,032820,우리기술,3.928571428571437,False,3~4%,0.5977796754910333,0.5~0.7%,920,11730.0,1.9993088751943788,1.5~2.0x,2.014767448971655,2.0x+,09:11~09:20,2.5575447570332477,936,-0.34100596760443525,921,922,936,,,1.1082693947144007,0.6820119352088705,1.1935208866155067,2.0460358056265893,close,930,11810.0,time_exit,0.025754475703329116,930,11810.0,time_exit,0.025754475703329116
2026-08-10,2,opening_rebreak_v1,baseline,93,Top51~100,024840,KBI메탈,3.534303534303529,False,3~4%,0.7858546168958742,0.7~1.0%,922,5120.0,10.23403367190761,2.0x+,10.375891564389498,2.0x+,09:21~09:30,7.8125,932,-0.1953125,923,923,923,,,6.8359375,7.6171875,4.1015625,4.1015625,close,923,5210.0,take_profit,0.55125,923,5196.799999999999,take_profit,0.29343749999999025
2026-08-10,2,opening_rebreak_v1,baseline,97,Top51~100,027360,아주IB투자,6.477093206951023,False,5~7%,0.5772005772005772,0.5~0.7%,908,3525.0,1.9282798284877998,1.5~2.0x,1.9841540222086074,1.5~2.0x,09:03~09:10,6.52482269503547,929,-1.9858156028368823,910,909,912,910,,3.687943262411353,2.127659574468077,1.7021276595744705,2.6950354609929006,close,912,3655.0,take_profit,2.7487234042553244,910,3489.75,stop,-1.9392198581560294
2026-08-11,2,opening_rebreak_v1,baseline,21,Top21~50,002990,금호건설,2.149321266968318,False,2~3%,0.7540056550424128,0.7~1.0%,916,10680.0,1.5540972052636624,1.5~2.0x,1.57623534209078,1.5~2.0x,09:11~09:20,3.93258426966292,931,-4.49438202247191,920,927,928,917,919,-2.2471910112359605,-0.0936329588014928,0.3745318352059934,3.4644194756554336,close,918,10500.0,stop,-2.383558052434461,917,10573.2,stop,-1.6981647940074804
2026-08-11,2,opening_rebreak_v1,baseline,64,Top51~100,108490,로보티즈,2.0242914979757165,False,2~3%,0.591715976331361,0.5~0.7%,925,254000.0,1.9540488431876608,1.5~2.0x,1.9793507668895918,1.5~2.0x,09:21~09:30,2.952755905511806,949,-0.3937007874015741,931,936,948,,,0.3937007874015741,0.5905511811023612,1.3779527559055094,2.1653543307086576,close,930,255000.0,time_exit,-0.8205511811023629,930,255000.0,time_exit,-0.8205511811023629
2026-08-11,2,opening_rebreak_v1,baseline,77,Top51~100,010950,S-Oil,2.5787965616045794,False,2~3%,0.33400133600534404,0.3~0.5%,925,149900.0,1.4135397123202,1.0~1.5x,1.419714273323035,1.2~1.5x,09:21~09:30,0.33355570380253496,927,-2.6017344896597683,955,,,930,931,-1.7344896597731863,-1.2675116744496284,-1.1340893929286167,-2.535023348899268,close,930,147300.0,stop,-2.298045363575721,930,148401.0,stop,-1.5635557038025358
2026-08-12,2,opening_rebreak_v1,baseline,3,Top1~20,009150,삼성전기,2.0602218700475516,False,2~3%,0.3861003861003861,0.3~0.5%,914,1302000.0,1.5845866509387594,1.5~2.0x,1.598460961990148,1.5~2.0x,09:11~09:20,1.5360983102918668,928,-0.3072196620583667,915,920,,,,0.7680491551459223,0.6144393241167334,0.4608294930875667,0.07680491551458335,close,930,1311000.0,time_exit,0.07721966205837427,928,1321529.9999999998,take_profit,0.8859754224270255
2026-08-12,2,opening_rebreak_v1,baseline,4,Top1~20,402340,SK스퀘어,3.9153439153439162,False,3~4%,0.5025125628140703,0.5~0.7%,923,1002000.0,1.8099082568807339,1.5~2.0x,1.8259689526854297,1.5~2.0x,09:21~09:30,1.5968063872255467,928,-0.7984031936127733,953,927,,,,1.3972055888223478,0.3992015968063978,0.4990019960079861,-0.7984031936127733,close,930,1011000.0,time_exit,0.1692015968063777,928,1017029.9999999999,take_profit,0.7709980039920062
2026-08-12,2,opening_rebreak_v1,baseline,8,Top1~20,006340,대원전선,3.994490358126712,False,3~4%,0.4539559014267186,0.3~0.5%,913,15500.0,2.290433781714252,2.0x+,2.3099368855967946,2.0x+,09:11~09:20,1.5483870967741842,926,-1.677419354838705,941,921,,917,,-0.2580645161290307,0.967741935483879,-0.5806451612903274,-1.0322580645161339,close,930,15490.0,time_exit,-0.6170967741935452,917,15345.0,stop,-1.5525806451612914
2026-08-12,2,opening_rebreak_v1,baseline,10,Top1~20,161890,한국콜마,5.746061167747918,False,5~7%,0.690846286701209,0.5~0.7%,915,119000.0,9.469374018398026,2.0x+,9.79874354947274,2.0x+,09:11~09:20,9.495798319327742,942,-4.9579831932773155,916,918,919,916,916,3.3613445378151363,4.033613445378159,8.067226890756295,8.067226890756295,close,916,117100.0,stop,-2.2468067226890813,916,117810.0,stop,-1.6501680672268917
2026-08-12,2,opening_rebreak_v1,baseline,12,Top1~20,257720,실리콘투,5.118601747815221,False,5~7%,0.5882352941176471,0.5~0.7%,913,42750.0,1.8255804842374697,1.5~2.0x,1.8412672101531604,1.5~2.0x,09:11~09:20,5.84795321637428,942,-0.7017543859649145,914,918,922,,,1.2865497076023358,2.2222222222222143,3.274853801169586,5.380116959064329,close,922,43800.0,take_profit,1.6413450292397738,919,43391.24999999999,take_profit,0.6852046783625634
2026-08-12,2,opening_rebreak_v1,baseline,39,Top21~50,024840,KBI메탈,3.0360531309297834,False,3~4%,0.8620689655172413,0.7~1.0%,912,5830.0,1.7412745548409676,1.5~2.0x,1.7808017173334438,1.5~2.0x,09:11~09:20,1.8867924528301883,915,-3.2590051457976,939,913,,917,928,-0.8576329331046351,-0.17152658662092923,-1.2006861063464824,-1.8867924528301883,close,923,5770.0,stop,-2.1167924528301842,915,5917.45,take_profit,0.41236706689535896
2026-08-12,2,opening_rebreak_v1,baseline,53,Top51~100,003350,한국화장품제조,2.9980657640232167,False,2~3%,0.9066183136899365,0.7~1.0%,922,11290.0,1.2827623415160507,1.0~1.5x,1.325012519278702,1.2~1.5x,09:21~09:30,5.934455270150574,932,-0.08857395925597755,923,923,923,,,1.5057573073516295,5.048715677590798,2.5686448184233823,4.517271922054911,close,923,11550.0,take_profit,1.6300531443755448,923,11459.349999999999,take_profit,0.8271302037200965
2026-08-12,2,opening_rebreak_v1,baseline,65,Top51~100,017900,광전자,2.4165707710011475,False,2~3%,0.6458557588805167,0.5~0.7%,917,9470.0,4.457302426644712,2.0x+,4.573201948030923,2.0x+,09:11~09:20,2.5343189017951406,918,-4.751847940865894,945,918,918,922,926,-0.9503695881731833,1.055966209081305,-2.111932418162621,-3.5902851108764566,close,918,9640.0,take_profit,1.0371594508975681,918,9612.05,take_profit,0.7420168954593356
2026-08-12,2,opening_rebreak_v1,baseline,74,Top51~100,126730,코칩,4.0000000000000036,False,4~5%,0.7092198581560284,0.7~1.0%,920,21450.0,5.770475216846011,2.0x+,5.90584707223978,2.0x+,09:11~09:20,0.932400932400923,921,-8.158508158508159,935,,,921,923,-2.33100233100233,-5.82750582750583,-7.319347319347324,-7.086247086247088,close,923,21000.0,stop,-3.493403263403259,921,21235.5,stop,-2.3955011655011664
2026-08-13,2,opening_rebreak_v1,baseline,2,Top1~20,000660,SK하이닉스,5.18617021276595,False,5~7%,0.37174721189591076,0.3~0.5%,913,1620000.0,1.3659213227542584,1.0~1.5x,1.3733507421482771,1.2~1.5x,09:11~09:20,0.8641975308641969,920,-1.2345679012345734,936,,,935,,0.37037037037037646,-0.15432098765432167,-0.6172839506172867,-1.0493827160493852,close,930,1623000.0,time_exit,-0.35345679012346487,930,1623000.0,time_exit,-0.35345679012346487
2026-08-13,2,opening_rebreak_v1,baseline,8,Top1~20,475150,SK이터닉스,2.4667931688804545,False,2~3%,0.8849557522123894,0.7~1.0%,914,57100.0,1.4799953662810061,1.0~1.5x,1.5090667038329544,1.5~2.0x,09:11~09:20,1.2259194395796813,918,-3.5026269702276736,937,918,,917,922,-1.0507880910682998,-2.276707530647981,-2.626970227670755,-2.8021015761821366,close,919,56500.0,stop,-2.1564448336252173,917,56529.0,stop,-2.105656742556919
2026-08-13,2,opening_rebreak_v1,baseline,9,Top1~20,001820,삼화콘덴서,5.568181818181817,False,5~7%,0.5876591576885406,0.5~0.7%,930,106500.0,1.850344893789169,1.5~2.0x,1.9414948885571084,1.5~2.0x,09:21~09:30,0.8450704225352101,931,-6.103286384976525,943,,,931,932,-2.9107981220657275,-4.413145539906105,-3.4741784037558676,-1.7840375586854473,close,930,106500.0,time_exit,-0.6994835680751174,930,106500.0,time_exit,-0.6994835680751174
2026-08-13,2,opening_rebreak_v1,baseline,14,Top1~20,005380,현대차,2.4420024420024333,False,2~3%,0.6984866123399301,0.5~0.7%,910,430500.0,1.3888571428571428,1.0~1.5x,1.4018827667057445,1.2~1.5x,09:03~09:10,0.0,911,-1.8583042973286834,924,,,913,,-0.9872241579558683,-1.5098722415795574,-1.1614401858304313,-1.5098722415795574,close,916,425500.0,stop,-1.9721602787456463,913,426195.0,stop,-1.8107200929152159
2026-08-13,2,opening_rebreak_v1,baseline,19,Top1~20,332570,PS일렉트로닉스,3.3760186263096514,False,3~4%,0.3073770491803279,0.3~0.5%,920,9830.0,2.7914168363805993,2.0x+,2.859470250554002,2.0x+,09:11~09:20,5.6968463886063025,947,-1.1190233977619535,921,922,922,921,,2.746693794506605,1.729399796541209,2.4415055951169995,4.374364191251279,close,922,10080.0,take_profit,1.8045879959308286,921,9731.7,stop,-1.7386469989826958
2026-08-13,2,opening_rebreak_v1,baseline,21,Top21~50,011070,LG이노텍,3.31125827814569,False,3~4%,0.9419152276295133,0.7~1.0%,919,639000.0,1.5555952806578477,1.5~2.0x,1.5753175663080263,1.5~2.0x,09:11~09:20,0.6259780907668322,921,-2.8169014084507005,945,,,928,943,0.15649452269170805,-0.391236306729259,-1.7214397496087663,-1.8779342723004744,close,930,637000.0,time_exit,-1.325461658841945,928,632610.0,stop,-2.01247261345853
2026-08-13,2,opening_rebreak_v1,baseline,28,Top21~50,042700,한미반도체,3.218390804597693,False,3~4%,0.43956043956043955,0.3~0.5%,909,228500.0,9.933274021352313,2.0x+,10.020985050238426,2.0x+,09:03~09:10,0.2188183807439792,910,-2.4070021881838044,937,,,912,932,-0.8752735229759279,-0.6564551422319487,-1.3129102844638973,-1.969365426695846,close,915,225750.0,stop,-2.52759299781182,912,226215.0,stop,-2.3240919037199133
2026-08-13,2,opening_rebreak_v1,baseline,34,Top21~50,006800,미래에셋증권,5.205479452054784,False,5~7%,0.37688442211055273,0.3~0.5%,908,40250.0,3.5132884941883242,2.0x+,3.5664530111243393,2.0x+,09:03~09:10,0.3726708074534235,909,-3.850931677018632,935,,,911,915,-1.3664596273291973,-1.7391304347826098,-2.7329192546583836,-3.105590062111796,close,911,39700.0,stop,-2.2175776397515574,911,39847.5,stop,-1.851118012422361
2026-08-13,2,opening_rebreak_v1,baseline,37,Top21~50,010120,LS ELECTRIC,3.1175059952038398,False,3~4%,0.45977011494252873,0.3~0.5%,906,219000.0,3.767576318223867,2.0x+,3.811081818434304,2.0x+,09:03~09:10,0.9132420091324311,909,-2.511415525114158,933,,,918,932,-0.6849315068493178,-0.6849315068493178,-1.5981735159817378,-2.0547945205479423,close,918,216500.0,stop,-2.513105022831047,918,216810.0,stop,-2.371552511415526
2026-08-13,2,opening_rebreak_v1,baseline,52,Top51~100,100790,미래에셋벤처투자,6.23072177668107,False,5~7%,0.8602150537634409,0.7~1.0%,915,18700.0,1.7112309303444566,1.5~2.0x,1.7606752480045147,1.5~2.0x,09:11~09:20,8.55614973262031,922,-0.5347593582887722,916,916,918,,,5.668449197860959,6.363636363636371,2.35294117647058,0.05347593582887278,close,918,19750.0,take_profit,5.117593582887701,918,18980.499999999996,take_profit,1.0026203208556053
2026-08-13,2,opening_rebreak_v1,baseline,59,Top51~100,034730,SK,2.9357798165137616,False,2~3%,0.3508771929824561,0.3~0.5%,907,574000.0,1.2885714285714285,1.0~1.5x,1.3021830985915492,1.2~1.5x,09:03~09:10,0.8710801393728262,915,-3.3101045296167197,937,,,923,930,0.34843205574912606,0.17421602787457413,-1.3937282229965153,-3.3101045296167197,close,924,568000.0,stop,-2.1463763066202115,923,568260.0,stop,-2.101080139372823
2026-08-13,2,opening_rebreak_v1,baseline,79,Top51~100,093370,후성,2.8310502283104944,False,2~3%,0.8207343412526997,0.7~1.0%,910,11720.0,1.2519516222454679,1.0~1.5x,1.2781248268917145,1.2~1.5x,09:03~09:10,1.0238907849829282,923,-2.9436860068259407,939,923,,911,915,-1.7064846416382284,-1.7918088737201354,-0.5972696245733822,-2.1331058020477855,close,911,11530.0,stop,-2.2777815699658666,911,11602.8,stop,-1.656621160409557
2026-08-13,2,opening_rebreak_v1,baseline,86,Top51~100,126730,코칩,2.3362112747587593,False,2~3%,0.9732360097323601,0.7~1.0%,913,20750.0,1.7059636832887823,1.5~2.0x,1.7394961389799624,1.5~2.0x,09:11~09:20,6.024096385542177,931,-1.2048192771084376,929,918,920,929,,0.7228915662650603,1.2048192771084265,5.542168674698789,0.48192771084336616,close,920,21250.0,take_profit,0.9748192771084414,920,21061.249999999996,take_profit,0.06518072289155641
2026-08-13,2,opening_rebreak_v1,baseline,93,Top51~100,007660,이수페타시스,4.328523862375144,False,4~5%,0.31217481789802287,0.3~0.5%,915,96600.0,2.7335083688874304,2.0x+,2.7563351611119598,2.0x+,09:11~09:20,1.7598343685300222,920,-0.10351966873706209,916,919,,,,1.3457556935817738,1.449275362318847,0.41407867494824835,0.20703933747412417,close,930,97700.0,time_exit,0.39111801242234945,920,98048.99999999999,take_profit,0.75240165631469
2026-08-14,2,opening_rebreak_v1,baseline,12,Top1~20,125490,한라캐스트,3.32409972299168,False,3~4%,0.7588532883642496,0.7~1.0%,911,12150.0,1.2627091817134075,1.0~1.5x,1.310030732031562,1.2~1.5x,09:11~09:20,1.2345679012345734,941,-6.008230452674901,920,941,,914,916,-2.716049382716046,-3.6213991769547316,-5.020576131687237,1.2345679012345734,close,916,11820.0,stop,-3.3575720164609018,914,12028.5,stop,-1.6415226337448567
2026-08-14,2,opening_rebreak_v1,baseline,41,Top21~50,257720,실리콘투,2.450980392156854,False,2~3%,0.6976744186046512,0.5~0.7%,906,43225.0,1.2814843356353183,1.0~1.5x,1.297240290581654,1.2~1.5x,09:03~09:10,4.106419895893576,926,-0.8675534991324452,909,910,911,,,1.6772700983227251,1.6772700983227251,3.4123770965876155,2.486986697513016,close,910,44000.0,take_profit,0.9845748987854246,910,43873.37499999999,take_profit,0.6916310005783592
2026-08-14,2,opening_rebreak_v1,baseline,75,Top51~100,039030,이오테크닉스,2.6420079260237816,False,2~3%,0.6195786864931847,0.5~0.7%,916,404000.0,2.466115702479339,2.0x+,2.4894189945979877,2.0x+,09:11~09:20,1.1138613861386037,936,-1.2376237623762387,928,936,,928,,-0.3712871287128716,-0.3712871287128716,0.7425742574257432,-0.24752475247524774,close,930,402500.0,time_exit,-1.2200990099009905,928,399960.0,stop,-1.8488118811881198
2026-08-18,2,opening_rebreak_v1,baseline,1,Top1~20,000660,SK하이닉스,5.531914893617018,False,5~7%,0.34344590726960506,0.3~0.5%,914,1751000.0,1.309945808096908,1.0~1.5x,1.3146658139487655,1.2~1.5x,09:11~09:20,2.3415191319246187,939,-0.6282124500285535,916,927,937,,,0.17133066818959541,0.5139920045688084,1.6561964591661926,1.7133066818960652,close,930,1769000.0,time_exit,0.5124328954882958,930,1769000.0,time_exit,0.5124328954882958
2026-08-18,2,opening_rebreak_v1,baseline,5,Top1~20,402340,SK스퀘어,3.9861351819757473,False,3~4%,0.49504950495049505,0.3~0.5%,910,1217000.0,1.487384980706441,1.0~1.5x,1.4980976497228768,1.2~1.5x,09:03~09:10,3.9441248972884146,939,-0.41084634346754134,912,920,925,,,0.24650780608053147,1.396877567789656,1.9720624486442073,2.79375513557929,close,923,1236500.0,take_profit,0.9614543960558669,921,1235254.9999999998,take_profit,0.859153656532447
2026-08-18,2,opening_rebreak_v1,baseline,23,Top21~50,032830,삼성생명,2.3255813953488413,False,2~3%,0.4807692307692308,0.3~0.5%,913,312500.0,1.228974121996303,1.0~1.5x,1.233587877470005,1.2~1.5x,09:11~09:20,1.6000000000000014,943,-1.2800000000000034,930,936,,929,,0.16000000000000458,-0.31999999999999806,-0.16000000000000458,1.4399999999999968,close,930,309500.0,time_exit,-1.9900000000000053,929,309375.0,stop,-2.030000000000001
2026-08-18,2,opening_rebreak_v1,baseline,24,Top21~50,002990,금호건설,4.626865671641789,False,4~5%,0.6666666666666667,0.5~0.7%,917,15070.0,1.4467923820642277,1.0~1.5x,1.4722191980576025,1.2~1.5x,09:11~09:20,0.995355009953558,919,-7.033842070338425,947,,,919,920,-2.9860650298606517,-2.7538155275381504,-5.77305905773059,-6.834771068347711,close,920,14770.0,stop,-2.552495023224955,919,14919.3,stop,-1.5617850033178509
2026-08-18,2,opening_rebreak_v1,baseline,46,Top21~50,039030,이오테크닉스,2.4752475247524774,False,2~3%,0.9356725146198831,0.7~1.0%,919,432000.0,2.226470588235294,2.0x+,2.2711577192860615,2.0x+,09:11~09:20,3.935185185185186,933,-0.92592592592593,925,930,933,,,-0.578703703703709,0.4629629629629539,1.041666666666674,-0.11574074074074403,close,930,436000.0,time_exit,0.11722222222222634,930,436000.0,time_exit,0.11722222222222634
2026-08-18,2,opening_rebreak_v1,baseline,48,Top21~50,006260,LS,5.1004636785162205,False,5~7%,0.5681818181818182,0.5~0.7%,922,353000.0,1.7551020408163265,1.5~2.0x,1.7701457725947523,1.5~2.0x,09:21~09:30,1.6997167138810276,925,-2.2662889518413554,935,923,,931,935,0.28328611898016387,-1.2747875354107596,-0.283286118980175,-0.4249291784702569,close,930,351000.0,time_exit,-1.5047875354107638,925,358294.99999999994,take_profit,0.5617847025495653
2026-08-20,2,opening_rebreak_v1,baseline,39,Top21~50,016360,삼성증권,2.0000000000000018,False,2~3%,0.45662100456621,0.3~0.5%,920,88500.0,2.4207792207792207,2.0x+,2.45686881925414,2.0x+,09:11~09:20,3.1638418079096065,937,-0.2259887005649719,921,922,924,,,1.3559322033898313,2.259887005649719,2.598870056497171,2.3728813559322104,close,924,90600.0,take_profit,1.577909604519781,924,89827.49999999999,take_profit,0.7050282485875609
2026-08-20,2,opening_rebreak_v1,baseline,44,Top21~50,064260,다날,6.566200215285245,False,5~7%,0.7604562737642585,0.7~1.0%,909,5280.0,1.503228084958735,1.5~2.0x,1.520506568693893,1.5~2.0x,09:03~09:10,6.25,936,-3.409090909090906,911,922,923,910,910,-2.2727272727272707,-2.4621212121212155,2.2727272727272707,3.2196969696969724,close,910,5190.0,stop,-2.8815151515151554,910,5227.2,stop,-2.1769696969696977
2026-08-20,2,opening_rebreak_v1,baseline,55,Top51~100,010130,고려아연,4.104803493449771,False,4~5%,0.9584664536741214,0.7~1.0%,914,1264000.0,1.7272727272727273,1.5~2.0x,1.7632312471360252,1.5~2.0x,09:11~09:20,2.215189873417711,929,-0.39556962025316666,916,918,926,,,0.8702531645569556,1.2658227848101333,1.661392405063289,0.39556962025315556,close,920,1285000.0,take_profit,1.0358227848101245,920,1282959.9999999998,take_profit,0.8744303797468257
2026-08-20,2,opening_rebreak_v1,baseline,83,Top51~100,086520,에코프로,2.5522041763341052,False,2~3%,0.8908685968819599,0.7~1.0%,916,89900.0,1.7502232427605562,1.5~2.0x,1.767922129485101,1.5~2.0x,09:11~09:20,0.11123470522802492,917,-2.0022246941045596,923,,,919,923,-1.1123470522803158,-0.7786429365962189,-1.1123470522803158,-1.3348164627363768,close,921,88900.0,stop,-1.8985205784204715,919,89001.0,stop,-1.7861735261401566
2026-08-21,2,opening_rebreak_v1,baseline,83,Top51~100,462860,더즌,3.3402922755741082,False,3~4%,0.5649717514124294,0.5~0.7%,908,2680.0,1.3003602742149825,1.0~1.5x,1.3200627026121792,1.2~1.5x,09:03~09:10,0.5597014925373234,909,-8.395522388059707,917,,,909,909,-4.477611940298509,-6.716417910447758,-4.477611940298509,-5.970149253731338,close,909,2610.0,stop,-3.774776119402987,909,2653.2,stop,-2.162835820895534
2026-08-24,2,opening_rebreak_v1,baseline,7,Top1~20,006400,삼성SDI,2.4058577405857706,False,2~3%,0.3883495145631068,0.3~0.5%,923,519000.0,2.2022062761058154,2.0x+,2.2279630746567607,2.0x+,09:21~09:30,0.0,924,-1.7341040462427793,930,,,929,,-0.9633911368015391,-0.19267822736031004,-0.3853564547206201,-0.9633911368015391,close,929,512000.0,stop,-2.5421387283237005,929,513810.0,stop,-2.193391136801542
2026-08-24,2,opening_rebreak_v1,baseline,20,Top1~20,066970,엘앤에프,5.55023923444975,False,5~7%,0.9282700421940928,0.7~1.0%,909,119500.0,1.4324199183398578,1.0~1.5x,1.4587663460293634,1.2~1.5x,09:03~09:10,4.267782426778233,915,-0.33472803347280866,910,910,914,,,3.5983263598326376,2.845188284518829,0.7531380753138084,-0.16736401673640433,close,911,121300.0,take_profit,0.8578661087866126,911,121292.49999999999,take_profit,0.8515899581589861
2026-08-24,2,opening_rebreak_v1,baseline,32,Top21~50,003670,포스코퓨처엠,2.0012911555842505,False,2~3%,0.5444646098003629,0.5~0.7%,905,165900.0,1.2939512961508248,1.0~1.5x,1.3057574211157046,1.2~1.5x,09:03~09:10,4.7016274864376095,915,-0.24110910186859735,907,907,910,,,1.9891500904159143,4.038577456298986,2.290536467751658,1.748040988547328,close,910,169200.0,take_profit,1.45776371308017,908,168388.49999999997,take_profit,0.9686136226642458
2026-08-24,2,opening_rebreak_v1,baseline,44,Top21~50,010130,고려아연,2.991107518189162,False,2~3%,0.5315110098709187,0.5~0.7%,927,1360000.0,1.805728518057285,1.5~2.0x,1.8746494538609983,1.5~2.0x,09:21~09:30,0.0,928,-1.9852941176470629,950,,,928,,-0.07352941176470562,-1.17647058823529,-0.8088235294117618,-1.3235294117647012,close,930,1357000.0,time_exit,-0.8182352941176463,928,1346400.0,stop,-1.5976470588235303
2026-08-24,2,opening_rebreak_v1,baseline,75,Top51~100,462860,더즌,4.142011834319526,False,4~5%,0.5454545454545455,0.5~0.7%,920,2865.0,10.220623584741334,2.0x+,10.794144547832904,2.0x+,09:11~09:20,6.282722513089012,938,-3.4904013961605584,923,931,934,921,921,-2.0942408376963373,0.17452006980802626,2.617801047120416,4.188481675392675,close,921,2805.0,stop,-3.196841186736477,921,2836.35,stop,-2.1026003490401406
2026-08-24,2,opening_rebreak_v1,baseline,81,Top51~100,064260,다날,2.923976608187129,False,2~3%,0.5424954792043399,0.5~0.7%,910,5550.0,1.2237686398554,1.0~1.5x,1.2402692093275642,1.2~1.5x,09:03~09:10,0.18018018018017834,911,-3.2432432432432434,913,,,911,912,-3.063063063063065,-1.2612612612612595,-0.9009009009009028,-1.2612612612612595,close,912,5400.0,stop,-3.8336036036035983,911,5494.5,stop,-2.130900900900902
2026-08-25,2,opening_rebreak_v1,baseline,8,Top1~20,041190,우리기술투자,3.236797274275971,False,3~4%,0.46224961479198773,0.3~0.5%,908,6520.0,1.4903122623947982,1.0~1.5x,1.5041541719526448,1.5~2.0x,09:03~09:10,6.134969325153383,920,-1.6871165644171793,936,909,909,936,,2.60736196319018,3.3742331288343586,4.141104294478537,-0.7668711656441674,close,909,6660.0,take_profit,1.150368098159519,909,6617.799999999999,take_profit,0.5031288343558185
2026-08-25,2,opening_rebreak_v1,baseline,9,Top1~20,000720,현대건설,3.0303030303030276,False,3~4%,0.4456327985739751,0.3~0.5%,928,113700.0,2.3195378649996043,2.0x+,2.361069429278917,2.0x+,09:21~09:30,2.9903254177660488,940,-0.26385224274406704,929,929,933,,,1.4951627088830355,2.2867194371152255,1.2313104661389573,1.4951627088830355,close,930,114900.0,time_exit,0.3856552330694737,930,114900.0,time_exit,0.3856552330694737
2026-08-25,2,opening_rebreak_v1,baseline,50,Top21~50,124500,아이티센글로벌,3.562005277044844,False,3~4%,0.6242197253433208,0.5~0.7%,913,41050.0,2.530878743249877,2.0x+,2.6103661409650116,2.0x+,09:11~09:20,2.3142509135200884,915,-10.96224116930572,934,914,914,920,921,0.4872107186357999,-1.8270401948842885,-9.744214372716197,-7.67356881851401,close,915,41700.0,take_profit,0.744421437271615,914,41665.74999999999,take_profit,0.6609866017052278
2026-08-25,2,opening_rebreak_v1,baseline,84,Top51~100,083650,비에이치아이,3.046594982078843,False,3~4%,0.6872852233676976,0.5~0.7%,925,58400.0,1.519539427773901,1.5~2.0x,1.5353131934601352,1.5~2.0x,09:21~09:30,4.452054794520555,940,-0.1712328767123239,926,927,930,,,3.424657534246567,3.595890410958913,2.910958904109595,0.25684931506848585,close,930,60400.0,take_profit,2.338493150684923,930,59275.99999999999,take_profit,0.4138356164383463
2026-08-26,2,opening_rebreak_v1,baseline,9,Top1~20,047040,대우건설,3.5754824063564117,False,3~4%,0.43478260869565216,0.3~0.5%,909,18560.0,2.4670757417904694,2.0x+,2.4993955113335757,2.0x+,09:03~09:10,1.724137931034475,922,-1.4008620689655138,915,920,,911,,-0.592672413793105,0.37715517241379004,0.1616379310344751,0.8081896551724199,close,921,18860.0,take_profit,1.1169827586206797,911,18374.4,stop,-1.4993965517241277
2026-08-26,2,opening_rebreak_v1,baseline,10,Top1~20,032830,삼성생명,2.807017543859658,False,2~3%,0.33783783783783783,0.3~0.5%,916,297500.0,1.5448139797068772,1.5~2.0x,1.557905623602698,1.5~2.0x,09:11~09:20,2.184873949579824,946,-0.3361344537815114,926,918,946,,,1.0084033613445342,-0.3361344537815114,0.1680672268907557,2.0168067226890685,close,930,300500.0,time_exit,-0.061932773109247385,930,300500.0,time_exit,-0.061932773109247385
2026-08-26,2,opening_rebreak_v1,baseline,12,Top1~20,128940,한미약품,5.189620758483038,False,5~7%,0.3629764065335753,0.3~0.5%,924,556000.0,2.0811364694923147,2.0x+,2.1207548097558577,2.0x+,09:21~09:30,1.4388489208633004,925,-4.316546762589923,942,925,,928,933,-0.3597122302158251,-1.7985611510791366,-2.877697841726623,-0.8992805755395739,close,930,553000.0,time_exit,-1.668848920863306,928,550440.0,stop,-2.1292805755395694
2026-08-26,2,opening_rebreak_v1,baseline,13,Top1~20,000720,현대건설,4.616652926628184,False,4~5%,0.703125,0.7~1.0%,930,129100.0,2.1963174385166746,2.0x+,2.223778308903141,2.0x+,09:21~09:30,0.5422153369480931,952,-1.3168086754453912,937,,,935,,-0.5422153369481042,-0.8520526723470145,-0.30983733539891034,0.15491866769945517,close,930,129100.0,time_exit,-0.6172966692486445,930,129100.0,time_exit,-0.6172966692486445
2026-08-26,2,opening_rebreak_v1,baseline,18,Top1~20,015760,한국전력,2.1406727828746197,False,2~3%,0.5763688760806917,0.5~0.7%,920,34800.0,2.6611933348180843,2.0x+,2.684334146425198,2.0x+,09:11~09:20,4.597701149425282,943,-0.1436781609195359,928,925,931,,,1.0057471264367734,1.4367816091954033,2.586206896551735,3.0172413793103425,close,930,35300.0,time_exit,0.48839080459770223,930,35300.0,time_exit,0.48839080459770223
2026-08-26,2,opening_rebreak_v1,baseline,20,Top1~20,003490,대한항공,2.091254752851701,False,2~3%,0.3676470588235294,0.3~0.5%,914,27400.0,3.929518213994606,2.0x+,3.9678431260680713,2.0x+,09:11~09:20,0.36496350364962904,915,-0.7299270072992692,922,,,,,-0.36496350364964014,-0.36496350364964014,-0.18248175182481452,-0.18248175182481452,close,930,27250.0,time_exit,-1.6898540145985421,930,27250.0,time_exit,-1.6898540145985421
2026-08-26,2,opening_rebreak_v1,baseline,73,Top51~100,053690,한미글로벌,2.974186307519644,False,2~3%,0.7836990595611284,0.7~1.0%,908,19300.0,2.927441352973268,2.0x+,2.9752300217158543,2.0x+,09:03~09:10,6.476683937823835,914,0.2072538860103723,909,909,909,,,6.217616580310881,4.663212435233155,0.8290155440414448,5.181347150259064,close,909,19690.0,take_profit,1.5316580310880767,909,19589.499999999996,take_profit,1.0109326424870368
2026-08-27,2,opening_rebreak_v1,baseline,9,Top1~20,010170,대한광통신,4.37037037037038,False,4~5%,0.8922443376801648,0.7~1.0%,911,14770.0,1.4716701648326367,1.0~1.5x,1.5053025162450169,1.5~2.0x,09:11~09:20,2.3019634394042088,915,-2.5050778605280932,934,912,915,918,933,0.0,-0.20311442112389555,-1.6249153689911977,-0.8801624915368955,close,918,14600.0,stop,-1.7195057549086041,915,14991.55,take_profit,0.9314759647934905
2026-08-27,2,opening_rebreak_v1,baseline,18,Top1~20,267260,HD현대일렉트릭,6.139154160982274,False,5~7%,0.7509386733416771,0.7~1.0%,926,801000.0,1.48,1.0~1.5x,1.4949306431273643,1.2~1.5x,09:21~09:30,0.6242197253433224,928,-1.4981273408239737,956,,,938,,-0.12484394506866447,-0.7490636704119868,-0.3745318352059934,-1.3732833957553092,close,930,802000.0,time_exit,-0.7293757802746563,930,802000.0,time_exit,-0.7293757802746563
2026-08-27,2,opening_rebreak_v1,baseline,19,Top1~20,062040,산일전기,6.78349349915206,False,5~7%,0.31007751937984496,0.3~0.5%,915,196100.0,1.3215912954777287,1.0~1.5x,1.3435150494721753,1.2~1.5x,09:11~09:20,1.4278429372768908,917,-1.8867924528301883,938,917,,918,,0.3059663437021909,-0.2549719530851591,-0.9688934217236156,-0.3059663437021909,close,918,193900.0,stop,-1.6068485466598716,918,194139.0,stop,-1.4849719530851615
2026-08-27,2,opening_rebreak_v1,baseline,23,Top21~50,000500,가온전선,3.8416075650118175,False,3~4%,0.39615166949632147,0.3~0.5%,923,177000.0,1.757057757057757,1.5~2.0x,1.7670410397683125,1.5~2.0x,09:21~09:30,0.8474576271186418,928,-2.1468926553672274,953,,,932,953,0.6779661016949046,-0.5649717514124242,0.621468926553681,-1.9209039548022555,close,930,177000.0,time_exit,-0.5124858757062147,930,177000.0,time_exit,-0.5124858757062147
2026-08-27,2,opening_rebreak_v1,baseline,42,Top21~50,069540,빛과전자,4.569420035149374,False,4~5%,0.764525993883792,0.7~1.0%,911,3300.0,1.4497643445223851,1.0~1.5x,1.4743366215481883,1.2~1.5x,09:11~09:20,1.5151515151515138,915,-5.454545454545457,919,912,,916,916,-1.9696969696969657,-3.4848484848484795,-3.6363636363636376,-4.09090909090909,close,916,3235.0,stop,-2.9572727272727235,915,3349.4999999999995,take_profit,0.5124242424242327
2026-08-28,2,opening_rebreak_v1,baseline,8,Top1~20,001210,금호전기,3.406326034063256,False,3~4%,0.33975084937712347,0.3~0.5%,921,8950.0,2.0346905435124096,2.0x+,2.090366819137259,2.0x+,09:21~09:30,15.083798882681565,951,-1.1173184357541888,922,923,923,922,,3.1284916201117285,6.9273743016759814,9.832402234636861,12.737430167597763,close,923,9150.0,take_profit,1.4459776536312825,922,8860.5,stop,-1.788659217877096
2026-08-28,2,opening_rebreak_v1,baseline,23,Top21~50,0155E0,해치텍,3.3827893175074175,False,3~4%,0.8192244675040962,0.7~1.0%,912,18760.0,2.7311525736628672,2.0x+,2.8482338078049287,2.0x+,09:11~09:20,5.117270788912576,921,-3.3582089552238847,942,915,916,934,934,1.279317697228155,3.4115138592750505,1.2260127931769782,-3.3582089552238847,close,915,19090.0,take_profit,1.2625373134328384,915,19041.399999999998,take_profit,1.0034754797441265
2026-08-28,2,opening_rebreak_v1,baseline,65,Top51~100,018260,삼성에스디에스,2.136752136752129,False,2~3%,0.6147540983606558,0.5~0.7%,916,244500.0,1.6692751235584844,1.5~2.0x,1.6830423410723687,1.5~2.0x,09:11~09:20,0.0,917,-1.6359918200409052,933,,,917,,-1.0224948875255602,-0.8179959100204526,-1.4314928425357865,-1.2269938650306789,close,921,242000.0,stop,-2.2749897750511225,917,242055.0,stop,-2.2524948875255633
2026-08-28,2,opening_rebreak_v1,baseline,70,Top51~100,010950,S-Oil,3.584491587417693,False,3~4%,0.34602076124567477,0.3~0.5%,914,144900.0,2.2790533102689103,2.0x+,2.308945376515729,2.0x+,09:11~09:20,4.00276052449966,927,-0.6211180124223614,915,922,924,,,-0.20703933747412417,2.346445824706689,2.00138026224983,1.3802622498274575,close,923,147500.0,take_profit,1.219275362318839,923,147073.5,take_profit,0.9249344375431234
2026-08-28,2,opening_rebreak_v1,baseline,73,Top51~100,234340,헥토파이낸셜,3.0660377358490587,False,3~4%,0.6696428571428571,0.5~0.7%,930,22600.0,2.1004670982545277,2.0x+,2.127782303889771,2.0x+,09:21~09:30,2.8761061946902755,931,-1.5486725663716783,947,931,931,947,,2.212389380530966,1.9911504424778848,-0.4424778761061954,1.9911504424778848,close,930,22600.0,time_exit,-1.3361946902654867,930,22600.0,time_exit,-1.3361946902654867
2026-08-31,2,opening_rebreak_v1,baseline,18,Top1~20,096770,SK이노베이션,2.0530367835757124,False,2~3%,0.7389162561576355,0.7~1.0%,920,121900.0,2.2890382626680457,2.0x+,2.300418403175009,2.0x+,09:11~09:20,2.789171452009853,940,-0.08203445447088065,921,921,924,,,1.8867924528301883,1.4766201804758072,2.625102543068092,1.8047579983593076,close,925,124200.0,take_profit,1.2466201804757993,924,123728.49999999999,take_profit,0.8598277276456013
2026-08-31,2,opening_rebreak_v1,baseline,31,Top21~50,066970,엘앤에프,2.002967359050456,False,2~3%,0.3543586109142452,0.3~0.5%,911,142500.0,2.7714228106727603,2.0x+,2.8046453560019016,2.0x+,09:11~09:20,2.807017543859658,938,-0.7017543859649145,918,921,923,,,0.5614035087719405,1.2631578947368327,1.7543859649122862,1.333333333333342,close,922,144800.0,take_profit,1.0331578947368338,922,144637.5,take_profit,0.9191228070175341
2026-08-31,2,opening_rebreak_v1,baseline,61,Top51~100,067290,JW신약,4.047619047619055,False,4~5%,0.43859649122807015,0.3~0.5%,905,2305.0,1.2734447380159901,1.0~1.5x,1.293079348514034,1.2~1.5x,09:03~09:10,5.206073752711493,911,-1.5184381778741818,924,906,906,921,,3.470715835141003,1.7353579175704903,-0.4338394793926281,2.819956616052055,close,906,2345.0,take_profit,0.42075921908892844,906,2339.575,take_profit,0.18540130151842837
2026-09-01,2,opening_rebreak_v1,baseline,30,Top21~50,067290,JW신약,3.2608695652173836,False,3~4%,0.41753653444676403,0.3~0.5%,906,2450.0,3.5907457835319954,2.0x+,3.685210096900808,2.0x+,09:03~09:10,13.877551020408173,935,-1.4285714285714235,914,907,918,914,,-0.40816326530612734,-0.40816326530612734,4.367346938775518,13.877551020408173,close,918,2510.0,take_profit,1.1985714285714357,907,2486.7499999999995,take_profit,0.2495918367346841
2026-09-02,2,opening_rebreak_v1,baseline,21,Top21~50,387690,레메디,2.8295376121463045,False,2~3%,0.9913258983890955,0.7~1.0%,914,16780.0,2.4307953196540613,2.0x+,2.5524872004878065,2.0x+,09:11~09:20,4.052443384982118,927,-3.158522050059598,917,921,921,915,916,-0.5363528009535212,2.681764004767584,-1.1323003575685386,0.9535160905840279,close,916,16430.0,stop,-2.6137902264600754,915,16612.2,stop,-1.5279737783075098
2026-09-02,2,opening_rebreak_v1,baseline,84,Top51~100,047770,코데즈컴바인,2.1518987341772045,False,2~3%,0.6142506142506142,0.5~0.7%,910,4095.0,2.5961685492130813,2.0x+,2.6282596314036013,2.0x+,09:03~09:10,3.663003663003672,915,-2.8083028083028094,925,911,915,912,923,1.5873015873015817,0.6105006105006083,-0.48840048840048667,-0.12210012210012167,close,913,4040.0,stop,-2.183601953601949,912,4054.05,stop,-1.8405006105006114
2026-09-03,2,opening_rebreak_v1,baseline,91,Top51~100,028670,팬오션,2.177858439201441,False,2~3%,0.5163511187607573,0.5~0.7%,926,5910.0,8.418407179010343,2.0x+,8.705752627639061,2.0x+,09:21~09:30,2.876480541455151,939,-0.8460236886632777,929,928,936,,,-0.16920473773265332,2.1996615905245376,1.861252115059231,1.1844331641285955,close,930,5930.0,time_exit,-0.7376142131979759,930,5930.0,time_exit,-0.7376142131979759
2026-09-03,2,opening_rebreak_v1,baseline,99,Top51~100,079900,전진건설로봇,3.748326639892907,False,3~4%,0.5128205128205128,0.5~0.7%,926,39100.0,5.971308339709258,2.0x+,6.050961226963878,2.0x+,09:21~09:30,0.38363171355497716,927,-1.9181585677749413,954,,,928,,-1.1508951406649648,-0.5115089514066473,-1.0230179028132946,-1.9181585677749413,close,928,38600.0,stop,-2.148158567774936,928,38709.0,stop,-1.869386189258313
2026-09-04,2,opening_rebreak_v1,baseline,13,Top1~20,010950,S-Oil,3.4482758620689724,False,3~4%,0.5015673981191223,0.5~0.7%,906,159900.0,1.4690103869421298,1.0~1.5x,1.4801182159549249,1.2~1.5x,09:03~09:10,2.4390243902439046,936,-0.6253908692933074,924,908,918,,,0.8755472170106415,1.563477173233263,0.3126954346466482,2.4390243902439046,close,908,162700.0,take_profit,1.2083989993746067,908,162298.49999999997,take_profit,0.9573045653533361
2026-09-04,2,opening_rebreak_v1,baseline,14,Top1~20,032940,원익,2.0979020979021046,False,2~3%,0.7641921397379913,0.7~1.0%,917,9290.0,2.020870715951911,2.0x+,2.0653343180630643,2.0x+,09:11~09:20,7.427341227125939,928,-1.829924650161463,918,922,922,918,,3.659849300322926,6.350914962325072,2.0452099031216253,4.305705059203446,close,920,9190.0,stop,-1.8446393972012864,918,9197.1,stop,-1.7682131324004313
2026-09-04,2,opening_rebreak_v1,baseline,27,Top21~50,058610,에스피지,3.221957040572798,False,3~4%,0.8978675645342313,0.7~1.0%,909,90100.0,3.3705574261129816,2.0x+,3.439266411016757,2.0x+,09:03~09:10,4.328523862375144,930,-0.6659267480577102,911,914,918,,,0.5549389567147678,1.442841287458374,3.440621531631516,1.9977802441731418,close,917,91600.0,take_profit,0.8798779134295198,916,91451.49999999999,take_profit,0.7150610432852289
2026-09-04,2,opening_rebreak_v1,baseline,46,Top21~50,039030,이오테크닉스,2.9904306220095656,False,2~3%,0.44692737430167595,0.3~0.5%,908,451000.0,4.6139872842870115,2.0x+,4.670950090265864,2.0x+,09:03~09:10,0.44345898004434225,911,-1.4412416851441234,910,,,910,,-0.3325942350332567,-0.6651884700665134,-0.6651884700665134,-0.77605321507761,close,930,448500.0,time_exit,-1.33864745011086,910,446490.0,stop,-1.7843237250554331
2026-09-04,2,opening_rebreak_v1,baseline,63,Top51~100,277810,레인보우로보틱스,3.7800687285223455,False,3~4%,0.4287245444801715,0.3~0.5%,916,468000.0,1.5599630996309963,1.5~2.0x,1.5688975324281407,1.5~2.0x,09:11~09:20,1.2820512820512775,928,-2.1367521367521403,944,925,,939,944,-0.10683760683760646,0.7478632478632452,-0.21367521367521292,-1.388888888888884,close,930,473000.0,time_exit,0.3041880341880304,930,473000.0,time_exit,0.3041880341880304
2026-09-07,2,opening_rebreak_v1,baseline,8,Top1~20,066570,LG전자,5.459057071960305,False,5~7%,0.9009009009009009,0.7~1.0%,922,222500.0,2.2580503144654087,2.0x+,2.2738205154753253,2.0x+,09:21~09:30,1.348314606741563,927,-1.1235955056179803,950,926,,950,,1.348314606741563,0.8988764044943753,0.44943820224718767,-0.44943820224718767,close,930,223500.0,time_exit,-0.9041573033707899,930,223500.0,time_exit,-0.9041573033707899
2026-09-07,2,opening_rebreak_v1,baseline,14,Top1~20,012210,삼미금속,3.7125748502994105,False,3~4%,0.4576659038901602,0.3~0.5%,919,8900.0,3.011514195583596,2.0x+,3.0717093779781144,2.0x+,09:11~09:20,5.842696629213484,939,-1.2359550561797716,922,920,920,922,,-0.3370786516853963,1.2359550561797716,4.831460674157295,4.719101123595504,close,920,9040.0,take_profit,0.7812359550561792,920,9033.5,take_profit,0.7082022471910014
2026-09-07,2,opening_rebreak_v1,baseline,15,Top1~20,336260,두산퓨얼셀,4.104903078677302,False,4~5%,0.5091649694501018,0.5~0.7%,913,49600.0,1.2161659295409486,1.0~1.5x,1.2348378731879437,1.2~1.5x,09:11~09:20,9.677419354838701,941,0.0,914,914,916,,,4.233870967741926,1.2096774193548487,4.0322580645161255,8.064516129032251,close,916,51300.0,take_profit,2.693387096774185,916,50343.99999999999,take_profit,0.7659677419354741
2026-09-07,2,opening_rebreak_v1,baseline,22,Top21~50,403870,HPSP,2.3622047244094446,False,2~3%,0.3795066413662239,0.3~0.5%,907,52900.0,2.007356399059456,2.0x+,2.02265054305229,2.0x+,09:03~09:10,0.1890359168241984,908,-2.6465028355387554,921,,,910,919,-1.2287334593572785,-1.1342155009451793,-1.984877126654061,-1.3232514177693777,close,910,52200.0,stop,-2.498431001890361,910,52371.0,stop,-2.175179584120984
2026-09-07,2,opening_rebreak_v1,baseline,23,Top21~50,387690,레메디,2.0952380952381056,False,2~3%,0.6695069993913573,0.5~0.7%,914,16590.0,2.1589089428687744,2.0x+,2.194626186408883,2.0x+,09:11~09:20,3.074141048824597,922,-0.7836045810729386,915,916,922,,,-0.12055455093429313,1.6877637130801704,2.591922845087402,-0.3616636528028905,close,921,16850.0,take_profit,1.035822784810133,920,16838.85,take_profit,0.9686136226642458
2026-09-07,2,opening_rebreak_v1,baseline,33,Top21~50,004310,현대약품,3.1446540880503138,False,3~4%,0.8323424494649228,0.7~1.0%,912,8550.0,2.4388613677374007,2.0x+,2.500271546061724,2.0x+,09:11~09:20,7.719298245614037,926,-2.1052631578947323,917,913,920,916,917,-1.7543859649122862,2.5730994152046716,3.274853801169586,1.637426900584793,close,917,8400.0,stop,-2.5691812865497132,916,8464.5,stop,-1.8147953216374277
2026-09-07,2,opening_rebreak_v1,baseline,50,Top21~50,095610,테스,5.040871934604896,False,5~7%,0.6277463904582549,0.5~0.7%,906,160300.0,1.828520459360018,1.5~2.0x,1.851622423470694,1.5~2.0x,09:03~09:10,1.6219588271989993,917,-1.8714909544603864,925,915,,910,,-0.24953212726138707,1.3100436681222627,-1.3724266999376122,-1.1852776044915747,close,922,158400.0,stop,-1.727192763568306,910,158697.0,stop,-1.5419151590767322
2026-09-07,2,opening_rebreak_v1,baseline,58,Top51~100,000990,DB하이텍,5.672969966629582,False,5~7%,0.5888125613346418,0.5~0.7%,925,102850.0,1.7898102249728682,1.5~2.0x,1.8106248730401664,1.5~2.0x,09:21~09:30,0.6319883325230924,937,-1.1181332036947045,952,,,952,,0.1458434613514914,0.3403014098201318,0.437530384054452,-0.0486144871171601,close,930,103000.0,time_exit,-0.5703014098201178,930,103000.0,time_exit,-0.5703014098201178
2026-09-07,2,opening_rebreak_v1,baseline,62,Top51~100,039030,이오테크닉스,5.643340857787815,False,5~7%,0.5291005291005291,0.5~0.7%,909,474000.0,1.4764930114358323,1.0~1.5x,1.489058909405499,1.2~1.5x,09:03~09:10,0.21097046413502962,910,-1.4767932489451518,926,,,925,,-0.8438818565400852,-0.10548523206751481,-0.31645569620253333,-0.10548523206751481,close,925,468500.0,stop,-1.9177637130801712,925,469260.0,stop,-1.7574261603375536
2026-09-07,2,opening_rebreak_v1,baseline,69,Top51~100,062040,산일전기,2.1909233176838905,False,2~3%,0.5583756345177665,0.5~0.7%,926,197800.0,2.6911764705882355,2.0x+,2.706975074596729,2.0x+,09:21~09:30,0.15166835187057082,936,-0.8088978766430777,940,,,,,-0.15166835187057082,-0.05055611729019027,-0.4044489383215333,-0.2022244691607722,close,930,197700.0,time_exit,-0.5333367037411508,930,197700.0,time_exit,-0.5333367037411508
2026-09-07,2,opening_rebreak_v1,baseline,70,Top51~100,001210,금호전기,2.465078060805248,False,2~3%,0.47244094488188976,0.3~0.5%,916,13120.0,1.3323486679474204,1.0~1.5x,1.3829441869833983,1.2~1.5x,09:11~09:20,2.820121951219523,918,-4.115853658536583,932,918,918,920,921,-1.6768292682926789,-1.4481707317073211,-3.658536585365857,-2.286585365853655,close,918,13490.0,take_profit,2.209024390243913,918,13316.8,take_profit,0.8889024390243805
2026-09-07,2,opening_rebreak_v1,baseline,71,Top51~100,067310,하나마이크론,3.8737446197991465,False,3~4%,0.40540540540540543,0.3~0.5%,909,37150.0,1.3337534246575342,1.0~1.5x,1.3446116614932808,1.2~1.5x,09:03~09:10,1.076716016150736,935,-1.4804845222072704,915,935,,914,,-0.9421265141319024,0.40376850605652326,-0.40376850605652326,0.40376850605652326,close,930,37200.0,time_exit,-0.7683580080753789,914,36778.5,stop,-1.9029475100942135
2026-09-07,2,opening_rebreak_v1,baseline,76,Top51~100,031980,피에스케이홀딩스,5.555555555555558,False,5~7%,0.3215434083601286,0.3~0.5%,908,159200.0,3.6248097412480975,2.0x+,3.7230303923012715,2.0x+,09:03~09:10,4.020100502512558,917,-0.6909547738693456,910,913,914,,,0.6909547738693567,3.454773869346739,2.82663316582914,3.015075376884413,close,914,163500.0,take_profit,2.1569346733668304,913,161587.99999999997,take_profit,0.9559296482411962
2026-09-07,2,opening_rebreak_v1,baseline,77,Top51~100,319660,피에스케이,3.1620553359683834,False,3~4%,0.30007501875468867,0.3~0.5%,912,133400.0,1.266580811332904,1.0~1.5x,1.2713459761610941,1.2~1.5x,09:11~09:20,0.7496251874062887,917,-2.5487256371814038,938,,,921,924,0.14992503748125774,-1.2743628185907019,-1.799100449775115,-2.0239880059970017,close,921,132000.0,stop,-1.6542878560719636,921,132066.0,stop,-1.6048125937031492
2026-09-08,2,opening_rebreak_v1,baseline,3,Top1~20,386380,스카이랩스,3.6006546644844484,False,3~4%,0.5805515239477503,0.5~0.7%,922,35350.0,1.3879169058411356,1.0~1.5x,1.477671807154792,1.2~1.5x,09:21~09:30,11.315417256011306,934,-0.4243281471004279,923,923,923,,,6.082036775106081,6.223479490806216,6.364922206506374,3.6775106082036713,close,923,35950.0,take_profit,0.7600990099009821,923,35880.25,take_profit,0.562786421499283
2026-09-08,2,opening_rebreak_v1,baseline,23,Top21~50,032820,우리기술,3.4798534798534897,False,3~4%,0.9009009009009009,0.7~1.0%,911,12450.0,1.9401504267257965,1.5~2.0x,1.9962704803914186,1.5~2.0x,09:11~09:20,0.8032128514056325,912,-6.827309236947787,933,,,913,916,-2.8112449799196804,-4.578313253012045,-5.702811244979921,-5.702811244979921,close,914,12310.0,stop,-1.756104417670688,913,12325.5,stop,-1.6316064257028122
2026-09-08,2,opening_rebreak_v1,baseline,29,Top21~50,388050,지투파워,2.103250478011476,False,2~3%,0.4578754578754579,0.3~0.5%,909,10940.0,1.3472968508181613,1.0~1.5x,1.3559730954876434,1.2~1.5x,09:03~09:10,2.2851919561243106,912,-5.118829981718465,930,911,912,916,918,0.0914076782449813,-1.7367458866544783,-4.478976234003651,-4.570383912248632,close,916,10810.0,stop,-1.875338208409509,911,11104.099999999999,take_profit,0.8129616087751274
2026-09-08,2,opening_rebreak_v1,baseline,66,Top51~100,162300,신스틸,2.117647058823535,False,2~3%,0.672645739910314,0.5~0.7%,914,2265.0,1.9918715956577209,1.5~2.0x,2.031403166269742,2.0x+,09:11~09:20,1.5452538631346657,917,-3.7527593818984517,920,917,,917,919,-2.428256070640178,-2.8697571743929395,-3.532008830022071,-2.428256070640178,close,917,2230.0,stop,-2.8790066225165534,917,2242.35,stop,-2.333752759381899
2026-09-08,2,opening_rebreak_v1,baseline,86,Top51~100,0155E0,해치텍,3.0716723549488067,False,3~4%,0.8888888888888888,0.7~1.0%,927,15980.0,2.20027532893866,2.0x+,2.2524279152107485,2.0x+,09:21~09:30,4.380475594493127,934,-4.818523153942433,952,928,928,944,945,0.9386733416770987,1.8147684605757108,-3.1914893617021267,-4.693366708385483,close,928,16280.0,take_profit,1.334455569461832,928,16219.699999999999,take_profit,0.9571088861076248
2026-09-09,2,opening_rebreak_v1,baseline,8,Top1~20,010170,대한광통신,4.087591240875921,False,4~5%,0.9993337774816788,0.7~1.0%,910,15220.0,1.5648070436586485,1.5~2.0x,1.5944182620307228,1.5~2.0x,09:03~09:10,4.2049934296977565,919,-2.431011826544016,929,912,912,925,929,1.708278580814726,1.3140604467805517,-0.854139290407363,-0.26281208935611255,close,912,15530.0,take_profit,1.478278580814726,912,15448.3,take_profit,0.9414848883048522
2026-09-09,2,opening_rebreak_v1,baseline,10,Top1~20,034020,두산에너빌리티,2.7932960893854775,False,2~3%,0.42462845010615713,0.3~0.5%,926,94300.0,1.7269983448544446,1.5~2.0x,1.7362040929613445,1.5~2.0x,09:21~09:30,0.10604453870626251,927,-2.0148462354188768,954,,,931,954,-1.166489925768821,-1.166489925768821,-1.166489925768821,-1.8027571580063628,close,930,93600.0,time_exit,-1.5025344644750764,930,93600.0,time_exit,-1.5025344644750764
2026-09-09,2,opening_rebreak_v1,baseline,36,Top21~50,000720,현대건설,2.2070015220700068,False,2~3%,0.3895184135977337,0.3~0.5%,915,141400.0,1.5848750959161053,1.5~2.0x,1.5898544373431505,1.5~2.0x,09:11~09:20,0.28288543140029265,916,-3.111739745403108,931,,,918,919,-1.768033946251768,-2.0509193776520496,-2.545968882602545,-2.40452616690241,close,918,139400.0,stop,-1.9980339462517724,918,139986.0,stop,-1.5836067892503545
2026-09-09,2,opening_rebreak_v1,baseline,37,Top21~50,010120,LS ELECTRIC,2.244389027431426,False,2~3%,0.4796163069544364,0.3~0.5%,915,210000.0,8.02943673931503,2.0x+,8.115085216649787,2.0x+,09:11~09:20,0.4761904761904745,916,-0.952380952380949,928,,,,,-0.4761904761904745,-0.4761904761904745,-0.4761904761904745,-0.23809523809523725,close,930,209500.0,time_exit,-1.6585714285714277,930,209500.0,time_exit,-1.6585714285714277
2026-09-09,2,opening_rebreak_v1,baseline,52,Top51~100,000990,DB하이텍,5.996131528046411,False,5~7%,0.3499562554680665,0.3~0.5%,912,116000.0,2.4378667133724496,2.0x+,2.4814784816881144,2.0x+,09:11~09:20,0.5172413793103514,913,-3.4482758620689613,927,,,917,923,-0.9482758620689702,-1.6379310344827536,-1.9827586206896508,-1.8103448275862077,close,921,114100.0,stop,-2.298965517241374,917,114840.0,stop,-1.6610344827586214
2026-09-09,2,opening_rebreak_v1,baseline,68,Top51~100,017900,광전자,2.2004889975550057,False,2~3%,0.3472222222222222,0.3~0.5%,911,8790.0,2.0088911677430614,2.0x+,2.050888892504241,2.0x+,09:11~09:20,4.095563139931735,914,-3.4129692832764458,936,912,913,923,925,1.1376564277588264,0.0,-2.8441410693970437,-2.0477815699658675,close,913,8980.0,take_profit,1.3627189988623463,913,8921.849999999999,take_profit,0.7011717861205818
2026-09-09,2,opening_rebreak_v1,baseline,72,Top51~100,119850,지엔씨에너지,6.808035714285721,False,5~7%,0.31088082901554404,0.3~0.5%,919,48350.0,1.5278977681785457,1.5~2.0x,1.5358390247699103,1.5~2.0x,09:11~09:20,3.412616339193386,933,-0.10341261633919352,920,921,922,,,0.6204756980351611,2.2750775594622574,0.5170630816959676,2.6887280248190315,close,921,49300.0,take_profit,1.21777662874871,921,49075.24999999999,take_profit,0.7529369183040233
2026-09-09,2,opening_rebreak_v1,baseline,96,Top51~100,388050,지투파워,2.3550724637681153,False,2~3%,0.34393809114359414,0.3~0.5%,908,11730.0,1.9227709591531918,1.5~2.0x,1.945996837866,1.5~2.0x,09:03~09:10,0.8525149190110826,909,-3.8363171355498715,920,,,910,912,-0.9377664109121886,-2.898550724637683,-1.8755328218243772,-3.4100596760443302,close,910,11580.0,stop,-1.935029838022165,910,11612.7,stop,-1.656257459505531
2026-09-10,2,opening_rebreak_v1,baseline,13,Top1~20,024060,흥구석유,5.2936311000827185,False,5~7%,0.8052708638360175,0.7~1.0%,910,13790.0,2.303743858388137,2.0x+,2.3608920635225306,2.0x+,09:03~09:10,9.499637418419148,934,-0.7251631617113841,911,911,914,,,0.9427121102248082,3.6983321247280543,7.614213197969533,7.976794778825225,close,912,14000.0,take_profit,0.9302610587382095,912,13996.849999999999,take_profit,0.9074184191442977
2026-09-14,2,opening_rebreak_v1,baseline,66,Top51~100,042510,라온시큐어,3.837953091684443,False,3~4%,0.6937561942517344,0.5~0.7%,908,10200.0,1.2535292422932873,1.0~1.5x,1.2760477316758014,1.2~1.5x,09:03~09:10,17.74509803921569,927,-0.7843137254901933,909,911,912,,,1.0784313725490158,6.372549019607843,14.607843137254894,10.392156862745106,close,912,10400.0,take_profit,1.2405882352941107,911,10352.999999999998,take_profit,0.7798039215686177
2026-09-14,2,opening_rebreak_v1,baseline,82,Top51~100,263860,지니언스,2.0648967551622377,False,2~3%,0.34207525655644244,0.3~0.5%,910,17610.0,2.9520227688554583,2.0x+,2.9739771715986625,2.0x+,09:03~09:10,9.42646223736514,932,-0.11357183418512218,911,911,912,,,2.2714366837024436,3.180011357183421,8.85860306643953,4.8268029528676815,close,912,17970.0,take_profit,1.530363429869394,912,17874.149999999998,take_profit,0.986070414537185
2026-09-14,2,opening_rebreak_v1,baseline,84,Top51~100,090460,비에이치,2.681388012618302,False,2~3%,0.8028098344204716,0.7~1.0%,916,20150.0,2.4804540763673892,2.0x+,2.5281309883056595,2.0x+,09:11~09:20,2.2332506203474045,925,-0.7444168734491274,919,921,925,,,0.7444168734491274,1.7369727047146455,-0.496277915632759,1.4888337468982549,close,925,20550.0,take_profit,0.5144168734491279,925,20452.249999999996,take_profit,0.02930521091810423
2026-09-15,2,opening_rebreak_v1,baseline,30,Top21~50,000990,DB하이텍,3.9532794249775405,False,3~4%,0.676818950930626,0.5~0.7%,925,118600.0,1.2717239776951672,1.0~1.5x,1.2847228599203309,1.2~1.5x,09:21~09:30,1.180438448566612,943,-1.3490725126475533,929,942,,929,,-0.8431703204047181,-1.180438448566612,0.6745362563237878,-0.3372681281618939,close,929,117100.0,stop,-1.9163406408094437,929,117414.0,stop,-1.651585160202362
2026-09-15,2,opening_rebreak_v1,baseline,62,Top51~100,158430,아톤,3.9094650205761416,False,3~4%,0.5714285714285714,0.5~0.7%,909,5470.0,2.9680244662368804,2.0x+,3.1101712318612518,2.0x+,09:03~09:10,1.4625228519195677,910,-8.683729433272392,930,910,,910,913,-1.2797074954296161,-5.667276051188297,-8.59232175502742,-6.39853747714808,close,913,5320.0,stop,-3.8863071297988983,910,5415.3,stop,-2.1440767824497264
2026-09-16,2,opening_rebreak_v1,baseline,32,Top21~50,452280,한선엔지니어링,3.1805425631431294,False,3~4%,0.4405286343612335,0.3~0.5%,911,11520.0,1.5764087607307946,1.5~2.0x,1.6070999047450225,1.5~2.0x,09:11~09:20,10.590277777777768,933,-1.128472222222221,912,912,913,912,,1.388888888888884,3.298611111111116,7.204861111111116,5.295138888888884,close,913,11770.0,take_profit,1.5061111111111063,912,11404.8,stop,-1.6640277777777785
2026-09-16,2,opening_rebreak_v1,baseline,71,Top51~100,218410,RFHIC,5.369807497467072,False,5~7%,0.37243947858473,0.3~0.5%,909,53900.0,1.465679248287944,1.0~1.5x,1.4766375978078539,1.2~1.5x,09:03~09:10,0.0,910,-3.3395176252319136,911,,,910,910,-2.0408163265306145,-2.0408163265306145,-1.1131725417439675,-2.5974025974025983,close,910,52800.0,stop,-3.1984601113172566,910,53361.0,stop,-2.157643784786643
2026-09-17,2,opening_rebreak_v1,baseline,11,Top1~20,004310,현대약품,3.1093279839518484,False,3~4%,0.3714020427112349,0.3~0.5%,912,11120.0,2.0845220772992876,2.0x+,2.1574634424732873,2.0x+,09:11~09:20,5.665467625899279,917,-4.856115107913672,942,913,916,927,937,4.316546762589923,2.517985611510798,0.26978417266187993,-4.496402877697847,close,913,11300.0,take_profit,0.9390647482014288,913,11286.8,take_profit,0.8203597122302061
2026-09-17,2,opening_rebreak_v1,baseline,31,Top21~50,007660,이수페타시스,5.947955390334569,False,5~7%,0.3472222222222222,0.3~0.5%,910,115700.0,1.917129801160924,1.5~2.0x,1.9321595644104432,1.5~2.0x,09:03~09:10,0.7778738115816752,912,-3.111495246326712,930,,,913,923,-1.728608470181503,-1.037165082108904,-2.3336214347450257,-2.3336214347450257,close,914,113700.0,stop,-2.390760587726879,913,114543.0,stop,-1.6621521175453768
2026-09-17,2,opening_rebreak_v1,baseline,41,Top21~50,327260,RF머트리얼즈,5.310734463276834,False,5~7%,0.5165289256198348,0.5~0.7%,923,48900.0,1.59380902817933,1.5~2.0x,1.6186347139765158,1.5~2.0x,09:21~09:30,0.9202453987730008,925,-3.0674846625766916,932,,,925,928,-0.5112474437627856,-2.0449897750511203,-1.0224948875255602,0.2044989775051187,close,925,48350.0,stop,-1.8659918200409007,925,48411.0,stop,-1.741247443762782
2026-09-17,2,opening_rebreak_v1,baseline,68,Top51~100,047050,포스코인터내셔널,3.8321167883211604,False,3~4%,0.6872852233676976,0.5~0.7%,929,58600.0,4.393896713615024,2.0x+,4.454711893042221,2.0x+,09:21~09:30,0.5119453924914641,930,-1.8771331058020424,938,,,934,,-1.1945392491467532,-1.3651877133105783,-1.1945392491467532,-1.1945392491467532,close,930,58600.0,time_exit,-1.0832423208191126,930,58600.0,time_exit,-1.0832423208191126
2026-09-17,2,opening_rebreak_v1,baseline,79,Top51~100,217590,티엠씨,2.0516717325227862,False,2~3%,0.8583690987124464,0.7~1.0%,926,14250.0,7.105107626179523,2.0x+,7.396590887505387,2.0x+,09:21~09:30,0.6315789473684275,927,-4.561403508771933,952,,,928,929,-3.087719298245617,-2.5263157894736876,-3.228070175438591,-2.947368421052632,close,928,14080.0,stop,-1.7738596491228018,928,14107.5,stop,-1.580877192982457
2026-09-17,2,opening_rebreak_v1,baseline,85,Top51~100,014950,삼익제약,2.44140625,False,2~3%,0.7568590350047304,0.7~1.0%,913,10710.0,2.9898807947019868,2.0x+,3.052585635010322,2.0x+,09:11~09:20,1.21381886087768,917,-7.096171802054152,943,917,,915,919,-0.7469654528478031,-3.1746031746031744,-4.0149393090569525,-7.002801120448177,close,919,10500.0,stop,-2.657637721755373,915,10602.9,stop,-1.6968534080298796
2026-09-17,2,opening_rebreak_v1,baseline,92,Top51~100,483650,달바글로벌,3.2479700187382887,False,3~4%,0.7125890736342043,0.7~1.0%,913,169300.0,1.6691772885283893,1.5~2.0x,1.6850878079410196,1.5~2.0x,09:11~09:20,1.7129356172474797,943,-0.17720023626698334,914,921,,,,0.0,1.3585351447135352,0.8860011813349056,1.594802126402839,close,930,170900.0,time_exit,0.4197341996456009,923,171839.49999999997,take_profit,0.9746662728883541
2026-09-18,2,opening_rebreak_v1,baseline,7,Top1~20,043260,성호전자,3.009259259259256,False,3~4%,0.4444444444444444,0.3~0.5%,907,23200.0,1.9048257765659586,1.5~2.0x,1.9728552685861716,1.5~2.0x,09:03~09:10,6.68103448275863,932,-1.93965517241379,909,913,913,909,,0.4310344827586299,3.4482758620689724,5.603448275862077,4.741379310344818,close,909,22900.0,stop,-2.6006896551724195,909,22968.0,stop,-2.307586206896553
2026-09-18,2,opening_rebreak_v1,baseline,26,Top21~50,046970,우리로,2.279202279202286,False,2~3%,0.4608294930875576,0.3~0.5%,925,8770.0,3.08865612817547,2.0x+,3.13512896343737,2.0x+,09:21~09:30,1.36830102622576,934,-3.9908779931584926,954,934,,926,928,-0.7981755986317007,-0.22805017103763037,-2.394526795895102,-2.736602052451542,close,926,8670.0,stop,-1.9403762827822115,926,8682.3,stop,-1.8001254275940828
2026-09-18,2,opening_rebreak_v1,baseline,29,Top21~50,047040,대우건설,2.217414818820984,False,2~3%,0.36726128016789084,0.3~0.5%,923,19240.0,3.010052405907575,2.0x+,3.0460209169483474,2.0x+,09:21~09:30,1.7151767151767139,946,-0.5717255717255676,928,940,,,,-0.31185031185031464,0.20790020790020236,1.455301455301461,1.1954261954261858,close,930,19215.0,time_exit,-0.6198128898128864,930,19215.0,time_exit,-0.6198128898128864
2026-09-18,2,opening_rebreak_v1,baseline,33,Top21~50,005690,파미셀,5.354058721934374,False,5~7%,0.3139717425431711,0.3~0.5%,909,12950.0,1.184210423830795,1.0~1.5x,1.2075216526463617,1.2~1.5x,09:03~09:10,6.7181467181467225,938,0.07722007722008595,910,910,911,,,4.015444015444025,1.5444015444015413,3.8610038610038533,5.791505791505802,close,910,13180.0,take_profit,1.1599613899613908,910,13144.249999999998,take_profit,0.8838996138996041
2026-09-18,2,opening_rebreak_v1,baseline,43,Top21~50,218410,RFHIC,2.9962546816479474,False,2~3%,0.7029876977152899,0.7~1.0%,911,57800.0,1.7605350208543076,1.5~2.0x,1.8010429062898934,1.5~2.0x,09:11~09:20,2.941176470588225,934,-1.903114186851207,924,913,932,919,,0.17301038062282892,-1.557093425605538,1.384083044982698,1.730103806228378,close,919,57100.0,stop,-2.306124567474045,919,57222.0,stop,-2.0950519031141877
2026-09-18,2,opening_rebreak_v1,baseline,54,Top51~100,356680,엑스게이트,3.8840579710144985,False,3~4%,0.3856749311294766,0.3~0.5%,909,18330.0,1.6263972067426642,1.5~2.0x,1.6488861061721811,1.5~2.0x,09:03~09:10,0.3818876159301654,910,-3.6006546644844484,922,,,911,919,-0.6546644844517169,-2.2913256955810146,-2.564102564102566,-3.327877795962897,close,911,18010.0,stop,-2.248548827059461,911,18146.7,stop,-1.5027768685215501
2026-09-18,2,opening_rebreak_v1,baseline,71,Top51~100,069540,빛과전자,2.564102564102555,False,2~3%,0.591715976331361,0.5~0.7%,921,4235.0,1.2606207218513736,1.0~1.5x,1.2711258945334682,1.2~1.5x,09:21~09:30,0.0,922,-2.007083825265643,927,,,924,927,-0.9445100354191216,-1.1806375442739103,-1.5348288075560768,-1.6528925619834656,close,924,4190.0,stop,-1.8828925619834753,924,4192.65,stop,-1.8203187721369658
2026-09-18,2,opening_rebreak_v1,baseline,84,Top51~100,103590,일진전기,2.4216524216524205,False,2~3%,0.5524861878453038,0.5~0.7%,913,72500.0,2.330880188401531,2.0x+,2.338384819715176,2.0x+,09:11~09:20,4.413793103448271,943,-0.13793103448276334,914,916,919,,,1.6551724137930934,2.758620689655178,2.206896551724147,4.137931034482767,close,916,73600.0,take_profit,0.5975862068965592,916,73587.5,take_profit,0.5803448275861971
2026-09-21,2,opening_rebreak_v1,baseline,11,Top1~20,386380,스카이랩스,3.9094650205761416,False,3~4%,0.9523809523809524,0.7~1.0%,912,21150.0,5.050607032773479,2.0x+,5.135593208805726,2.0x+,09:11~09:20,10.63829787234043,942,-1.654846335697402,913,914,914,913,,5.200945626477549,1.6548463356973908,6.85579196217494,10.165484633569744,close,914,21600.0,take_profit,0.7156264775413632,913,20938.5,stop,-2.4120330969267147
2026-09-21,2,opening_rebreak_v1,baseline,42,Top21~50,041190,우리기술투자,5.156537753222845,False,5~7%,0.8950366151342555,0.7~1.0%,926,6200.0,3.719223200474299,2.0x+,3.8042444962603494,2.0x+,09:21~09:30,0.4838709677419395,927,-4.193548387096779,933,,,927,927,-2.4193548387096753,-3.8709677419354827,-2.0967741935483897,-2.741935483870972,close,927,6100.0,stop,-2.6493548387096757,927,6138.0,stop,-2.0364516129032264
2026-09-21,2,opening_rebreak_v1,baseline,61,Top51~100,462860,더즌,3.435114503816794,False,3~4%,0.7739938080495357,0.7~1.0%,914,3355.0,1.3544867395244884,1.0~1.5x,1.4178792546348389,1.2~1.5x,09:11~09:20,1.4903129657227954,926,-4.023845007451565,918,926,,915,917,-1.4903129657228065,-1.9374068554396384,0.5961251862891315,-1.1922503725782407,close,916,3295.0,stop,-2.763532041728762,915,3321.45,stop,-1.9751564828614017
2026-09-22,2,opening_rebreak_v1,baseline,1,Top1~20,000660,SK하이닉스,2.1948608137045023,False,2~3%,0.3367875647668394,0.3~0.5%,910,1933000.0,2.1598037712708877,2.0x+,2.167512820671698,2.0x+,09:03~09:10,0.10346611484739476,911,-0.6725297465080216,925,,,,,-0.3103983445421621,-0.2586652871184647,-0.2586652871184647,0.0,close,930,1928000.0,time_exit,-0.7473305742369334,930,1928000.0,time_exit,-0.7473305742369334
2026-09-22,2,opening_rebreak_v1,baseline,12,Top1~20,001440,대한전선,2.6936026936027035,False,2~3%,0.4716981132075472,0.3~0.5%,912,32250.0,4.497682828353755,2.0x+,4.606760588264572,2.0x+,09:11~09:20,3.7209302325581506,918,-0.31007751937984773,939,913,914,,,3.4108527131782918,1.5503875968992276,2.3255813953488413,0.46511627906977715,close,914,32875.0,take_profit,0.932790697674422,914,32733.749999999996,take_profit,0.4948062015503778
2026-09-22,2,opening_rebreak_v1,baseline,13,Top1~20,222800,심텍,6.044376434583021,False,5~7%,0.3364737550471063,0.3~0.5%,907,148700.0,1.5095544939451173,1.5~2.0x,1.5156701772426666,1.5~2.0x,09:03~09:10,4.572965702757226,937,-0.470746469401484,924,908,909,,,2.622730329522538,2.084734364492258,0.672494956287828,4.438466711499656,close,909,151900.0,take_profit,1.58573638197714,909,150930.5,take_profit,0.9337525218560763
2026-09-22,2,opening_rebreak_v1,baseline,32,Top21~50,011070,LG이노텍,3.6608863198458463,False,3~4%,0.3629764065335753,0.3~0.5%,909,555500.0,3.6736842105263157,2.0x+,3.7171795609241682,2.0x+,09:03~09:10,0.4500450045004545,913,-1.5301530153015275,924,,,923,,0.36003600360035026,-0.09000900090009312,-0.09000900090009312,0.09000900090008201,close,924,548000.0,stop,-2.4802250225022524,923,549945.0,stop,-2.130090009000901
2026-09-22,2,opening_rebreak_v1,baseline,41,Top21~50,006340,대원전선,2.4372230428360453,False,2~3%,0.49435028248587576,0.3~0.5%,912,14250.0,1.5288434470255723,1.5~2.0x,1.5462043378363666,1.5~2.0x,09:11~09:20,2.807017543859658,918,-0.5614035087719293,937,913,914,,,2.2456140350877174,1.473684210526316,0.9122807017543755,-0.35087719298245723,close,914,14500.0,take_profit,1.17350877192983,914,14463.749999999998,take_profit,0.9191228070175341
2026-09-22,2,opening_rebreak_v1,baseline,48,Top21~50,010120,LS ELECTRIC,2.392344497607657,False,2~3%,0.4629629629629629,0.3~0.5%,910,216500.0,3.3700866089273815,2.0x+,3.3882927398992098,2.0x+,09:03~09:10,0.9237875288683695,919,-1.1547344110854452,916,,,916,,-0.2309468822170868,0.4618937644341736,-0.2309468822170868,0.0,close,930,216000.0,time_exit,-1.615681293302537,916,214335.0,stop,-2.384734411085451
2026-09-22,2,opening_rebreak_v1,baseline,67,Top51~100,006800,미래에셋증권,2.1909233176838905,False,2~3%,0.44510385756676557,0.3~0.5%,912,33950.0,4.662805594106971,2.0x+,4.718397911175311,2.0x+,09:11~09:20,2.356406480117812,923,-1.178203240058906,941,919,922,939,,0.8836524300441795,1.767304860088359,0.44182621502208974,-0.7363770250368162,close,921,34600.0,take_profit,0.9482032400589034,920,34459.25,take_profit,0.5336229749631715
2026-09-22,2,opening_rebreak_v1,baseline,75,Top51~100,024840,KBI메탈,2.377179080824088,False,2~3%,0.5891016200294551,0.5~0.7%,922,6990.0,10.959065681529228,2.0x+,11.51436474706877,2.0x+,09:21~09:30,1.4306151645207432,923,-5.150214592274683,938,923,,925,925,0.8583690987124415,-2.288984263233196,-4.864091559370531,-4.43490701001431,close,925,6890.0,stop,-2.3759227467811153,925,6920.1,stop,-1.9453075822603618
2026-09-22,2,opening_rebreak_v1,baseline,76,Top51~100,267260,HD현대일렉트릭,2.1008403361344463,False,2~3%,0.5457025920873124,0.5~0.7%,917,735000.0,4.717015468607825,2.0x+,4.744633982638971,2.0x+,09:11~09:20,0.40816326530612734,919,-0.8163265306122436,947,,,,,0.0,0.0,-0.1360544217687054,-0.8163265306122436,close,930,733000.0,time_exit,-1.182380952380948,930,733000.0,time_exit,-1.182380952380948
2026-09-22,2,opening_rebreak_v1,baseline,77,Top51~100,103590,일진전기,3.013698630136985,False,3~4%,0.7682458386683738,0.7~1.0%,925,78400.0,1.5848214285714286,1.5~2.0x,1.6009683926016618,1.5~2.0x,09:21~09:30,0.12755102040815647,926,-1.913265306122447,939,,,927,,-1.1479591836734748,0.0,-1.4030612244897989,-0.7653061224489832,close,927,77500.0,stop,-2.0157142857142913,927,77616.0,stop,-1.8677551020408172
2026-09-22,2,opening_rebreak_v1,baseline,79,Top51~100,052710,아모텍,4.970414201183426,False,4~5%,0.7046070460704607,0.7~1.0%,906,18590.0,1.3076072988948857,1.0~1.5x,1.3268788038458474,1.2~1.5x,09:03~09:10,5.970952124798279,936,-5.3254437869822535,918,908,927,908,909,-0.8606777837547042,-3.9806347498655192,1.3448090371167343,5.755782678859611,close,908,18350.0,stop,-1.7899784830554077,908,18404.1,stop,-1.498961807423358
2026-09-22,2,opening_rebreak_v1,baseline,92,Top51~100,440110,파두,3.8167938931297662,False,3~4%,0.8534850640113799,0.7~1.0%,916,71700.0,4.579211345555171,2.0x+,4.710609088612708,2.0x+,09:11~09:20,0.4184100418409997,936,-3.4867503486750384,921,,,917,919,-2.3709902370990243,-2.789400278940024,0.2789400278939924,-1.2552301255230103,close,917,70500.0,stop,-2.600990237099028,917,70983.0,stop,-1.9273500697350079
2026-09-22,2,opening_rebreak_v1,baseline,95,Top51~100,420770,기가비스,4.913557779799826,False,4~5%,0.33500837520938026,0.3~0.5%,910,119500.0,4.198329853862213,2.0x+,4.215969895264996,2.0x+,09:03~09:10,2.0083682008368298,940,-2.0083682008368187,916,930,940,915,916,-0.6694560669456062,-0.6694560669456062,1.0041841004184038,1.673640167364021,close,916,117300.0,stop,-2.4894142259414185,915,118305.0,stop,-1.648410041841005
2026-09-22,2,opening_rebreak_v1,baseline,96,Top51~100,119850,지엔씨에너지,3.2504780114722687,False,3~4%,0.546448087431694,0.5~0.7%,906,55400.0,3.4096657633242997,2.0x+,3.4596242360470004,2.0x+,09:03~09:10,2.707581227436817,910,0.0,907,908,910,,,1.6245487364620947,0.902527075812265,0.5415162454873723,0.5415162454873723,close,911,56300.0,take_profit,0.49202166064982045,910,56230.99999999999,take_profit,0.36747292418771593
2026-09-23,2,opening_rebreak_v1,baseline,3,Top1~20,005935,삼성전자우,2.6004728132387633,False,2~3%,0.684931506849315,0.5~0.7%,929,219750.0,4.592728414027785,2.0x+,4.630243796968471,2.0x+,09:21~09:30,0.11376564277587597,930,-0.5688282138794132,953,,,,,-0.11376564277588708,-0.34129692832765013,-0.22753128555176305,-0.4550625711035261,close,930,220000.0,time_exit,-1.2538907849829408,930,220000.0,time_exit,-1.2538907849829408
2026-09-23,2,opening_rebreak_v1,baseline,8,Top1~20,240810,원익IPS,2.609363008442056,False,2~3%,0.7790368271954674,0.7~1.0%,925,142600.0,2.339013259161243,2.0x+,2.3889868452592435,2.0x+,09:21~09:30,1.051893408134652,927,-5.68022440392707,955,927,,932,934,-0.14025245441795509,-2.5946704067321136,-3.3660589060308554,-5.469845722300137,close,930,142400.0,time_exit,-0.7208835904628359,930,142400.0,time_exit,-0.7208835904628359
2026-09-23,2,opening_rebreak_v1,baseline,9,Top1~20,356680,엑스게이트,5.985489721886328,False,5~7%,0.8298755186721992,0.7~1.0%,910,19500.0,1.8053339610351922,1.5~2.0x,1.8412140292984438,1.5~2.0x,09:03~09:10,2.3076923076922995,923,-2.2564102564102573,912,921,922,912,912,-0.7179487179487132,-1.4358974358974375,-0.9743589743589798,-1.0769230769230753,close,912,19250.0,stop,-1.7684615384615339,912,19305.0,stop,-1.4864102564102573
2026-09-23,2,opening_rebreak_v1,baseline,29,Top21~50,009830,한화솔루션,2.1857923497267784,False,2~3%,0.5263157894736842,0.5~0.7%,913,28600.0,1.3900795361046898,1.0~1.5x,1.3999898315451271,1.2~1.5x,09:11~09:20,3.1468531468531458,918,-0.34965034965035446,914,916,917,,,3.1468531468531458,2.622377622377625,1.9230769230769162,2.622377622377625,close,917,29200.0,take_profit,0.9937762237762304,917,29028.999999999996,take_profit,0.3958741258741161
2026-09-23,2,opening_rebreak_v1,baseline,43,Top21~50,010060,OCI홀딩스,3.670212765957448,False,3~4%,0.7444168734491315,0.7~1.0%,909,202500.0,1.6795335745878568,1.5~2.0x,1.7005277442702051,1.5~2.0x,09:03~09:10,1.975308641975304,915,-1.2839506172839465,911,915,,910,,0.24691358024691024,1.4814814814814836,0.9876543209876631,0.0,close,911,200250.0,stop,-2.5756790123456748,910,200475.0,stop,-2.4645679012345685
2026-09-23,2,opening_rebreak_v1,baseline,52,Top51~100,319660,피에스케이,2.673796791443861,False,2~3%,0.36656891495601174,0.3~0.5%,923,138700.0,2.6815547221275144,2.0x+,2.7368038260418417,2.0x+,09:21~09:30,1.5140591204037435,927,-1.8024513338139925,952,927,,948,,0.6488824801730297,0.36049026676279183,-0.14419610670511895,-1.7303532804614274,close,930,140300.0,time_exit,0.5630785868781543,927,140780.5,take_profit,0.9095097332371929
2026-09-28,2,opening_rebreak_v1,baseline,25,Top21~50,010060,OCI홀딩스,5.0970873786407855,False,5~7%,0.6535947712418301,0.5~0.7%,916,230000.0,2.079245283018868,2.0x+,2.09748427672956,2.0x+,09:11~09:20,0.43478260869564966,917,-2.1739130434782594,927,,,920,927,-0.43478260869564966,-1.7391304347826098,0.0,-0.43478260869564966,close,923,227500.0,stop,-2.4039130434782656,920,227700.0,stop,-2.3169565217391312
2026-09-28,2,opening_rebreak_v1,baseline,31,Top21~50,178320,서진시스템,4.3545878693623585,False,4~5%,0.7102272727272727,0.7~1.0%,910,35400.0,2.182800397219464,2.0x+,2.2109051233639203,2.0x+,09:03~09:10,6.073446327683607,924,-0.7062146892655385,912,913,914,,,3.248587570621475,5.36723163841808,3.248587570621475,3.3898305084745672,close,914,36200.0,take_profit,1.3236723163841821,913,35931.0,take_profit,0.5637853107344535
2026-09-30,2,opening_rebreak_v1,baseline,18,Top1~20,043260,성호전자,5.496828752642702,False,5~7%,0.398406374501992,0.3~0.5%,914,25350.0,1.3798399912697707,1.0~1.5x,1.3947790333142134,1.2~1.5x,09:11~09:20,5.719921104536496,921,-0.7889546351084853,915,917,918,,,4.339250493096647,1.775147928994092,0.591715976331364,3.5502958579881616,close,918,26150.0,take_profit,1.9396252465483173,918,25730.249999999996,take_profit,0.2838067061143885
2026-09-30,2,opening_rebreak_v1,baseline,54,Top51~100,010140,삼성중공업,2.1727884117951346,False,2~3%,0.4975124378109453,0.3~0.5%,916,20150.0,5.1161118924832,2.0x+,5.154482731676825,2.0x+,09:11~09:20,0.0,917,-1.488833746898266,929,,,925,,-0.7444168734491274,-0.992555831265507,-0.496277915632759,-1.3399503722084316,close,925,19930.0,stop,-2.562506203473949,925,19948.5,stop,-2.470694789081887
2026-09-30,2,opening_rebreak_v1,baseline,66,Top51~100,417200,LS머트리얼즈,2.450229709035212,False,2~3%,0.4158004158004158,0.3~0.5%,925,14610.0,2.6301307960736073,2.0x+,2.6740578239829786,2.0x+,09:21~09:30,0.3422313483915085,926,-2.6694045174537995,941,,,928,932,-1.9164955509924697,-0.6844626967830281,-1.9849418206707714,-1.3004791238877433,close,928,14450.0,stop,-1.667371663244351,928,14463.9,stop,-1.5722313483915136
2026-09-30,2,opening_rebreak_v1,baseline,75,Top51~100,327260,RF머트리얼즈,3.4836065573770503,False,3~4%,0.9487666034155597,0.7~1.0%,929,52800.0,3.0753381566530353,2.0x+,3.1106868710973234,2.0x+,09:21~09:30,1.325757575757569,932,-4.1666666666666625,954,932,,944,947,0.37878787878788955,-0.5681818181818232,-2.2727272727272707,-3.0303030303030276,close,930,52900.0,time_exit,-0.9875757575757522,930,52900.0,time_exit,-0.9875757575757522
2026-09-30,2,opening_rebreak_v1,baseline,86,Top51~100,089970,브이엠,3.2786885245901676,False,3~4%,0.45662100456621,0.3~0.5%,907,65800.0,1.6531817510704268,1.5~2.0x,1.663292954440888,1.5~2.0x,09:03~09:10,1.823708206686936,927,-1.6717325227963542,912,923,,910,,-1.5197568389057725,-0.911854103343468,1.6717325227963542,-0.1519756838905817,close,911,65000.0,stop,-2.205683890577508,910,65142.0,stop,-1.9898784194528885
